connection_id,pre,post,connection_class,connection_source,anatomical_weight,cook_weight,fenyves_weight,weight_source,fenyves_polarity_raw,effective_polarity,polarity_policy,active_in_v0,pre_is_neuron,post_is_neuron,has_cook_si5_connection,has_fenyves_sign_row,scored_contact_count,has_scored_contact
ADAL__ADAL,ADAL,ADAL,neuron_to_neuron,cook_si5_and_fenyves,6.0,6.0,6.0,Cook2019_SI5,no pred,-,fenyves_no_pred_default_inhibitory,True,True,True,True,True,1.0,True
ADAL__ADLL,ADAL,ADLL,neuron_to_neuron,cook_si5_and_fenyves,2.0,2.0,2.0,Cook2019_SI5,no pred,-,fenyves_no_pred_default_inhibitory,True,True,True,True,True,2.0,True
ADAL__AIAL,ADAL,AIAL,neuron_to_neuron,cook_si5_and_fenyves,2.0,2.0,2.0,Cook2019_SI5,complex,complex,fenyves_sign_prediction,True,True,True,True,True,0.0,False
ADAL__AIBL,ADAL,AIBL,neuron_to_neuron,cook_si5_and_fenyves,2.0,2.0,2.0,Cook2019_SI5,+,+,fenyves_sign_prediction,True,True,True,True,True,1.0,True
ADAL__AIBR,ADAL,AIBR,neuron_to_neuron,cook_si5_and_fenyves,2.0,2.0,2.0,Cook2019_SI5,+,+,fenyves_sign_prediction,True,True,True,True,True,2.0,True
ADAL__AVAL,ADAL,AVAL,neuron_to_neuron,cook_si5_and_fenyves,3.0,3.0,3.0,Cook2019_SI5,+,+,fenyves_sign_prediction,True,True,True,True,True,2.0,True
ADAL__AVAR,ADAL,AVAR,neuron_to_neuron,cook_si5_and_fenyves,7.0,7.0,7.0,Cook2019_SI5,+,+,fenyves_sign_prediction,True,True,True,True,True,1.0,True
ADAL__AVBL,ADAL,AVBL,neuron_to_neuron,cook_si5_and_fenyves,5.0,5.0,5.0,Cook2019_SI5,+,+,fenyves_sign_prediction,True,True,True,True,True,5.0,True
ADAL__AVBR,ADAL,AVBR,neuron_to_neuron,cook_si5_and_fenyves,21.0,21.0,21.0,Cook2019_SI5,+,+,fenyves_sign_prediction,True,True,True,True,True,7.0,True
ADAL__AVDL,ADAL,AVDL,neuron_to_neuron,cook_si5_and_fenyves,1.0,1.0,1.0,Cook2019_SI5,+,+,fenyves_sign_prediction,True,True,True,True,True,1.0,True
ADAL__AVDR,ADAL,AVDR,neuron_to_neuron,cook_si5_and_fenyves,2.0,2.0,2.0,Cook2019_SI5,+,+,fenyves_sign_prediction,True,True,True,True,True,2.0,True
ADAL__AVEL,ADAL,AVEL,neuron_to_neuron,cook_si5_and_fenyves,3.0,3.0,3.0,Cook2019_SI5,+,+,fenyves_sign_prediction,True,True,True,True,True,2.0,True
ADAL__AVJR,ADAL,AVJR,neuron_to_neuron,cook_si5_and_fenyves,11.0,11.0,11.0,Cook2019_SI5,+,+,fenyves_sign_prediction,True,True,True,True,True,10.0,True
ADAL__PVPL,ADAL,PVPL,neuron_to_neuron,cook_si5_and_fenyves,1.0,1.0,1.0,Cook2019_SI5,no pred,-,fenyves_no_pred_default_inhibitory,True,True,True,True,True,1.0,True
ADAL__RICL,ADAL,RICL,neuron_to_neuron,cook_si5_and_fenyves,3.0,3.0,3.0,Cook2019_SI5,+,+,fenyves_sign_prediction,True,True,True,True,True,3.0,True
ADAL__RICR,ADAL,RICR,neuron_to_neuron,cook_si5_and_fenyves,1.0,1.0,1.0,Cook2019_SI5,+,+,fenyves_sign_prediction,True,True,True,True,True,1.0,True
ADAL__RID,ADAL,RID,neuron_to_neuron,fenyves_only,1.0,,1.0,Fenyves2020_only,no pred,-,fenyves_no_pred_default_inhibitory,True,True,True,False,True,0.0,False
ADAL__RIML,ADAL,RIML,neuron_to_neuron,cook_si5_and_fenyves,9.0,9.0,9.0,Cook2019_SI5,complex,complex,fenyves_sign_prediction,True,True,True,True,True,4.0,True
ADAL__RIPL,ADAL,RIPL,neuron_to_neuron,cook_si5_and_fenyves,4.0,4.0,4.0,Cook2019_SI5,no pred,-,fenyves_no_pred_default_inhibitory,True,True,True,True,True,2.0,True
ADAL__SMDVR,ADAL,SMDVR,neuron_to_neuron,cook_si5_and_fenyves,3.0,3.0,3.0,Cook2019_SI5,+,+,fenyves_sign_prediction,True,True,True,True,True,3.0,True
ADAL__URAVL,ADAL,URAVL,neuron_to_neuron,cook_si5_and_fenyves,1.0,1.0,1.0,Cook2019_SI5,+,+,fenyves_sign_prediction,True,True,True,True,True,1.0,True
ADAL__URXL,ADAL,URXL,neuron_to_neuron,cook_si5_and_fenyves,2.0,2.0,2.0,Cook2019_SI5,no pred,-,fenyves_no_pred_default_inhibitory,True,True,True,True,True,1.0,True
ADAR__AIBL,ADAR,AIBL,neuron_to_neuron,cook_si5_and_fenyves,1.0,1.0,1.0,Cook2019_SI5,+,+,fenyves_sign_prediction,True,True,True,True,True,1.0,True
ADAR__AIBR,ADAR,AIBR,neuron_to_neuron,cook_si5_and_fenyves,3.0,3.0,3.0,Cook2019_SI5,+,+,fenyves_sign_prediction,True,True,True,True,True,2.0,True
ADAR__ASHR,ADAR,ASHR,neuron_to_neuron,cook_si5_and_fenyves,2.0,2.0,2.0,Cook2019_SI5,no pred,-,fenyves_no_pred_default_inhibitory,True,True,True,True,True,2.0,True
ADAR__AVAR,ADAR,AVAR,neuron_to_neuron,cook_si5_and_fenyves,8.0,8.0,8.0,Cook2019_SI5,+,+,fenyves_sign_prediction,True,True,True,True,True,6.0,True
ADAR__AVBL,ADAR,AVBL,neuron_to_neuron,cook_si5_and_fenyves,8.0,8.0,8.0,Cook2019_SI5,+,+,fenyves_sign_prediction,True,True,True,True,True,2.0,True
ADAR__AVBR,ADAR,AVBR,neuron_to_neuron,cook_si5_and_fenyves,15.0,15.0,15.0,Cook2019_SI5,+,+,fenyves_sign_prediction,True,True,True,True,True,8.0,True
ADAR__AVDL,ADAR,AVDL,neuron_to_neuron,cook_si5_and_fenyves,2.0,2.0,2.0,Cook2019_SI5,+,+,fenyves_sign_prediction,True,True,True,True,True,1.0,True
ADAR__AVDR,ADAR,AVDR,neuron_to_neuron,cook_si5_and_fenyves,3.0,3.0,3.0,Cook2019_SI5,+,+,fenyves_sign_prediction,True,True,True,True,True,2.0,True
ADAR__AVEL,ADAR,AVEL,neuron_to_neuron,cook_si5_and_fenyves,1.0,1.0,1.0,Cook2019_SI5,+,+,fenyves_sign_prediction,True,True,True,True,True,1.0,True
ADAR__AVJL,ADAR,AVJL,neuron_to_neuron,cook_si5_and_fenyves,13.0,13.0,13.0,Cook2019_SI5,+,+,fenyves_sign_prediction,True,True,True,True,True,8.0,True
ADAR__PVR,ADAR,PVR,neuron_to_neuron,cook_si5_and_fenyves,6.0,6.0,6.0,Cook2019_SI5,no pred,-,fenyves_no_pred_default_inhibitory,True,True,True,True,True,0.0,False
ADAR__RIFR,ADAR,RIFR,neuron_to_neuron,cook_si5_and_fenyves,1.0,1.0,1.0,Cook2019_SI5,+,+,fenyves_sign_prediction,True,True,True,True,True,1.0,True
ADAR__RIMR,ADAR,RIMR,neuron_to_neuron,cook_si5_and_fenyves,15.0,15.0,15.0,Cook2019_SI5,complex,complex,fenyves_sign_prediction,True,True,True,True,True,6.0,True
ADAR__RIPR,ADAR,RIPR,neuron_to_neuron,cook_si5_and_fenyves,9.0,9.0,9.0,Cook2019_SI5,no pred,-,fenyves_no_pred_default_inhibitory,True,True,True,True,True,4.0,True
ADAR__RIVR,ADAR,RIVR,neuron_to_neuron,cook_si5_and_fenyves,5.0,5.0,5.0,Cook2019_SI5,no pred,-,fenyves_no_pred_default_inhibitory,True,True,True,True,True,1.0,True
ADAR__SMDVL,ADAR,SMDVL,neuron_to_neuron,cook_si5_and_fenyves,1.0,1.0,1.0,Cook2019_SI5,+,+,fenyves_sign_prediction,True,True,True,True,True,1.0,True
ADAR__URXR,ADAR,URXR,neuron_to_neuron,cook_si5_and_fenyves,2.0,2.0,2.0,Cook2019_SI5,no pred,-,fenyves_no_pred_default_inhibitory,True,True,True,True,True,1.0,True
ADAR__URYDR,ADAR,URYDR,neuron_to_neuron,cook_si5_and_fenyves,2.0,2.0,2.0,Cook2019_SI5,+,+,fenyves_sign_prediction,True,True,True,True,True,1.0,True
ADEL__ADAL,ADEL,ADAL,neuron_to_neuron,cook_si5_and_fenyves,1.0,1.0,1.0,Cook2019_SI5,no pred,-,fenyves_no_pred_default_inhibitory,True,True,True,True,True,1.0,True
ADEL__ADEL,ADEL,ADEL,neuron_to_neuron,cook_si5_only,2.0,2.0,,Cook2019_SI5,,-,missing_fenyves_default_inhibitory,True,True,True,True,False,2.0,True
ADEL__ADER,ADEL,ADER,neuron_to_neuron,cook_si5_and_fenyves,5.0,5.0,5.0,Cook2019_SI5,no pred,-,fenyves_no_pred_default_inhibitory,True,True,True,True,True,3.0,True
ADEL__ALML,ADEL,ALML,neuron_to_neuron,cook_si5_and_fenyves,1.0,1.0,1.0,Cook2019_SI5,no pred,-,fenyves_no_pred_default_inhibitory,True,True,True,True,True,1.0,True
ADEL__AVAL,ADEL,AVAL,neuron_to_neuron,cook_si5_and_fenyves,7.0,7.0,7.0,Cook2019_SI5,no pred,-,fenyves_no_pred_default_inhibitory,True,True,True,True,True,1.0,True
ADEL__AVAR,ADEL,AVAR,neuron_to_neuron,cook_si5_and_fenyves,9.0,9.0,9.0,Cook2019_SI5,no pred,-,fenyves_no_pred_default_inhibitory,True,True,True,True,True,3.0,True
ADEL__AVDL,ADEL,AVDL,neuron_to_neuron,cook_si5_and_fenyves,2.0,2.0,2.0,Cook2019_SI5,no pred,-,fenyves_no_pred_default_inhibitory,True,True,True,True,True,1.0,True
ADEL__AVEL,ADEL,AVEL,neuron_to_neuron,cook_si5_and_fenyves,3.0,3.0,3.0,Cook2019_SI5,no pred,-,fenyves_no_pred_default_inhibitory,True,True,True,True,True,2.0,True
ADEL__AVHL,ADEL,AVHL,neuron_to_neuron,cook_si5_and_fenyves,2.0,2.0,2.0,Cook2019_SI5,no pred,-,fenyves_no_pred_default_inhibitory,True,True,True,True,True,1.0,True
ADEL__AVL,ADEL,AVL,neuron_to_neuron,cook_si5_and_fenyves,1.0,1.0,1.0,Cook2019_SI5,no pred,-,fenyves_no_pred_default_inhibitory,True,True,True,True,True,0.0,False
ADEL__BDUL,ADEL,BDUL,neuron_to_neuron,cook_si5_and_fenyves,1.0,1.0,1.0,Cook2019_SI5,no pred,-,fenyves_no_pred_default_inhibitory,True,True,True,True,True,1.0,True
ADEL__CEPDL,ADEL,CEPDL,neuron_to_neuron,cook_si5_and_fenyves,1.0,1.0,1.0,Cook2019_SI5,no pred,-,fenyves_no_pred_default_inhibitory,True,True,True,True,True,1.0,True
ADEL__CEPVL,ADEL,CEPVL,neuron_to_neuron,cook_si5_only,1.0,1.0,,Cook2019_SI5,,-,missing_fenyves_default_inhibitory,True,True,True,True,False,1.0,True
ADEL__FLPL,ADEL,FLPL,neuron_to_neuron,cook_si5_and_fenyves,4.0,4.0,4.0,Cook2019_SI5,no pred,-,fenyves_no_pred_default_inhibitory,True,True,True,True,True,2.0,True
ADEL__IL1L,ADEL,IL1L,neuron_to_neuron,cook_si5_and_fenyves,3.0,3.0,3.0,Cook2019_SI5,no pred,-,fenyves_no_pred_default_inhibitory,True,True,True,True,True,2.0,True
ADEL__IL2L,ADEL,IL2L,neuron_to_neuron,cook_si5_and_fenyves,5.0,5.0,5.0,Cook2019_SI5,no pred,-,fenyves_no_pred_default_inhibitory,True,True,True,True,True,2.0,True
ADEL__OLLL,ADEL,OLLL,neuron_to_neuron,cook_si5_and_fenyves,6.0,6.0,6.0,Cook2019_SI5,no pred,-,fenyves_no_pred_default_inhibitory,True,True,True,True,True,5.0,True
ADEL__RIAL,ADEL,RIAL,neuron_to_neuron,cook_si5_and_fenyves,2.0,2.0,2.0,Cook2019_SI5,no pred,-,fenyves_no_pred_default_inhibitory,True,True,True,True,True,1.0,True
ADEL__RIFL,ADEL,RIFL,neuron_to_neuron,cook_si5_and_fenyves,1.0,1.0,1.0,Cook2019_SI5,no pred,-,fenyves_no_pred_default_inhibitory,True,True,True,True,True,1.0,True
ADEL__RIGL,ADEL,RIGL,neuron_to_neuron,cook_si5_and_fenyves,18.0,18.0,18.0,Cook2019_SI5,no pred,-,fenyves_no_pred_default_inhibitory,True,True,True,True,True,6.0,True
ADEL__RIGR,ADEL,RIGR,neuron_to_neuron,cook_si5_and_fenyves,15.0,15.0,15.0,Cook2019_SI5,no pred,-,fenyves_no_pred_default_inhibitory,True,True,True,True,True,6.0,True
ADEL__RIH,ADEL,RIH,neuron_to_neuron,cook_si5_and_fenyves,3.0,3.0,3.0,Cook2019_SI5,no pred,-,fenyves_no_pred_default_inhibitory,True,True,True,True,True,2.0,True
ADEL__RIVL,ADEL,RIVL,neuron_to_neuron,cook_si5_and_fenyves,2.0,2.0,2.0,Cook2019_SI5,no pred,-,fenyves_no_pred_default_inhibitory,True,True,True,True,True,1.0,True
ADEL__RIVR,ADEL,RIVR,neuron_to_neuron,cook_si5_and_fenyves,2.0,2.0,2.0,Cook2019_SI5,no pred,-,fenyves_no_pred_default_inhibitory,True,True,True,True,True,1.0,True
ADEL__RMDL,ADEL,RMDL,neuron_to_neuron,cook_si5_and_fenyves,11.0,11.0,11.0,Cook2019_SI5,no pred,-,fenyves_no_pred_default_inhibitory,True,True,True,True,True,4.0,True
ADEL__RMER,ADEL,RMER,neuron_to_neuron,cook_si5_and_fenyves,1.0,1.0,1.0,Cook2019_SI5,no pred,-,fenyves_no_pred_default_inhibitory,True,True,True,True,True,3.0,True
ADEL__RMGL,ADEL,RMGL,neuron_to_neuron,cook_si5_and_fenyves,7.0,7.0,7.0,Cook2019_SI5,no pred,-,fenyves_no_pred_default_inhibitory,True,True,True,True,True,3.0,True
ADEL__RMHL,ADEL,RMHL,neuron_to_neuron,cook_si5_and_fenyves,1.0,1.0,1.0,Cook2019_SI5,no pred,-,fenyves_no_pred_default_inhibitory,True,True,True,True,True,1.0,True
ADEL__RMHR,ADEL,RMHR,neuron_to_neuron,cook_si5_and_fenyves,2.0,2.0,2.0,Cook2019_SI5,no pred,-,fenyves_no_pred_default_inhibitory,True,True,True,True,True,2.0,True
ADEL__SAADR,ADEL,SAADR,neuron_to_neuron,cook_si5_and_fenyves,1.0,1.0,1.0,Cook2019_SI5,no pred,-,fenyves_no_pred_default_inhibitory,True,True,True,True,True,1.0,True
ADEL__SIADR,ADEL,SIADR,neuron_to_neuron,cook_si5_and_fenyves,2.0,2.0,2.0,Cook2019_SI5,no pred,-,fenyves_no_pred_default_inhibitory,True,True,True,True,True,1.0,True
ADEL__SIBDR,ADEL,SIBDR,neuron_to_neuron,cook_si5_only,2.0,2.0,,Cook2019_SI5,,-,missing_fenyves_default_inhibitory,True,True,True,True,False,0.0,False
ADEL__SIBVR,ADEL,SIBVR,neuron_to_neuron,fenyves_only,2.0,,2.0,Fenyves2020_only,no pred,-,fenyves_no_pred_default_inhibitory,True,True,True,False,True,0.0,False
ADEL__SMBDR,ADEL,SMBDR,neuron_to_neuron,cook_si5_and_fenyves,1.0,1.0,1.0,Cook2019_SI5,no pred,-,fenyves_no_pred_default_inhibitory,True,True,True,True,True,1.0,True
ADEL__SMBVL,ADEL,SMBVL,neuron_to_neuron,cook_si5_and_fenyves,2.0,2.0,2.0,Cook2019_SI5,no pred,-,fenyves_no_pred_default_inhibitory,True,True,True,True,True,1.0,True
ADEL__URBL,ADEL,URBL,neuron_to_neuron,cook_si5_and_fenyves,2.0,2.0,2.0,Cook2019_SI5,no pred,-,fenyves_no_pred_default_inhibitory,True,True,True,True,True,1.0,True
ADEL__VB01,ADEL,VB01,neuron_to_neuron,cook_si5_and_fenyves,2.0,2.0,2.0,Cook2019_SI5,no pred,-,fenyves_no_pred_default_inhibitory,True,True,True,True,True,1.0,True
ADEL__dBWML3,ADEL,dBWML3,neuron_to_non_neuron_or_muscle,cook_si5_only,1.0,1.0,,Cook2019_SI5,,-,missing_fenyves_default_inhibitory,True,True,False,True,False,1.0,True
ADEL__dBWML5,ADEL,dBWML5,neuron_to_non_neuron_or_muscle,cook_si5_only,1.0,1.0,,Cook2019_SI5,,-,missing_fenyves_default_inhibitory,True,True,False,True,False,1.0,True
ADEL__hyp,ADEL,hyp,neuron_to_non_neuron_or_muscle,cook_si5_only,2.0,2.0,,Cook2019_SI5,,-,missing_fenyves_default_inhibitory,True,True,False,True,False,1.0,True
ADEL__vBWML1,ADEL,vBWML1,neuron_to_non_neuron_or_muscle,cook_si5_only,4.0,4.0,,Cook2019_SI5,,-,missing_fenyves_default_inhibitory,True,True,False,True,False,3.0,True
ADER__ADAR,ADER,ADAR,neuron_to_neuron,cook_si5_and_fenyves,1.0,1.0,1.0,Cook2019_SI5,no pred,-,fenyves_no_pred_default_inhibitory,True,True,True,True,True,1.0,True
ADER__ADEL,ADER,ADEL,neuron_to_neuron,cook_si5_and_fenyves,3.0,3.0,3.0,Cook2019_SI5,no pred,-,fenyves_no_pred_default_inhibitory,True,True,True,True,True,1.0,True
ADER__ALNR,ADER,ALNR,neuron_to_neuron,cook_si5_and_fenyves,1.0,1.0,1.0,Cook2019_SI5,no pred,-,fenyves_no_pred_default_inhibitory,True,True,True,True,True,1.0,True
ADER__ASIR,ADER,ASIR,neuron_to_neuron,cook_si5_and_fenyves,1.0,1.0,1.0,Cook2019_SI5,no pred,-,fenyves_no_pred_default_inhibitory,True,True,True,True,True,1.0,True
ADER__AVAL,ADER,AVAL,neuron_to_neuron,cook_si5_and_fenyves,9.0,9.0,9.0,Cook2019_SI5,no pred,-,fenyves_no_pred_default_inhibitory,True,True,True,True,True,5.0,True
ADER__AVAR,ADER,AVAR,neuron_to_neuron,cook_si5_and_fenyves,4.0,4.0,4.0,Cook2019_SI5,no pred,-,fenyves_no_pred_default_inhibitory,True,True,True,True,True,2.0,True
ADER__AVDR,ADER,AVDR,neuron_to_neuron,cook_si5_and_fenyves,5.0,5.0,5.0,Cook2019_SI5,no pred,-,fenyves_no_pred_default_inhibitory,True,True,True,True,True,2.0,True
ADER__AVER,ADER,AVER,neuron_to_neuron,cook_si5_and_fenyves,4.0,4.0,4.0,Cook2019_SI5,no pred,-,fenyves_no_pred_default_inhibitory,True,True,True,True,True,2.0,True
ADER__AVJR,ADER,AVJR,neuron_to_neuron,cook_si5_and_fenyves,1.0,1.0,1.0,Cook2019_SI5,no pred,-,fenyves_no_pred_default_inhibitory,True,True,True,True,True,1.0,True
ADER__CEPDR,ADER,CEPDR,neuron_to_neuron,cook_si5_and_fenyves,5.0,5.0,5.0,Cook2019_SI5,no pred,-,fenyves_no_pred_default_inhibitory,True,True,True,True,True,3.0,True
ADER__CEPVR,ADER,CEPVR,neuron_to_neuron,cook_si5_and_fenyves,1.0,1.0,1.0,Cook2019_SI5,no pred,-,fenyves_no_pred_default_inhibitory,True,True,True,True,True,1.0,True
ADER__CEPshDR,ADER,CEPshDR,neuron_to_non_neuron_or_muscle,cook_si5_only,1.0,1.0,,Cook2019_SI5,,-,missing_fenyves_default_inhibitory,True,True,False,True,False,1.0,True
ADER__FLPL,ADER,FLPL,neuron_to_neuron,cook_si5_and_fenyves,1.0,1.0,1.0,Cook2019_SI5,no pred,-,fenyves_no_pred_default_inhibitory,True,True,True,True,True,1.0,True
ADER__FLPR,ADER,FLPR,neuron_to_neuron,cook_si5_and_fenyves,4.0,4.0,4.0,Cook2019_SI5,no pred,-,fenyves_no_pred_default_inhibitory,True,True,True,True,True,1.0,True
ADER__IL1R,ADER,IL1R,neuron_to_neuron,cook_si5_and_fenyves,1.0,1.0,1.0,Cook2019_SI5,no pred,-,fenyves_no_pred_default_inhibitory,True,True,True,True,True,1.0,True
ADER__IL2R,ADER,IL2R,neuron_to_neuron,cook_si5_and_fenyves,1.0,1.0,1.0,Cook2019_SI5,no pred,-,fenyves_no_pred_default_inhibitory,True,True,True,True,True,1.0,True
ADER__OLLR,ADER,OLLR,neuron_to_neuron,cook_si5_and_fenyves,3.0,3.0,3.0,Cook2019_SI5,no pred,-,fenyves_no_pred_default_inhibitory,True,True,True,True,True,3.0,True
ADER__RIAR,ADER,RIAR,neuron_to_neuron,cook_si5_and_fenyves,1.0,1.0,1.0,Cook2019_SI5,no pred,-,fenyves_no_pred_default_inhibitory,True,True,True,True,True,1.0,True
ADER__RIGL,ADER,RIGL,neuron_to_neuron,cook_si5_and_fenyves,12.0,12.0,12.0,Cook2019_SI5,no pred,-,fenyves_no_pred_default_inhibitory,True,True,True,True,True,9.0,True
ADER__RIGR,ADER,RIGR,neuron_to_neuron,cook_si5_and_fenyves,11.0,11.0,11.0,Cook2019_SI5,no pred,-,fenyves_no_pred_default_inhibitory,True,True,True,True,True,4.0,True
ADER__RMDL,ADER,RMDL,neuron_to_neuron,cook_si5_and_fenyves,1.0,1.0,1.0,Cook2019_SI5,no pred,-,fenyves_no_pred_default_inhibitory,True,True,True,True,True,1.0,True
ADER__RMDR,ADER,RMDR,neuron_to_neuron,cook_si5_and_fenyves,6.0,6.0,6.0,Cook2019_SI5,no pred,-,fenyves_no_pred_default_inhibitory,True,True,True,True,True,6.0,True
ADER__RMGR,ADER,RMGR,neuron_to_neuron,cook_si5_and_fenyves,5.0,5.0,5.0,Cook2019_SI5,no pred,-,fenyves_no_pred_default_inhibitory,True,True,True,True,True,2.0,True
ADER__SMDVR,ADER,SMDVR,neuron_to_neuron,cook_si5_and_fenyves,1.0,1.0,1.0,Cook2019_SI5,no pred,-,fenyves_no_pred_default_inhibitory,True,True,True,True,True,1.0,True
ADER__URBR,ADER,URBR,neuron_to_neuron,cook_si5_and_fenyves,1.0,1.0,1.0,Cook2019_SI5,no pred,-,fenyves_no_pred_default_inhibitory,True,True,True,True,True,1.0,True
ADER__URXR,ADER,URXR,neuron_to_neuron,cook_si5_and_fenyves,2.0,2.0,2.0,Cook2019_SI5,no pred,-,fenyves_no_pred_default_inhibitory,True,True,True,True,True,2.0,True
ADER__dBWMR4,ADER,dBWMR4,neuron_to_non_neuron_or_muscle,cook_si5_only,1.0,1.0,,Cook2019_SI5,,-,missing_fenyves_default_inhibitory,True,True,False,True,False,1.0,True
ADFL__ADAL,ADFL,ADAL,neuron_to_neuron,cook_si5_and_fenyves,2.0,2.0,2.0,Cook2019_SI5,no pred,-,fenyves_no_pred_default_inhibitory,True,True,True,True,True,1.0,True
ADFL__ADLL,ADFL,ADLL,neuron_to_neuron,cook_si5_and_fenyves,1.0,1.0,1.0,Cook2019_SI5,no pred,-,fenyves_no_pred_default_inhibitory,True,True,True,True,True,1.0,True
ADFL__AFDL,ADFL,AFDL,neuron_to_neuron,cook_si5_and_fenyves,1.0,1.0,1.0,Cook2019_SI5,no pred,-,fenyves_no_pred_default_inhibitory,True,True,True,True,True,1.0,True
ADFL__AIAL,ADFL,AIAL,neuron_to_neuron,cook_si5_and_fenyves,2.0,2.0,2.0,Cook2019_SI5,no pred,-,fenyves_no_pred_default_inhibitory,True,True,True,True,True,0.0,False
ADFL__AIBL,ADFL,AIBL,neuron_to_neuron,cook_si5_and_fenyves,2.0,2.0,2.0,Cook2019_SI5,-,-,fenyves_sign_prediction,True,True,True,True,True,1.0,True
ADFL__AIBR,ADFL,AIBR,neuron_to_neuron,cook_si5_and_fenyves,1.0,1.0,1.0,Cook2019_SI5,-,-,fenyves_sign_prediction,True,True,True,True,True,1.0,True
ADFL__AIZL,ADFL,AIZL,neuron_to_neuron,cook_si5_and_fenyves,39.0,39.0,39.0,Cook2019_SI5,-,-,fenyves_sign_prediction,True,True,True,True,True,21.0,True
ADFL__AUAL,ADFL,AUAL,neuron_to_neuron,cook_si5_and_fenyves,12.0,12.0,12.0,Cook2019_SI5,no pred,-,fenyves_no_pred_default_inhibitory,True,True,True,True,True,9.0,True
ADFL__AWBL,ADFL,AWBL,neuron_to_neuron,cook_si5_and_fenyves,2.0,2.0,2.0,Cook2019_SI5,no pred,-,fenyves_no_pred_default_inhibitory,True,True,True,True,True,2.0,True
ADFL__AWCR,ADFL,AWCR,neuron_to_neuron,cook_si5_and_fenyves,2.0,2.0,2.0,Cook2019_SI5,no pred,-,fenyves_no_pred_default_inhibitory,True,True,True,True,True,1.0,True
ADFL__RIAL,ADFL,RIAL,neuron_to_neuron,cook_si5_and_fenyves,46.0,46.0,46.0,Cook2019_SI5,-,-,fenyves_sign_prediction,True,True,True,True,True,23.0,True
ADFL__RIBL,ADFL,RIBL,neuron_to_neuron,cook_si5_and_fenyves,4.0,4.0,4.0,Cook2019_SI5,+,+,fenyves_sign_prediction,True,True,True,True,True,1.0,True
ADFL__RIGL,ADFL,RIGL,neuron_to_neuron,cook_si5_and_fenyves,4.0,4.0,4.0,Cook2019_SI5,complex,complex,fenyves_sign_prediction,True,True,True,True,True,3.0,True
ADFL__RIGR,ADFL,RIGR,neuron_to_neuron,cook_si5_and_fenyves,1.0,1.0,1.0,Cook2019_SI5,complex,complex,fenyves_sign_prediction,True,True,True,True,True,1.0,True
ADFL__RIR,ADFL,RIR,neuron_to_neuron,cook_si5_and_fenyves,4.0,4.0,4.0,Cook2019_SI5,no pred,-,fenyves_no_pred_default_inhibitory,True,True,True,True,True,3.0,True
ADFL__RIVL,ADFL,RIVL,neuron_to_neuron,cook_si5_and_fenyves,1.0,1.0,1.0,Cook2019_SI5,-,-,fenyves_sign_prediction,True,True,True,True,True,1.0,True
ADFL__SMBDL,ADFL,SMBDL,neuron_to_neuron,cook_si5_and_fenyves,1.0,1.0,1.0,Cook2019_SI5,-,-,fenyves_sign_prediction,True,True,True,True,True,1.0,True
ADFL__SMBVL,ADFL,SMBVL,neuron_to_neuron,cook_si5_and_fenyves,9.0,9.0,9.0,Cook2019_SI5,-,-,fenyves_sign_prediction,True,True,True,True,True,6.0,True
ADFL__SMDVL,ADFL,SMDVL,neuron_to_neuron,cook_si5_and_fenyves,1.0,1.0,1.0,Cook2019_SI5,complex,complex,fenyves_sign_prediction,True,True,True,True,True,1.0,True
ADFL__URXL,ADFL,URXL,neuron_to_neuron,cook_si5_and_fenyves,1.0,1.0,1.0,Cook2019_SI5,-,-,fenyves_sign_prediction,True,True,True,True,True,1.0,True
ADFR__ADAR,ADFR,ADAR,neuron_to_neuron,cook_si5_and_fenyves,4.0,4.0,4.0,Cook2019_SI5,no pred,-,fenyves_no_pred_default_inhibitory,True,True,True,True,True,1.0,True
ADFR__ADFR,ADFR,ADFR,neuron_to_neuron,cook_si5_and_fenyves,1.0,1.0,1.0,Cook2019_SI5,no pred,-,fenyves_no_pred_default_inhibitory,True,True,True,True,True,1.0,True
ADFR__AFDR,ADFR,AFDR,neuron_to_neuron,cook_si5_and_fenyves,1.0,1.0,1.0,Cook2019_SI5,no pred,-,fenyves_no_pred_default_inhibitory,True,True,True,True,True,1.0,True
ADFR__AIYR,ADFR,AIYR,neuron_to_neuron,cook_si5_and_fenyves,2.0,2.0,2.0,Cook2019_SI5,complex,complex,fenyves_sign_prediction,True,True,True,True,True,2.0,True
ADFR__AIZR,ADFR,AIZR,neuron_to_neuron,cook_si5_and_fenyves,37.0,37.0,37.0,Cook2019_SI5,-,-,fenyves_sign_prediction,True,True,True,True,True,12.0,True
ADFR__ASHR,ADFR,ASHR,neuron_to_neuron,cook_si5_and_fenyves,6.0,6.0,6.0,Cook2019_SI5,no pred,-,fenyves_no_pred_default_inhibitory,True,True,True,True,True,2.0,True
ADFR__AUAR,ADFR,AUAR,neuron_to_neuron,cook_si5_and_fenyves,9.0,9.0,9.0,Cook2019_SI5,no pred,-,fenyves_no_pred_default_inhibitory,True,True,True,True,True,7.0,True
ADFR__AVHL,ADFR,AVHL,neuron_to_neuron,cook_si5_and_fenyves,1.0,1.0,1.0,Cook2019_SI5,no pred,-,fenyves_no_pred_default_inhibitory,True,True,True,True,True,1.0,True
ADFR__AWAR,ADFR,AWAR,neuron_to_neuron,cook_si5_and_fenyves,1.0,1.0,1.0,Cook2019_SI5,no pred,-,fenyves_no_pred_default_inhibitory,True,True,True,True,True,1.0,True
ADFR__AWBR,ADFR,AWBR,neuron_to_neuron,cook_si5_and_fenyves,4.0,4.0,4.0,Cook2019_SI5,no pred,-,fenyves_no_pred_default_inhibitory,True,True,True,True,True,2.0,True
ADFR__AWCR,ADFR,AWCR,neuron_to_neuron,cook_si5_and_fenyves,1.0,1.0,1.0,Cook2019_SI5,no pred,-,fenyves_no_pred_default_inhibitory,True,True,True,True,True,1.0,True
ADFR__BAGL,ADFR,BAGL,neuron_to_neuron,cook_si5_and_fenyves,6.0,6.0,6.0,Cook2019_SI5,no pred,-,fenyves_no_pred_default_inhibitory,True,True,True,True,True,3.0,True
ADFR__OLQVR,ADFR,OLQVR,neuron_to_neuron,cook_si5_and_fenyves,1.0,1.0,1.0,Cook2019_SI5,no pred,-,fenyves_no_pred_default_inhibitory,True,True,True,True,True,1.0,True
ADFR__PVPR,ADFR,PVPR,neuron_to_neuron,cook_si5_and_fenyves,1.0,1.0,1.0,Cook2019_SI5,no pred,-,fenyves_no_pred_default_inhibitory,True,True,True,True,True,1.0,True
ADFR__RIAR,ADFR,RIAR,neuron_to_neuron,cook_si5_and_fenyves,61.0,61.0,61.0,Cook2019_SI5,-,-,fenyves_sign_prediction,True,True,True,True,True,24.0,True
ADFR__RIGR,ADFR,RIGR,neuron_to_neuron,cook_si5_and_fenyves,24.0,24.0,24.0,Cook2019_SI5,complex,complex,fenyves_sign_prediction,True,True,True,True,True,11.0,True
ADFR__RIH,ADFR,RIH,neuron_to_neuron,cook_si5_and_fenyves,2.0,2.0,2.0,Cook2019_SI5,-,-,fenyves_sign_prediction,True,True,True,True,True,2.0,True
ADFR__RIR,ADFR,RIR,neuron_to_neuron,cook_si5_and_fenyves,7.0,7.0,7.0,Cook2019_SI5,no pred,-,fenyves_no_pred_default_inhibitory,True,True,True,True,True,6.0,True
ADFR__SMBDR,ADFR,SMBDR,neuron_to_neuron,cook_si5_and_fenyves,2.0,2.0,2.0,Cook2019_SI5,-,-,fenyves_sign_prediction,True,True,True,True,True,2.0,True
ADFR__SMBVR,ADFR,SMBVR,neuron_to_neuron,cook_si5_and_fenyves,19.0,19.0,19.0,Cook2019_SI5,-,-,fenyves_sign_prediction,True,True,True,True,True,3.0,True
ADFR__URXR,ADFR,URXR,neuron_to_neuron,cook_si5_and_fenyves,10.0,10.0,10.0,Cook2019_SI5,-,-,fenyves_sign_prediction,True,True,True,True,True,4.0,True
ADFR__URYVR,ADFR,URYVR,neuron_to_neuron,cook_si5_and_fenyves,2.0,2.0,2.0,Cook2019_SI5,no pred,-,fenyves_no_pred_default_inhibitory,True,True,True,True,True,2.0,True
ADLL__ADAL,ADLL,ADAL,neuron_to_neuron,cook_si5_and_fenyves,1.0,1.0,1.0,Cook2019_SI5,no pred,-,fenyves_no_pred_default_inhibitory,True,True,True,True,True,1.0,True
ADLL__AIAL,ADLL,AIAL,neuron_to_neuron,cook_si5_and_fenyves,19.0,19.0,19.0,Cook2019_SI5,complex,complex,fenyves_sign_prediction,True,True,True,True,True,0.0,False
ADLL__AIBL,ADLL,AIBL,neuron_to_neuron,cook_si5_and_fenyves,26.0,26.0,26.0,Cook2019_SI5,+,+,fenyves_sign_prediction,True,True,True,True,True,14.0,True
ADLL__ALA,ADLL,ALA,neuron_to_neuron,cook_si5_and_fenyves,5.0,5.0,5.0,Cook2019_SI5,no pred,-,fenyves_no_pred_default_inhibitory,True,True,True,True,True,3.0,True
ADLL__ASEL,ADLL,ASEL,neuron_to_neuron,cook_si5_and_fenyves,1.0,1.0,1.0,Cook2019_SI5,no pred,-,fenyves_no_pred_default_inhibitory,True,True,True,True,True,1.0,True
ADLL__ASER,ADLL,ASER,neuron_to_neuron,cook_si5_and_fenyves,12.0,12.0,12.0,Cook2019_SI5,no pred,-,fenyves_no_pred_default_inhibitory,True,True,True,True,True,6.0,True
ADLL__ASGL,ADLL,ASGL,neuron_to_neuron,cook_si5_and_fenyves,2.0,2.0,2.0,Cook2019_SI5,no pred,-,fenyves_no_pred_default_inhibitory,True,True,True,True,True,1.0,True
ADLL__ASHL,ADLL,ASHL,neuron_to_neuron,cook_si5_and_fenyves,6.0,6.0,6.0,Cook2019_SI5,no pred,-,fenyves_no_pred_default_inhibitory,True,True,True,True,True,4.0,True
ADLL__AVAL,ADLL,AVAL,neuron_to_neuron,cook_si5_and_fenyves,9.0,9.0,9.0,Cook2019_SI5,+,+,fenyves_sign_prediction,True,True,True,True,True,6.0,True
ADLL__AVAR,ADLL,AVAR,neuron_to_neuron,cook_si5_and_fenyves,5.0,5.0,5.0,Cook2019_SI5,+,+,fenyves_sign_prediction,True,True,True,True,True,2.0,True
ADLL__AVBL,ADLL,AVBL,neuron_to_neuron,cook_si5_and_fenyves,12.0,12.0,12.0,Cook2019_SI5,+,+,fenyves_sign_prediction,True,True,True,True,True,5.0,True
ADLL__AVDL,ADLL,AVDL,neuron_to_neuron,cook_si5_and_fenyves,4.0,4.0,4.0,Cook2019_SI5,+,+,fenyves_sign_prediction,True,True,True,True,True,2.0,True
ADLL__AVDR,ADLL,AVDR,neuron_to_neuron,cook_si5_and_fenyves,15.0,15.0,15.0,Cook2019_SI5,+,+,fenyves_sign_prediction,True,True,True,True,True,8.0,True
ADLL__AVJL,ADLL,AVJL,neuron_to_neuron,cook_si5_and_fenyves,3.0,3.0,3.0,Cook2019_SI5,+,+,fenyves_sign_prediction,True,True,True,True,True,1.0,True
ADLL__AVJR,ADLL,AVJR,neuron_to_neuron,cook_si5_and_fenyves,9.0,9.0,9.0,Cook2019_SI5,+,+,fenyves_sign_prediction,True,True,True,True,True,3.0,True
ADLL__AWAL,ADLL,AWAL,neuron_to_neuron,cook_si5_and_fenyves,1.0,1.0,1.0,Cook2019_SI5,no pred,-,fenyves_no_pred_default_inhibitory,True,True,True,True,True,1.0,True
ADLL__AWBL,ADLL,AWBL,neuron_to_neuron,cook_si5_and_fenyves,3.0,3.0,3.0,Cook2019_SI5,no pred,-,fenyves_no_pred_default_inhibitory,True,True,True,True,True,3.0,True
ADLL__AWCL,ADLL,AWCL,neuron_to_neuron,cook_si5_and_fenyves,2.0,2.0,2.0,Cook2019_SI5,no pred,-,fenyves_no_pred_default_inhibitory,True,True,True,True,True,1.0,True
ADLL__OLQVL,ADLL,OLQVL,neuron_to_neuron,cook_si5_and_fenyves,2.0,2.0,2.0,Cook2019_SI5,no pred,-,fenyves_no_pred_default_inhibitory,True,True,True,True,True,2.0,True
ADLL__RIAL,ADLL,RIAL,neuron_to_neuron,cook_si5_and_fenyves,1.0,1.0,1.0,Cook2019_SI5,complex,complex,fenyves_sign_prediction,True,True,True,True,True,1.0,True
ADLL__RIGL,ADLL,RIGL,neuron_to_neuron,cook_si5_and_fenyves,1.0,1.0,1.0,Cook2019_SI5,+,+,fenyves_sign_prediction,True,True,True,True,True,1.0,True
ADLL__RIPL,ADLL,RIPL,neuron_to_neuron,cook_si5_and_fenyves,3.0,3.0,3.0,Cook2019_SI5,no pred,-,fenyves_no_pred_default_inhibitory,True,True,True,True,True,3.0,True
ADLL__RIR,ADLL,RIR,neuron_to_neuron,cook_si5_and_fenyves,1.0,1.0,1.0,Cook2019_SI5,+,+,fenyves_sign_prediction,True,True,True,True,True,1.0,True
ADLL__SMBVL,ADLL,SMBVL,neuron_to_neuron,cook_si5_and_fenyves,5.0,5.0,5.0,Cook2019_SI5,no pred,-,fenyves_no_pred_default_inhibitory,True,True,True,True,True,2.0,True
ADLR__ADAR,ADLR,ADAR,neuron_to_neuron,cook_si5_and_fenyves,1.0,1.0,1.0,Cook2019_SI5,no pred,-,fenyves_no_pred_default_inhibitory,True,True,True,True,True,1.0,True
ADLR__ADLR,ADLR,ADLR,neuron_to_neuron,cook_si5_and_fenyves,3.0,3.0,3.0,Cook2019_SI5,no pred,-,fenyves_no_pred_default_inhibitory,True,True,True,True,True,2.0,True
ADLR__AIAR,ADLR,AIAR,neuron_to_neuron,cook_si5_and_fenyves,22.0,22.0,22.0,Cook2019_SI5,complex,complex,fenyves_sign_prediction,True,True,True,True,True,11.0,True
ADLR__AIBR,ADLR,AIBR,neuron_to_neuron,cook_si5_and_fenyves,27.0,27.0,27.0,Cook2019_SI5,+,+,fenyves_sign_prediction,True,True,True,True,True,15.0,True
ADLR__ASER,ADLR,ASER,neuron_to_neuron,cook_si5_and_fenyves,2.0,2.0,2.0,Cook2019_SI5,no pred,-,fenyves_no_pred_default_inhibitory,True,True,True,True,True,1.0,True
ADLR__ASHR,ADLR,ASHR,neuron_to_neuron,cook_si5_and_fenyves,4.0,4.0,4.0,Cook2019_SI5,no pred,-,fenyves_no_pred_default_inhibitory,True,True,True,True,True,3.0,True
ADLR__AVAR,ADLR,AVAR,neuron_to_neuron,cook_si5_and_fenyves,8.0,8.0,8.0,Cook2019_SI5,+,+,fenyves_sign_prediction,True,True,True,True,True,5.0,True
ADLR__AVBL,ADLR,AVBL,neuron_to_neuron,cook_si5_and_fenyves,3.0,3.0,3.0,Cook2019_SI5,+,+,fenyves_sign_prediction,True,True,True,True,True,3.0,True
ADLR__AVBR,ADLR,AVBR,neuron_to_neuron,cook_si5_and_fenyves,7.0,7.0,7.0,Cook2019_SI5,+,+,fenyves_sign_prediction,True,True,True,True,True,5.0,True
ADLR__AVDL,ADLR,AVDL,neuron_to_neuron,cook_si5_and_fenyves,26.0,26.0,26.0,Cook2019_SI5,+,+,fenyves_sign_prediction,True,True,True,True,True,16.0,True
ADLR__AVDR,ADLR,AVDR,neuron_to_neuron,cook_si5_and_fenyves,3.0,3.0,3.0,Cook2019_SI5,+,+,fenyves_sign_prediction,True,True,True,True,True,2.0,True
ADLR__AVJL,ADLR,AVJL,neuron_to_neuron,cook_si5_and_fenyves,2.0,2.0,2.0,Cook2019_SI5,+,+,fenyves_sign_prediction,True,True,True,True,True,1.0,True
ADLR__AVJR,ADLR,AVJR,neuron_to_neuron,cook_si5_and_fenyves,3.0,3.0,3.0,Cook2019_SI5,+,+,fenyves_sign_prediction,True,True,True,True,True,2.0,True
ADLR__AWCR,ADLR,AWCR,neuron_to_neuron,cook_si5_and_fenyves,7.0,7.0,7.0,Cook2019_SI5,no pred,-,fenyves_no_pred_default_inhibitory,True,True,True,True,True,3.0,True
ADLR__CEPVR,ADLR,CEPVR,neuron_to_neuron,cook_si5_and_fenyves,1.0,1.0,1.0,Cook2019_SI5,no pred,-,fenyves_no_pred_default_inhibitory,True,True,True,True,True,1.0,True
ADLR__OLLR,ADLR,OLLR,neuron_to_neuron,cook_si5_and_fenyves,1.0,1.0,1.0,Cook2019_SI5,no pred,-,fenyves_no_pred_default_inhibitory,True,True,True,True,True,1.0,True
ADLR__OLQVR,ADLR,OLQVR,neuron_to_neuron,cook_si5_and_fenyves,1.0,1.0,1.0,Cook2019_SI5,no pred,-,fenyves_no_pred_default_inhibitory,True,True,True,True,True,1.0,True
ADLR__PVCL,ADLR,PVCL,neuron_to_neuron,cook_si5_and_fenyves,3.0,3.0,3.0,Cook2019_SI5,+,+,fenyves_sign_prediction,True,True,True,True,True,2.0,True
ADLR__RICL,ADLR,RICL,neuron_to_neuron,cook_si5_and_fenyves,1.0,1.0,1.0,Cook2019_SI5,+,+,fenyves_sign_prediction,True,True,True,True,True,1.0,True
ADLR__RICR,ADLR,RICR,neuron_to_neuron,cook_si5_and_fenyves,5.0,5.0,5.0,Cook2019_SI5,+,+,fenyves_sign_prediction,True,True,True,True,True,2.0,True
ADLR__RIFR,ADLR,RIFR,neuron_to_neuron,cook_si5_and_fenyves,2.0,2.0,2.0,Cook2019_SI5,+,+,fenyves_sign_prediction,True,True,True,True,True,1.0,True
ADLR__RIPR,ADLR,RIPR,neuron_to_neuron,cook_si5_and_fenyves,2.0,2.0,2.0,Cook2019_SI5,no pred,-,fenyves_no_pred_default_inhibitory,True,True,True,True,True,2.0,True
ADLR__SIBVL,ADLR,SIBVL,neuron_to_neuron,cook_si5_and_fenyves,2.0,2.0,2.0,Cook2019_SI5,+,+,fenyves_sign_prediction,True,True,True,True,True,1.0,True
ADLR__SMBVR,ADLR,SMBVR,neuron_to_neuron,cook_si5_and_fenyves,5.0,5.0,5.0,Cook2019_SI5,no pred,-,fenyves_no_pred_default_inhibitory,True,True,True,True,True,2.0,True
ADLR__URBR,ADLR,URBR,neuron_to_neuron,cook_si5_and_fenyves,6.0,6.0,6.0,Cook2019_SI5,+,+,fenyves_sign_prediction,True,True,True,True,True,3.0,True
ADLR__URXR,ADLR,URXR,neuron_to_neuron,cook_si5_and_fenyves,8.0,8.0,8.0,Cook2019_SI5,no pred,-,fenyves_no_pred_default_inhibitory,True,True,True,True,True,6.0,True
AFDL__AFDL,AFDL,AFDL,neuron_to_neuron,cook_si5_and_fenyves,1.0,1.0,1.0,Cook2019_SI5,no pred,-,fenyves_no_pred_default_inhibitory,True,True,True,True,True,1.0,True
AFDL__AIBL,AFDL,AIBL,neuron_to_neuron,cook_si5_and_fenyves,1.0,1.0,1.0,Cook2019_SI5,+,+,fenyves_sign_prediction,True,True,True,True,True,1.0,True
AFDL__AINR,AFDL,AINR,neuron_to_neuron,cook_si5_and_fenyves,3.0,3.0,3.0,Cook2019_SI5,no pred,-,fenyves_no_pred_default_inhibitory,True,True,True,True,True,2.0,True
AFDL__AIYL,AFDL,AIYL,neuron_to_neuron,cook_si5_and_fenyves,25.0,25.0,25.0,Cook2019_SI5,-,-,fenyves_sign_prediction,True,True,True,True,True,11.0,True
AFDL__ASEL,AFDL,ASEL,neuron_to_neuron,cook_si5_and_fenyves,1.0,1.0,1.0,Cook2019_SI5,no pred,-,fenyves_no_pred_default_inhibitory,True,True,True,True,True,1.0,True
AFDL__ASER,AFDL,ASER,neuron_to_neuron,cook_si5_and_fenyves,1.0,1.0,1.0,Cook2019_SI5,no pred,-,fenyves_no_pred_default_inhibitory,True,True,True,True,True,1.0,True
AFDL__AWBL,AFDL,AWBL,neuron_to_neuron,cook_si5_and_fenyves,4.0,4.0,4.0,Cook2019_SI5,no pred,-,fenyves_no_pred_default_inhibitory,True,True,True,True,True,3.0,True
AFDR__AFDL,AFDR,AFDL,neuron_to_neuron,cook_si5_and_fenyves,1.0,1.0,1.0,Cook2019_SI5,no pred,-,fenyves_no_pred_default_inhibitory,True,True,True,True,True,1.0,True
AFDR__AIYR,AFDR,AIYR,neuron_to_neuron,cook_si5_and_fenyves,29.0,29.0,29.0,Cook2019_SI5,-,-,fenyves_sign_prediction,True,True,True,True,True,15.0,True
AFDR__ASEL,AFDR,ASEL,neuron_to_neuron,cook_si5_and_fenyves,1.0,1.0,1.0,Cook2019_SI5,no pred,-,fenyves_no_pred_default_inhibitory,True,True,True,True,True,1.0,True
AFDR__ASER,AFDR,ASER,neuron_to_neuron,cook_si5_and_fenyves,4.0,4.0,4.0,Cook2019_SI5,no pred,-,fenyves_no_pred_default_inhibitory,True,True,True,True,True,2.0,True
AIAL__ADAL,AIAL,ADAL,neuron_to_neuron,cook_si5_and_fenyves,1.0,1.0,1.0,Cook2019_SI5,no pred,-,fenyves_no_pred_default_inhibitory,True,True,True,True,True,0.0,False
AIAL__ADFL,AIAL,ADFL,neuron_to_neuron,cook_si5_and_fenyves,2.0,2.0,2.0,Cook2019_SI5,no pred,-,fenyves_no_pred_default_inhibitory,True,True,True,True,True,0.0,False
AIAL__ADLL,AIAL,ADLL,neuron_to_neuron,cook_si5_and_fenyves,1.0,1.0,1.0,Cook2019_SI5,no pred,-,fenyves_no_pred_default_inhibitory,True,True,True,True,True,0.0,False
AIAL__AIBL,AIAL,AIBL,neuron_to_neuron,cook_si5_and_fenyves,35.0,35.0,35.0,Cook2019_SI5,-,-,fenyves_sign_prediction,True,True,True,True,True,0.0,False
AIAL__AIML,AIAL,AIML,neuron_to_neuron,cook_si5_and_fenyves,6.0,6.0,6.0,Cook2019_SI5,no pred,-,fenyves_no_pred_default_inhibitory,True,True,True,True,True,0.0,False
AIAL__AIZL,AIAL,AIZL,neuron_to_neuron,cook_si5_and_fenyves,4.0,4.0,4.0,Cook2019_SI5,-,-,fenyves_sign_prediction,True,True,True,True,True,0.0,False
AIAL__ASEL,AIAL,ASEL,neuron_to_neuron,cook_si5_and_fenyves,5.0,5.0,5.0,Cook2019_SI5,no pred,-,fenyves_no_pred_default_inhibitory,True,True,True,True,True,0.0,False
AIAL__ASER,AIAL,ASER,neuron_to_neuron,cook_si5_and_fenyves,10.0,10.0,10.0,Cook2019_SI5,no pred,-,fenyves_no_pred_default_inhibitory,True,True,True,True,True,0.0,False
AIAL__ASGL,AIAL,ASGL,neuron_to_neuron,cook_si5_and_fenyves,1.0,1.0,1.0,Cook2019_SI5,no pred,-,fenyves_no_pred_default_inhibitory,True,True,True,True,True,0.0,False
AIAL__ASHL,AIAL,ASHL,neuron_to_neuron,cook_si5_and_fenyves,1.0,1.0,1.0,Cook2019_SI5,no pred,-,fenyves_no_pred_default_inhibitory,True,True,True,True,True,0.0,False
AIAL__ASJL,AIAL,ASJL,neuron_to_neuron,cook_si5_and_fenyves,4.0,4.0,4.0,Cook2019_SI5,no pred,-,fenyves_no_pred_default_inhibitory,True,True,True,True,True,0.0,False
AIAL__ASKL,AIAL,ASKL,neuron_to_neuron,cook_si5_and_fenyves,9.0,9.0,9.0,Cook2019_SI5,no pred,-,fenyves_no_pred_default_inhibitory,True,True,True,True,True,0.0,False
AIAL__AWCL,AIAL,AWCL,neuron_to_neuron,cook_si5_and_fenyves,1.0,1.0,1.0,Cook2019_SI5,no pred,-,fenyves_no_pred_default_inhibitory,True,True,True,True,True,0.0,False
AIAL__AWCR,AIAL,AWCR,neuron_to_neuron,cook_si5_and_fenyves,6.0,6.0,6.0,Cook2019_SI5,no pred,-,fenyves_no_pred_default_inhibitory,True,True,True,True,True,0.0,False
AIAL__PVQL,AIAL,PVQL,neuron_to_neuron,cook_si5_and_fenyves,1.0,1.0,1.0,Cook2019_SI5,+,+,fenyves_sign_prediction,True,True,True,True,True,0.0,False
AIAL__RIFL,AIAL,RIFL,neuron_to_neuron,cook_si5_and_fenyves,10.0,10.0,10.0,Cook2019_SI5,no pred,-,fenyves_no_pred_default_inhibitory,True,True,True,True,True,0.0,False
AIAL__RIR,AIAL,RIR,neuron_to_neuron,cook_si5_and_fenyves,2.0,2.0,2.0,Cook2019_SI5,no pred,-,fenyves_no_pred_default_inhibitory,True,True,True,True,True,0.0,False
AIAL__RMGL,AIAL,RMGL,neuron_to_neuron,cook_si5_and_fenyves,2.0,2.0,2.0,Cook2019_SI5,no pred,-,fenyves_no_pred_default_inhibitory,True,True,True,True,True,0.0,False
AIAR__ADAR,AIAR,ADAR,neuron_to_neuron,cook_si5_and_fenyves,4.0,4.0,4.0,Cook2019_SI5,no pred,-,fenyves_no_pred_default_inhibitory,True,True,True,True,True,1.0,True
AIAR__ADLR,AIAR,ADLR,neuron_to_neuron,cook_si5_and_fenyves,10.0,10.0,10.0,Cook2019_SI5,no pred,-,fenyves_no_pred_default_inhibitory,True,True,True,True,True,6.0,True
AIAR__AIAR,AIAR,AIAR,neuron_to_neuron,cook_si5_only,1.0,1.0,,Cook2019_SI5,,-,missing_fenyves_default_inhibitory,True,True,True,True,False,1.0,True
AIAR__AIBR,AIAR,AIBR,neuron_to_neuron,cook_si5_and_fenyves,33.0,33.0,33.0,Cook2019_SI5,-,-,fenyves_sign_prediction,True,True,True,True,True,19.0,True
AIAR__AIZR,AIAR,AIZR,neuron_to_neuron,cook_si5_and_fenyves,2.0,2.0,2.0,Cook2019_SI5,-,-,fenyves_sign_prediction,True,True,True,True,True,1.0,True
AIAR__ASER,AIAR,ASER,neuron_to_neuron,cook_si5_and_fenyves,5.0,5.0,5.0,Cook2019_SI5,no pred,-,fenyves_no_pred_default_inhibitory,True,True,True,True,True,3.0,True
AIAR__ASGR,AIAR,ASGR,neuron_to_neuron,cook_si5_and_fenyves,5.0,5.0,5.0,Cook2019_SI5,no pred,-,fenyves_no_pred_default_inhibitory,True,True,True,True,True,4.0,True
AIAR__ASIR,AIAR,ASIR,neuron_to_neuron,cook_si5_and_fenyves,2.0,2.0,2.0,Cook2019_SI5,no pred,-,fenyves_no_pred_default_inhibitory,True,True,True,True,True,1.0,True
AIAR__ASKR,AIAR,ASKR,neuron_to_neuron,cook_si5_only,1.0,1.0,,Cook2019_SI5,,-,missing_fenyves_default_inhibitory,True,True,True,True,False,1.0,True
AIAR__AWAR,AIAR,AWAR,neuron_to_neuron,cook_si5_and_fenyves,4.0,4.0,4.0,Cook2019_SI5,no pred,-,fenyves_no_pred_default_inhibitory,True,True,True,True,True,3.0,True
AIAR__AWCL,AIAR,AWCL,neuron_to_neuron,cook_si5_and_fenyves,6.0,6.0,6.0,Cook2019_SI5,no pred,-,fenyves_no_pred_default_inhibitory,True,True,True,True,True,4.0,True
AIAR__AWCR,AIAR,AWCR,neuron_to_neuron,cook_si5_and_fenyves,6.0,6.0,6.0,Cook2019_SI5,no pred,-,fenyves_no_pred_default_inhibitory,True,True,True,True,True,4.0,True
AIAR__RIFR,AIAR,RIFR,neuron_to_neuron,cook_si5_and_fenyves,10.0,10.0,10.0,Cook2019_SI5,no pred,-,fenyves_no_pred_default_inhibitory,True,True,True,True,True,4.0,True
AIBL__AIBL,AIBL,AIBL,neuron_to_neuron,cook_si5_and_fenyves,2.0,2.0,2.0,Cook2019_SI5,+,+,fenyves_sign_prediction,True,True,True,True,True,1.0,True
AIBL__AIZR,AIBL,AIZR,neuron_to_neuron,cook_si5_and_fenyves,7.0,7.0,7.0,Cook2019_SI5,no pred,-,fenyves_no_pred_default_inhibitory,True,True,True,True,True,3.0,True
AIBL__ASHL,AIBL,ASHL,neuron_to_neuron,cook_si5_and_fenyves,1.0,1.0,1.0,Cook2019_SI5,no pred,-,fenyves_no_pred_default_inhibitory,True,True,True,True,True,1.0,True
AIBL__ASHR,AIBL,ASHR,neuron_to_neuron,cook_si5_and_fenyves,3.0,3.0,3.0,Cook2019_SI5,no pred,-,fenyves_no_pred_default_inhibitory,True,True,True,True,True,1.0,True
AIBL__AVAL,AIBL,AVAL,neuron_to_neuron,cook_si5_and_fenyves,5.0,5.0,5.0,Cook2019_SI5,+,+,fenyves_sign_prediction,True,True,True,True,True,3.0,True
AIBL__AVBL,AIBL,AVBL,neuron_to_neuron,cook_si5_and_fenyves,21.0,21.0,21.0,Cook2019_SI5,+,+,fenyves_sign_prediction,True,True,True,True,True,7.0,True
AIBL__AVEL,AIBL,AVEL,neuron_to_neuron,cook_si5_and_fenyves,1.0,1.0,1.0,Cook2019_SI5,+,+,fenyves_sign_prediction,True,True,True,True,True,1.0,True
AIBL__FLPL,AIBL,FLPL,neuron_to_neuron,cook_si5_and_fenyves,1.0,1.0,1.0,Cook2019_SI5,+,+,fenyves_sign_prediction,True,True,True,True,True,1.0,True
AIBL__IL2DR,AIBL,IL2DR,neuron_to_neuron,fenyves_only,1.0,,1.0,Fenyves2020_only,no pred,-,fenyves_no_pred_default_inhibitory,True,True,True,False,True,0.0,False
AIBL__RIBR,AIBL,RIBR,neuron_to_neuron,cook_si5_and_fenyves,16.0,16.0,16.0,Cook2019_SI5,complex,complex,fenyves_sign_prediction,True,True,True,True,True,7.0,True
AIBL__RIFL,AIBL,RIFL,neuron_to_neuron,cook_si5_and_fenyves,1.0,1.0,1.0,Cook2019_SI5,+,+,fenyves_sign_prediction,True,True,True,True,True,1.0,True
AIBL__RIGR,AIBL,RIGR,neuron_to_neuron,cook_si5_and_fenyves,5.0,5.0,5.0,Cook2019_SI5,+,+,fenyves_sign_prediction,True,True,True,True,True,3.0,True
AIBL__RIML,AIBL,RIML,neuron_to_neuron,cook_si5_and_fenyves,1.0,1.0,1.0,Cook2019_SI5,complex,complex,fenyves_sign_prediction,True,True,True,True,True,1.0,True
AIBL__RIMR,AIBL,RIMR,neuron_to_neuron,cook_si5_and_fenyves,56.0,56.0,56.0,Cook2019_SI5,complex,complex,fenyves_sign_prediction,True,True,True,True,True,28.0,True
AIBL__RMFR,AIBL,RMFR,neuron_to_neuron,cook_si5_and_fenyves,6.0,6.0,6.0,Cook2019_SI5,+,+,fenyves_sign_prediction,True,True,True,True,True,4.0,True
AIBL__SAADL,AIBL,SAADL,neuron_to_neuron,cook_si5_and_fenyves,6.0,6.0,6.0,Cook2019_SI5,+,+,fenyves_sign_prediction,True,True,True,True,True,4.0,True
AIBL__SAADR,AIBL,SAADR,neuron_to_neuron,cook_si5_and_fenyves,10.0,10.0,10.0,Cook2019_SI5,+,+,fenyves_sign_prediction,True,True,True,True,True,5.0,True
AIBL__SAAVL,AIBL,SAAVL,neuron_to_neuron,cook_si5_and_fenyves,3.0,3.0,3.0,Cook2019_SI5,+,+,fenyves_sign_prediction,True,True,True,True,True,1.0,True
AIBL__SAAVR,AIBL,SAAVR,neuron_to_neuron,cook_si5_only,1.0,1.0,,Cook2019_SI5,,-,missing_fenyves_default_inhibitory,True,True,True,True,False,1.0,True
AIBL__SIADR,AIBL,SIADR,neuron_to_neuron,cook_si5_and_fenyves,2.0,2.0,2.0,Cook2019_SI5,no pred,-,fenyves_no_pred_default_inhibitory,True,True,True,True,True,1.0,True
AIBL__SIAVR,AIBL,SIAVR,neuron_to_neuron,cook_si5_and_fenyves,2.0,2.0,2.0,Cook2019_SI5,no pred,-,fenyves_no_pred_default_inhibitory,True,True,True,True,True,1.0,True
AIBL__SIBDR,AIBL,SIBDR,neuron_to_neuron,fenyves_only,3.0,,3.0,Fenyves2020_only,+,+,fenyves_only_connection_with_sign,True,True,True,False,True,0.0,False
AIBL__SIBVR,AIBL,SIBVR,neuron_to_neuron,cook_si5_only,2.0,2.0,,Cook2019_SI5,,-,missing_fenyves_default_inhibitory,True,True,True,True,False,0.0,False
AIBL__SMDDR,AIBL,SMDDR,neuron_to_neuron,cook_si5_and_fenyves,16.0,16.0,16.0,Cook2019_SI5,+,+,fenyves_sign_prediction,True,True,True,True,True,6.0,True
AIBL__SMDVR,AIBL,SMDVR,neuron_to_neuron,cook_si5_and_fenyves,4.0,4.0,4.0,Cook2019_SI5,+,+,fenyves_sign_prediction,True,True,True,True,True,2.0,True
AIBR__ADLR,AIBR,ADLR,neuron_to_neuron,cook_si5_and_fenyves,1.0,1.0,1.0,Cook2019_SI5,no pred,-,fenyves_no_pred_default_inhibitory,True,True,True,True,True,1.0,True
AIBR__AIAR,AIBR,AIAR,neuron_to_neuron,cook_si5_and_fenyves,1.0,1.0,1.0,Cook2019_SI5,complex,complex,fenyves_sign_prediction,True,True,True,True,True,1.0,True
AIBR__AIYR,AIBR,AIYR,neuron_to_neuron,cook_si5_and_fenyves,1.0,1.0,1.0,Cook2019_SI5,-,-,fenyves_sign_prediction,True,True,True,True,True,1.0,True
AIBR__AQR,AIBR,AQR,neuron_to_neuron,cook_si5_and_fenyves,1.0,1.0,1.0,Cook2019_SI5,no pred,-,fenyves_no_pred_default_inhibitory,True,True,True,True,True,1.0,True
AIBR__AUAL,AIBR,AUAL,neuron_to_neuron,cook_si5_and_fenyves,1.0,1.0,1.0,Cook2019_SI5,+,+,fenyves_sign_prediction,True,True,True,True,True,1.0,True
AIBR__AVAR,AIBR,AVAR,neuron_to_neuron,cook_si5_and_fenyves,2.0,2.0,2.0,Cook2019_SI5,+,+,fenyves_sign_prediction,True,True,True,True,True,2.0,True
AIBR__AVBR,AIBR,AVBR,neuron_to_neuron,cook_si5_and_fenyves,13.0,13.0,13.0,Cook2019_SI5,+,+,fenyves_sign_prediction,True,True,True,True,True,5.0,True
AIBR__AVEL,AIBR,AVEL,neuron_to_neuron,cook_si5_and_fenyves,4.0,4.0,4.0,Cook2019_SI5,+,+,fenyves_sign_prediction,True,True,True,True,True,2.0,True
AIBR__AWCR,AIBR,AWCR,neuron_to_neuron,cook_si5_and_fenyves,1.0,1.0,1.0,Cook2019_SI5,no pred,-,fenyves_no_pred_default_inhibitory,True,True,True,True,True,1.0,True
AIBR__DVA,AIBR,DVA,neuron_to_neuron,cook_si5_and_fenyves,1.0,1.0,1.0,Cook2019_SI5,+,+,fenyves_sign_prediction,True,True,True,True,True,1.0,True
AIBR__RIAL,AIBR,RIAL,neuron_to_neuron,cook_si5_and_fenyves,2.0,2.0,2.0,Cook2019_SI5,complex,complex,fenyves_sign_prediction,True,True,True,True,True,1.0,True
AIBR__RIBL,AIBR,RIBL,neuron_to_neuron,cook_si5_and_fenyves,11.0,11.0,11.0,Cook2019_SI5,complex,complex,fenyves_sign_prediction,True,True,True,True,True,6.0,True
AIBR__RICR,AIBR,RICR,neuron_to_neuron,cook_si5_and_fenyves,1.0,1.0,1.0,Cook2019_SI5,+,+,fenyves_sign_prediction,True,True,True,True,True,1.0,True
AIBR__RIGL,AIBR,RIGL,neuron_to_neuron,cook_si5_and_fenyves,1.0,1.0,1.0,Cook2019_SI5,+,+,fenyves_sign_prediction,True,True,True,True,True,1.0,True
AIBR__RIML,AIBR,RIML,neuron_to_neuron,cook_si5_and_fenyves,47.0,47.0,47.0,Cook2019_SI5,complex,complex,fenyves_sign_prediction,True,True,True,True,True,24.0,True
AIBR__RIMR,AIBR,RIMR,neuron_to_neuron,cook_si5_and_fenyves,5.0,5.0,5.0,Cook2019_SI5,complex,complex,fenyves_sign_prediction,True,True,True,True,True,4.0,True
AIBR__RMFL,AIBR,RMFL,neuron_to_neuron,cook_si5_and_fenyves,1.0,1.0,1.0,Cook2019_SI5,+,+,fenyves_sign_prediction,True,True,True,True,True,1.0,True
AIBR__SAADL,AIBR,SAADL,neuron_to_neuron,cook_si5_and_fenyves,2.0,2.0,2.0,Cook2019_SI5,+,+,fenyves_sign_prediction,True,True,True,True,True,2.0,True
AIBR__SAADR,AIBR,SAADR,neuron_to_neuron,cook_si5_and_fenyves,2.0,2.0,2.0,Cook2019_SI5,+,+,fenyves_sign_prediction,True,True,True,True,True,2.0,True
AIBR__SAAVR,AIBR,SAAVR,neuron_to_neuron,cook_si5_and_fenyves,1.0,1.0,1.0,Cook2019_SI5,+,+,fenyves_sign_prediction,True,True,True,True,True,1.0,True
AIBR__SIADL,AIBR,SIADL,neuron_to_neuron,cook_si5_and_fenyves,1.0,1.0,1.0,Cook2019_SI5,no pred,-,fenyves_no_pred_default_inhibitory,True,True,True,True,True,1.0,True
AIBR__SIBDL,AIBR,SIBDL,neuron_to_neuron,cook_si5_only,1.0,1.0,,Cook2019_SI5,,-,missing_fenyves_default_inhibitory,True,True,True,True,False,1.0,True
AIBR__SIBDR,AIBR,SIBDR,neuron_to_neuron,cook_si5_only,1.0,1.0,,Cook2019_SI5,,-,missing_fenyves_default_inhibitory,True,True,True,True,False,0.0,False
AIBR__SIBVR,AIBR,SIBVR,neuron_to_neuron,fenyves_only,2.0,,2.0,Fenyves2020_only,+,+,fenyves_only_connection_with_sign,True,True,True,False,True,0.0,False
AIBR__SMDDL,AIBR,SMDDL,neuron_to_neuron,cook_si5_and_fenyves,17.0,17.0,17.0,Cook2019_SI5,+,+,fenyves_sign_prediction,True,True,True,True,True,6.0,True
AIBR__SMDVL,AIBR,SMDVL,neuron_to_neuron,cook_si5_and_fenyves,7.0,7.0,7.0,Cook2019_SI5,+,+,fenyves_sign_prediction,True,True,True,True,True,6.0,True
AIBR__VB01,AIBR,VB01,neuron_to_neuron,cook_si5_and_fenyves,3.0,3.0,3.0,Cook2019_SI5,+,+,fenyves_sign_prediction,True,True,True,True,True,1.0,True
AIML__AIAL,AIML,AIAL,neuron_to_neuron,cook_si5_and_fenyves,11.0,11.0,11.0,Cook2019_SI5,complex,complex,fenyves_sign_prediction,True,True,True,True,True,0.0,False
AIML__ALML,AIML,ALML,neuron_to_neuron,cook_si5_and_fenyves,1.0,1.0,1.0,Cook2019_SI5,complex,complex,fenyves_sign_prediction,True,True,True,True,True,1.0,True
AIML__ASGL,AIML,ASGL,neuron_to_neuron,cook_si5_and_fenyves,8.0,8.0,8.0,Cook2019_SI5,no pred,-,fenyves_no_pred_default_inhibitory,True,True,True,True,True,4.0,True
AIML__ASJL,AIML,ASJL,neuron_to_neuron,cook_si5_and_fenyves,2.0,2.0,2.0,Cook2019_SI5,no pred,-,fenyves_no_pred_default_inhibitory,True,True,True,True,True,2.0,True
AIML__ASKL,AIML,ASKL,neuron_to_neuron,cook_si5_and_fenyves,7.0,7.0,7.0,Cook2019_SI5,no pred,-,fenyves_no_pred_default_inhibitory,True,True,True,True,True,3.0,True
AIML__AVDL,AIML,AVDL,neuron_to_neuron,cook_si5_and_fenyves,1.0,1.0,1.0,Cook2019_SI5,+,+,fenyves_sign_prediction,True,True,True,True,True,1.0,True
AIML__AVFL,AIML,AVFL,neuron_to_neuron,cook_si5_and_fenyves,5.0,5.0,5.0,Cook2019_SI5,no pred,-,fenyves_no_pred_default_inhibitory,True,True,True,True,True,5.0,True
AIML__AVFR,AIML,AVFR,neuron_to_neuron,cook_si5_and_fenyves,4.0,4.0,4.0,Cook2019_SI5,no pred,-,fenyves_no_pred_default_inhibitory,True,True,True,True,True,3.0,True
AIML__AVHL,AIML,AVHL,neuron_to_neuron,cook_si5_and_fenyves,2.0,2.0,2.0,Cook2019_SI5,+,+,fenyves_sign_prediction,True,True,True,True,True,2.0,True
AIML__AVHR,AIML,AVHR,neuron_to_neuron,cook_si5_and_fenyves,1.0,1.0,1.0,Cook2019_SI5,+,+,fenyves_sign_prediction,True,True,True,True,True,1.0,True
AIML__AVJL,AIML,AVJL,neuron_to_neuron,cook_si5_and_fenyves,1.0,1.0,1.0,Cook2019_SI5,+,+,fenyves_sign_prediction,True,True,True,True,True,1.0,True
AIML__CEPDL,AIML,CEPDL,neuron_to_neuron,cook_si5_and_fenyves,3.0,3.0,3.0,Cook2019_SI5,no pred,-,fenyves_no_pred_default_inhibitory,True,True,True,True,True,2.0,True
AIML__CEPshDL,AIML,CEPshDL,neuron_to_non_neuron_or_muscle,cook_si5_only,2.0,2.0,,Cook2019_SI5,,-,missing_fenyves_default_inhibitory,True,True,False,True,False,2.0,True
AIML__CEPshVL,AIML,CEPshVL,neuron_to_non_neuron_or_muscle,cook_si5_only,1.0,1.0,,Cook2019_SI5,,-,missing_fenyves_default_inhibitory,True,True,False,True,False,1.0,True
AIML__PVQL,AIML,PVQL,neuron_to_neuron,cook_si5_and_fenyves,1.0,1.0,1.0,Cook2019_SI5,+,+,fenyves_sign_prediction,True,True,True,True,True,1.0,True
AIML__RID,AIML,RID,neuron_to_neuron,cook_si5_and_fenyves,2.0,2.0,2.0,Cook2019_SI5,+,+,fenyves_sign_prediction,True,True,True,True,True,1.0,True
AIML__RIFL,AIML,RIFL,neuron_to_neuron,cook_si5_and_fenyves,2.0,2.0,2.0,Cook2019_SI5,+,+,fenyves_sign_prediction,True,True,True,True,True,2.0,True
AIML__RMGL,AIML,RMGL,neuron_to_neuron,cook_si5_and_fenyves,3.0,3.0,3.0,Cook2019_SI5,complex,complex,fenyves_sign_prediction,True,True,True,True,True,2.0,True
AIML__SMBVL,AIML,SMBVL,neuron_to_neuron,cook_si5_and_fenyves,4.0,4.0,4.0,Cook2019_SI5,-,-,fenyves_sign_prediction,True,True,True,True,True,3.0,True
AIML__URXL,AIML,URXL,neuron_to_neuron,cook_si5_and_fenyves,1.0,1.0,1.0,Cook2019_SI5,-,-,fenyves_sign_prediction,True,True,True,True,True,1.0,True
AIMR__ADFR,AIMR,ADFR,neuron_to_neuron,cook_si5_and_fenyves,2.0,2.0,2.0,Cook2019_SI5,no pred,-,fenyves_no_pred_default_inhibitory,True,True,True,True,True,1.0,True
AIMR__AIAR,AIMR,AIAR,neuron_to_neuron,cook_si5_and_fenyves,10.0,10.0,10.0,Cook2019_SI5,complex,complex,fenyves_sign_prediction,True,True,True,True,True,7.0,True
AIMR__AIMR,AIMR,AIMR,neuron_to_neuron,cook_si5_and_fenyves,1.0,1.0,1.0,Cook2019_SI5,no pred,-,fenyves_no_pred_default_inhibitory,True,True,True,True,True,1.0,True
AIMR__ALA,AIMR,ALA,neuron_to_neuron,cook_si5_and_fenyves,2.0,2.0,2.0,Cook2019_SI5,+,+,fenyves_sign_prediction,True,True,True,True,True,1.0,True
AIMR__ASGR,AIMR,ASGR,neuron_to_neuron,cook_si5_and_fenyves,6.0,6.0,6.0,Cook2019_SI5,no pred,-,fenyves_no_pred_default_inhibitory,True,True,True,True,True,3.0,True
AIMR__ASJR,AIMR,ASJR,neuron_to_neuron,cook_si5_and_fenyves,4.0,4.0,4.0,Cook2019_SI5,no pred,-,fenyves_no_pred_default_inhibitory,True,True,True,True,True,3.0,True
AIMR__ASKR,AIMR,ASKR,neuron_to_neuron,cook_si5_and_fenyves,4.0,4.0,4.0,Cook2019_SI5,no pred,-,fenyves_no_pred_default_inhibitory,True,True,True,True,True,3.0,True
AIMR__AVAR,AIMR,AVAR,neuron_to_neuron,cook_si5_and_fenyves,1.0,1.0,1.0,Cook2019_SI5,complex,complex,fenyves_sign_prediction,True,True,True,True,True,1.0,True
AIMR__AVDR,AIMR,AVDR,neuron_to_neuron,cook_si5_and_fenyves,2.0,2.0,2.0,Cook2019_SI5,+,+,fenyves_sign_prediction,True,True,True,True,True,1.0,True
AIMR__AVFL,AIMR,AVFL,neuron_to_neuron,cook_si5_and_fenyves,3.0,3.0,3.0,Cook2019_SI5,no pred,-,fenyves_no_pred_default_inhibitory,True,True,True,True,True,3.0,True
AIMR__AVFR,AIMR,AVFR,neuron_to_neuron,cook_si5_and_fenyves,4.0,4.0,4.0,Cook2019_SI5,no pred,-,fenyves_no_pred_default_inhibitory,True,True,True,True,True,4.0,True
AIMR__AVHR,AIMR,AVHR,neuron_to_neuron,cook_si5_and_fenyves,2.0,2.0,2.0,Cook2019_SI5,+,+,fenyves_sign_prediction,True,True,True,True,True,1.0,True
AIMR__AVJR,AIMR,AVJR,neuron_to_neuron,cook_si5_and_fenyves,1.0,1.0,1.0,Cook2019_SI5,+,+,fenyves_sign_prediction,True,True,True,True,True,1.0,True
AIMR__BDUR,AIMR,BDUR,neuron_to_neuron,cook_si5_and_fenyves,2.0,2.0,2.0,Cook2019_SI5,+,+,fenyves_sign_prediction,True,True,True,True,True,1.0,True
AIMR__CEPVR,AIMR,CEPVR,neuron_to_neuron,cook_si5_and_fenyves,1.0,1.0,1.0,Cook2019_SI5,no pred,-,fenyves_no_pred_default_inhibitory,True,True,True,True,True,1.0,True
AIMR__HSNL,AIMR,HSNL,neuron_to_neuron,cook_si5_and_fenyves,3.0,3.0,3.0,Cook2019_SI5,+,+,fenyves_sign_prediction,True,True,True,True,True,3.0,True
AIMR__HSNR,AIMR,HSNR,neuron_to_neuron,cook_si5_and_fenyves,3.0,3.0,3.0,Cook2019_SI5,+,+,fenyves_sign_prediction,True,True,True,True,True,2.0,True
AIMR__OLQDR,AIMR,OLQDR,neuron_to_neuron,cook_si5_and_fenyves,1.0,1.0,1.0,Cook2019_SI5,no pred,-,fenyves_no_pred_default_inhibitory,True,True,True,True,True,1.0,True
AIMR__PVNR,AIMR,PVNR,neuron_to_neuron,cook_si5_and_fenyves,1.0,1.0,1.0,Cook2019_SI5,+,+,fenyves_sign_prediction,True,True,True,True,True,1.0,True
AIMR__RIFR,AIMR,RIFR,neuron_to_neuron,cook_si5_and_fenyves,3.0,3.0,3.0,Cook2019_SI5,+,+,fenyves_sign_prediction,True,True,True,True,True,2.0,True
AIMR__RMDR,AIMR,RMDR,neuron_to_neuron,cook_si5_and_fenyves,1.0,1.0,1.0,Cook2019_SI5,complex,complex,fenyves_sign_prediction,True,True,True,True,True,1.0,True
AIMR__RMGR,AIMR,RMGR,neuron_to_neuron,cook_si5_and_fenyves,4.0,4.0,4.0,Cook2019_SI5,complex,complex,fenyves_sign_prediction,True,True,True,True,True,2.0,True
AIMR__URXR,AIMR,URXR,neuron_to_neuron,cook_si5_and_fenyves,5.0,5.0,5.0,Cook2019_SI5,-,-,fenyves_sign_prediction,True,True,True,True,True,4.0,True
AINL__AFDR,AINL,AFDR,neuron_to_neuron,cook_si5_and_fenyves,10.0,10.0,10.0,Cook2019_SI5,no pred,-,fenyves_no_pred_default_inhibitory,True,True,True,True,True,9.0,True
AINL__AIAR,AINL,AIAR,neuron_to_neuron,cook_si5_and_fenyves,1.0,1.0,1.0,Cook2019_SI5,no pred,-,fenyves_no_pred_default_inhibitory,True,True,True,True,True,1.0,True
AINL__ASEL,AINL,ASEL,neuron_to_neuron,cook_si5_and_fenyves,1.0,1.0,1.0,Cook2019_SI5,no pred,-,fenyves_no_pred_default_inhibitory,True,True,True,True,True,1.0,True
AINL__ASGR,AINL,ASGR,neuron_to_neuron,cook_si5_and_fenyves,1.0,1.0,1.0,Cook2019_SI5,no pred,-,fenyves_no_pred_default_inhibitory,True,True,True,True,True,1.0,True
AINL__ASIL,AINL,ASIL,neuron_to_neuron,cook_si5_and_fenyves,11.0,11.0,11.0,Cook2019_SI5,no pred,-,fenyves_no_pred_default_inhibitory,True,True,True,True,True,8.0,True
AINL__AUAR,AINL,AUAR,neuron_to_neuron,cook_si5_and_fenyves,2.0,2.0,2.0,Cook2019_SI5,no pred,-,fenyves_no_pred_default_inhibitory,True,True,True,True,True,2.0,True
AINL__BAGL,AINL,BAGL,neuron_to_neuron,cook_si5_and_fenyves,5.0,5.0,5.0,Cook2019_SI5,no pred,-,fenyves_no_pred_default_inhibitory,True,True,True,True,True,4.0,True
AINL__CEPVR,AINL,CEPVR,neuron_to_neuron,fenyves_only,2.0,,2.0,Fenyves2020_only,no pred,-,fenyves_no_pred_default_inhibitory,True,True,True,False,True,0.0,False
AINL__CEPshVR,AINL,CEPshVR,neuron_to_non_neuron_or_muscle,cook_si5_only,2.0,2.0,,Cook2019_SI5,,-,missing_fenyves_default_inhibitory,True,True,False,True,False,2.0,True
AINL__RIBL,AINL,RIBL,neuron_to_neuron,cook_si5_and_fenyves,2.0,2.0,2.0,Cook2019_SI5,+,+,fenyves_sign_prediction,True,True,True,True,True,2.0,True
AINL__RIBR,AINL,RIBR,neuron_to_neuron,cook_si5_and_fenyves,3.0,3.0,3.0,Cook2019_SI5,+,+,fenyves_sign_prediction,True,True,True,True,True,2.0,True
AINL__RID,AINL,RID,neuron_to_neuron,cook_si5_and_fenyves,2.0,2.0,2.0,Cook2019_SI5,+,+,fenyves_sign_prediction,True,True,True,True,True,1.0,True
AINL__RMDVL,AINL,RMDVL,neuron_to_neuron,cook_si5_and_fenyves,3.0,3.0,3.0,Cook2019_SI5,-,-,fenyves_sign_prediction,True,True,True,True,True,2.0,True
AINL__RMFL,AINL,RMFL,neuron_to_neuron,cook_si5_and_fenyves,1.0,1.0,1.0,Cook2019_SI5,-,-,fenyves_sign_prediction,True,True,True,True,True,1.0,True
AINL__SAAVL,AINL,SAAVL,neuron_to_neuron,cook_si5_and_fenyves,3.0,3.0,3.0,Cook2019_SI5,complex,complex,fenyves_sign_prediction,True,True,True,True,True,2.0,True
AINL__hyp,AINL,hyp,neuron_to_non_neuron_or_muscle,cook_si5_only,1.0,1.0,,Cook2019_SI5,,-,missing_fenyves_default_inhibitory,True,True,False,True,False,1.0,True
AINR__AFDL,AINR,AFDL,neuron_to_neuron,cook_si5_and_fenyves,9.0,9.0,9.0,Cook2019_SI5,no pred,-,fenyves_no_pred_default_inhibitory,True,True,True,True,True,8.0,True
AINR__AFDR,AINR,AFDR,neuron_to_neuron,cook_si5_and_fenyves,3.0,3.0,3.0,Cook2019_SI5,no pred,-,fenyves_no_pred_default_inhibitory,True,True,True,True,True,2.0,True
AINR__AIAL,AINR,AIAL,neuron_to_neuron,cook_si5_and_fenyves,2.0,2.0,2.0,Cook2019_SI5,no pred,-,fenyves_no_pred_default_inhibitory,True,True,True,True,True,0.0,False
AINR__AIBL,AINR,AIBL,neuron_to_neuron,cook_si5_and_fenyves,2.0,2.0,2.0,Cook2019_SI5,-,-,fenyves_sign_prediction,True,True,True,True,True,2.0,True
AINR__AINL,AINR,AINL,neuron_to_neuron,cook_si5_and_fenyves,1.0,1.0,1.0,Cook2019_SI5,no pred,-,fenyves_no_pred_default_inhibitory,True,True,True,True,True,1.0,True
AINR__AINR,AINR,AINR,neuron_to_neuron,cook_si5_and_fenyves,1.0,1.0,1.0,Cook2019_SI5,no pred,-,fenyves_no_pred_default_inhibitory,True,True,True,True,True,1.0,True
AINR__ASEL,AINR,ASEL,neuron_to_neuron,cook_si5_and_fenyves,1.0,1.0,1.0,Cook2019_SI5,no pred,-,fenyves_no_pred_default_inhibitory,True,True,True,True,True,1.0,True
AINR__ASER,AINR,ASER,neuron_to_neuron,cook_si5_and_fenyves,3.0,3.0,3.0,Cook2019_SI5,no pred,-,fenyves_no_pred_default_inhibitory,True,True,True,True,True,2.0,True
AINR__ASGL,AINR,ASGL,neuron_to_neuron,cook_si5_and_fenyves,1.0,1.0,1.0,Cook2019_SI5,no pred,-,fenyves_no_pred_default_inhibitory,True,True,True,True,True,1.0,True
AINR__AUAL,AINR,AUAL,neuron_to_neuron,cook_si5_and_fenyves,1.0,1.0,1.0,Cook2019_SI5,no pred,-,fenyves_no_pred_default_inhibitory,True,True,True,True,True,1.0,True
AINR__AUAR,AINR,AUAR,neuron_to_neuron,cook_si5_and_fenyves,2.0,2.0,2.0,Cook2019_SI5,no pred,-,fenyves_no_pred_default_inhibitory,True,True,True,True,True,1.0,True
AINR__AWCL,AINR,AWCL,neuron_to_neuron,cook_si5_and_fenyves,2.0,2.0,2.0,Cook2019_SI5,no pred,-,fenyves_no_pred_default_inhibitory,True,True,True,True,True,1.0,True
AINR__BAGR,AINR,BAGR,neuron_to_neuron,cook_si5_and_fenyves,9.0,9.0,9.0,Cook2019_SI5,no pred,-,fenyves_no_pred_default_inhibitory,True,True,True,True,True,5.0,True
AINR__CEPDL,AINR,CEPDL,neuron_to_neuron,cook_si5_and_fenyves,2.0,2.0,2.0,Cook2019_SI5,no pred,-,fenyves_no_pred_default_inhibitory,True,True,True,True,True,1.0,True
AINR__CEPshDL,AINR,CEPshDL,neuron_to_non_neuron_or_muscle,cook_si5_only,4.0,4.0,,Cook2019_SI5,,-,missing_fenyves_default_inhibitory,True,True,False,True,False,3.0,True
AINR__RIBL,AINR,RIBL,neuron_to_neuron,cook_si5_and_fenyves,8.0,8.0,8.0,Cook2019_SI5,+,+,fenyves_sign_prediction,True,True,True,True,True,4.0,True
AINR__RID,AINR,RID,neuron_to_neuron,cook_si5_and_fenyves,2.0,2.0,2.0,Cook2019_SI5,+,+,fenyves_sign_prediction,True,True,True,True,True,2.0,True
AINR__URXL,AINR,URXL,neuron_to_neuron,cook_si5_and_fenyves,2.0,2.0,2.0,Cook2019_SI5,-,-,fenyves_sign_prediction,True,True,True,True,True,1.0,True
AINR__URXR,AINR,URXR,neuron_to_neuron,cook_si5_and_fenyves,2.0,2.0,2.0,Cook2019_SI5,-,-,fenyves_sign_prediction,True,True,True,True,True,1.0,True
AIYL__AFDL,AIYL,AFDL,neuron_to_neuron,cook_si5_and_fenyves,2.0,2.0,2.0,Cook2019_SI5,no pred,-,fenyves_no_pred_default_inhibitory,True,True,True,True,True,2.0,True
AIYL__AIBL,AIYL,AIBL,neuron_to_neuron,cook_si5_and_fenyves,3.0,3.0,3.0,Cook2019_SI5,-,-,fenyves_sign_prediction,True,True,True,True,True,3.0,True
AIYL__AIZL,AIYL,AIZL,neuron_to_neuron,cook_si5_and_fenyves,67.0,67.0,67.0,Cook2019_SI5,-,-,fenyves_sign_prediction,True,True,True,True,True,21.0,True
AIYL__ASER,AIYL,ASER,neuron_to_neuron,cook_si5_and_fenyves,1.0,1.0,1.0,Cook2019_SI5,no pred,-,fenyves_no_pred_default_inhibitory,True,True,True,True,True,1.0,True
AIYL__AWAL,AIYL,AWAL,neuron_to_neuron,cook_si5_and_fenyves,14.0,14.0,14.0,Cook2019_SI5,no pred,-,fenyves_no_pred_default_inhibitory,True,True,True,True,True,3.0,True
AIYL__AWCL,AIYL,AWCL,neuron_to_neuron,cook_si5_and_fenyves,5.0,5.0,5.0,Cook2019_SI5,no pred,-,fenyves_no_pred_default_inhibitory,True,True,True,True,True,3.0,True
AIYL__AWCR,AIYL,AWCR,neuron_to_neuron,cook_si5_and_fenyves,3.0,3.0,3.0,Cook2019_SI5,no pred,-,fenyves_no_pred_default_inhibitory,True,True,True,True,True,1.0,True
AIYL__HSNR,AIYL,HSNR,neuron_to_neuron,cook_si5_and_fenyves,1.0,1.0,1.0,Cook2019_SI5,+,+,fenyves_sign_prediction,True,True,True,True,True,1.0,True
AIYL__RIAL,AIYL,RIAL,neuron_to_neuron,cook_si5_and_fenyves,51.0,51.0,51.0,Cook2019_SI5,-,-,fenyves_sign_prediction,True,True,True,True,True,11.0,True
AIYL__RIBL,AIYL,RIBL,neuron_to_neuron,cook_si5_and_fenyves,42.0,42.0,42.0,Cook2019_SI5,+,+,fenyves_sign_prediction,True,True,True,True,True,6.0,True
AIYL__RIH,AIYL,RIH,neuron_to_neuron,cook_si5_and_fenyves,1.0,1.0,1.0,Cook2019_SI5,-,-,fenyves_sign_prediction,True,True,True,True,True,1.0,True
AIYL__RIR,AIYL,RIR,neuron_to_neuron,cook_si5_and_fenyves,1.0,1.0,1.0,Cook2019_SI5,no pred,-,fenyves_no_pred_default_inhibitory,True,True,True,True,True,1.0,True
AIYR__ADFR,AIYR,ADFR,neuron_to_neuron,cook_si5_and_fenyves,1.0,1.0,1.0,Cook2019_SI5,no pred,-,fenyves_no_pred_default_inhibitory,True,True,True,True,True,1.0,True
AIYR__AFDR,AIYR,AFDR,neuron_to_neuron,cook_si5_and_fenyves,1.0,1.0,1.0,Cook2019_SI5,no pred,-,fenyves_no_pred_default_inhibitory,True,True,True,True,True,1.0,True
AIYR__AINL,AIYR,AINL,neuron_to_neuron,cook_si5_and_fenyves,1.0,1.0,1.0,Cook2019_SI5,no pred,-,fenyves_no_pred_default_inhibitory,True,True,True,True,True,1.0,True
AIYR__AIYL,AIYR,AIYL,neuron_to_neuron,cook_si5_and_fenyves,7.0,7.0,7.0,Cook2019_SI5,complex,complex,fenyves_sign_prediction,True,True,True,True,True,2.0,True
AIYR__AIZR,AIYR,AIZR,neuron_to_neuron,cook_si5_and_fenyves,70.0,70.0,70.0,Cook2019_SI5,-,-,fenyves_sign_prediction,True,True,True,True,True,17.0,True
AIYR__ASEL,AIYR,ASEL,neuron_to_neuron,cook_si5_and_fenyves,2.0,2.0,2.0,Cook2019_SI5,no pred,-,fenyves_no_pred_default_inhibitory,True,True,True,True,True,1.0,True
AIYR__ASER,AIYR,ASER,neuron_to_neuron,cook_si5_and_fenyves,4.0,4.0,4.0,Cook2019_SI5,no pred,-,fenyves_no_pred_default_inhibitory,True,True,True,True,True,2.0,True
AIYR__ASGR,AIYR,ASGR,neuron_to_neuron,cook_si5_and_fenyves,2.0,2.0,2.0,Cook2019_SI5,no pred,-,fenyves_no_pred_default_inhibitory,True,True,True,True,True,1.0,True
AIYR__AWAR,AIYR,AWAR,neuron_to_neuron,cook_si5_and_fenyves,1.0,1.0,1.0,Cook2019_SI5,no pred,-,fenyves_no_pred_default_inhibitory,True,True,True,True,True,1.0,True
AIYR__AWBR,AIYR,AWBR,neuron_to_neuron,cook_si5_and_fenyves,1.0,1.0,1.0,Cook2019_SI5,no pred,-,fenyves_no_pred_default_inhibitory,True,True,True,True,True,1.0,True
AIYR__BAGR,AIYR,BAGR,neuron_to_neuron,cook_si5_and_fenyves,1.0,1.0,1.0,Cook2019_SI5,no pred,-,fenyves_no_pred_default_inhibitory,True,True,True,True,True,1.0,True
AIYR__RIAR,AIYR,RIAR,neuron_to_neuron,cook_si5_and_fenyves,50.0,50.0,50.0,Cook2019_SI5,-,-,fenyves_sign_prediction,True,True,True,True,True,11.0,True
AIYR__RIBR,AIYR,RIBR,neuron_to_neuron,cook_si5_and_fenyves,60.0,60.0,60.0,Cook2019_SI5,+,+,fenyves_sign_prediction,True,True,True,True,True,12.0,True
AIYR__RIVR,AIYR,RIVR,neuron_to_neuron,cook_si5_and_fenyves,1.0,1.0,1.0,Cook2019_SI5,-,-,fenyves_sign_prediction,True,True,True,True,True,1.0,True
AIZL__ADFL,AIZL,ADFL,neuron_to_neuron,cook_si5_and_fenyves,1.0,1.0,1.0,Cook2019_SI5,no pred,-,fenyves_no_pred_default_inhibitory,True,True,True,True,True,1.0,True
AIZL__AFDL,AIZL,AFDL,neuron_to_neuron,cook_si5_and_fenyves,1.0,1.0,1.0,Cook2019_SI5,no pred,-,fenyves_no_pred_default_inhibitory,True,True,True,True,True,1.0,True
AIZL__AIAL,AIZL,AIAL,neuron_to_neuron,cook_si5_and_fenyves,12.0,12.0,12.0,Cook2019_SI5,complex,complex,fenyves_sign_prediction,True,True,True,True,True,0.0,False
AIZL__AIBL,AIZL,AIBL,neuron_to_neuron,cook_si5_and_fenyves,10.0,10.0,10.0,Cook2019_SI5,+,+,fenyves_sign_prediction,True,True,True,True,True,6.0,True
AIZL__AIBR,AIZL,AIBR,neuron_to_neuron,cook_si5_and_fenyves,53.0,53.0,53.0,Cook2019_SI5,+,+,fenyves_sign_prediction,True,True,True,True,True,24.0,True
AIZL__ASEL,AIZL,ASEL,neuron_to_neuron,cook_si5_and_fenyves,4.0,4.0,4.0,Cook2019_SI5,no pred,-,fenyves_no_pred_default_inhibitory,True,True,True,True,True,3.0,True
AIZL__AVEL,AIZL,AVEL,neuron_to_neuron,cook_si5_and_fenyves,3.0,3.0,3.0,Cook2019_SI5,+,+,fenyves_sign_prediction,True,True,True,True,True,1.0,True
AIZL__AVER,AIZL,AVER,neuron_to_neuron,cook_si5_and_fenyves,26.0,26.0,26.0,Cook2019_SI5,+,+,fenyves_sign_prediction,True,True,True,True,True,13.0,True
AIZL__AVKR,AIZL,AVKR,neuron_to_neuron,cook_si5_and_fenyves,4.0,4.0,4.0,Cook2019_SI5,+,+,fenyves_sign_prediction,True,True,True,True,True,1.0,True
AIZL__AWCR,AIZL,AWCR,neuron_to_neuron,cook_si5_and_fenyves,2.0,2.0,2.0,Cook2019_SI5,no pred,-,fenyves_no_pred_default_inhibitory,True,True,True,True,True,2.0,True
AIZL__DVA,AIZL,DVA,neuron_to_neuron,cook_si5_and_fenyves,1.0,1.0,1.0,Cook2019_SI5,+,+,fenyves_sign_prediction,True,True,True,True,True,1.0,True
AIZL__RIAL,AIZL,RIAL,neuron_to_neuron,cook_si5_and_fenyves,29.0,29.0,29.0,Cook2019_SI5,complex,complex,fenyves_sign_prediction,True,True,True,True,True,10.0,True
AIZL__RICR,AIZL,RICR,neuron_to_neuron,cook_si5_and_fenyves,11.0,11.0,11.0,Cook2019_SI5,+,+,fenyves_sign_prediction,True,True,True,True,True,2.0,True
AIZL__RIGL,AIZL,RIGL,neuron_to_neuron,cook_si5_and_fenyves,4.0,4.0,4.0,Cook2019_SI5,+,+,fenyves_sign_prediction,True,True,True,True,True,2.0,True
AIZL__RIML,AIZL,RIML,neuron_to_neuron,cook_si5_and_fenyves,35.0,35.0,35.0,Cook2019_SI5,complex,complex,fenyves_sign_prediction,True,True,True,True,True,12.0,True
AIZL__SMBDL,AIZL,SMBDL,neuron_to_neuron,cook_si5_and_fenyves,24.0,24.0,24.0,Cook2019_SI5,no pred,-,fenyves_no_pred_default_inhibitory,True,True,True,True,True,12.0,True
AIZL__SMBVL,AIZL,SMBVL,neuron_to_neuron,cook_si5_and_fenyves,21.0,21.0,21.0,Cook2019_SI5,no pred,-,fenyves_no_pred_default_inhibitory,True,True,True,True,True,10.0,True
AIZL__SMDVL,AIZL,SMDVL,neuron_to_neuron,cook_si5_and_fenyves,3.0,3.0,3.0,Cook2019_SI5,+,+,fenyves_sign_prediction,True,True,True,True,True,1.0,True
AIZL__URYDL,AIZL,URYDL,neuron_to_neuron,cook_si5_and_fenyves,3.0,3.0,3.0,Cook2019_SI5,+,+,fenyves_sign_prediction,True,True,True,True,True,2.0,True
AIZL__VB02,AIZL,VB02,neuron_to_neuron,cook_si5_and_fenyves,1.0,1.0,1.0,Cook2019_SI5,+,+,fenyves_sign_prediction,True,True,True,True,True,1.0,True
AIZL__vBWML7,AIZL,vBWML7,neuron_to_non_neuron_or_muscle,cook_si5_only,1.0,1.0,,Cook2019_SI5,,-,missing_fenyves_default_inhibitory,True,True,False,True,False,1.0,True
AIZR__ADFR,AIZR,ADFR,neuron_to_neuron,cook_si5_and_fenyves,1.0,1.0,1.0,Cook2019_SI5,no pred,-,fenyves_no_pred_default_inhibitory,True,True,True,True,True,1.0,True
AIZR__AIAR,AIZR,AIAR,neuron_to_neuron,cook_si5_and_fenyves,5.0,5.0,5.0,Cook2019_SI5,complex,complex,fenyves_sign_prediction,True,True,True,True,True,5.0,True
AIZR__AIBL,AIZR,AIBL,neuron_to_neuron,cook_si5_and_fenyves,50.0,50.0,50.0,Cook2019_SI5,+,+,fenyves_sign_prediction,True,True,True,True,True,15.0,True
AIZR__AIBR,AIZR,AIBR,neuron_to_neuron,cook_si5_and_fenyves,3.0,3.0,3.0,Cook2019_SI5,+,+,fenyves_sign_prediction,True,True,True,True,True,3.0,True
AIZR__ASER,AIZR,ASER,neuron_to_neuron,cook_si5_and_fenyves,2.0,2.0,2.0,Cook2019_SI5,no pred,-,fenyves_no_pred_default_inhibitory,True,True,True,True,True,2.0,True
AIZR__AVEL,AIZR,AVEL,neuron_to_neuron,cook_si5_and_fenyves,28.0,28.0,28.0,Cook2019_SI5,+,+,fenyves_sign_prediction,True,True,True,True,True,6.0,True
AIZR__AVER,AIZR,AVER,neuron_to_neuron,cook_si5_and_fenyves,1.0,1.0,1.0,Cook2019_SI5,+,+,fenyves_sign_prediction,True,True,True,True,True,1.0,True
AIZR__AWAR,AIZR,AWAR,neuron_to_neuron,cook_si5_and_fenyves,1.0,1.0,1.0,Cook2019_SI5,no pred,-,fenyves_no_pred_default_inhibitory,True,True,True,True,True,1.0,True
AIZR__AWCR,AIZR,AWCR,neuron_to_neuron,cook_si5_and_fenyves,2.0,2.0,2.0,Cook2019_SI5,no pred,-,fenyves_no_pred_default_inhibitory,True,True,True,True,True,2.0,True
AIZR__DVA,AIZR,DVA,neuron_to_neuron,cook_si5_and_fenyves,3.0,3.0,3.0,Cook2019_SI5,+,+,fenyves_sign_prediction,True,True,True,True,True,3.0,True
AIZR__RIAR,AIZR,RIAR,neuron_to_neuron,cook_si5_and_fenyves,25.0,25.0,25.0,Cook2019_SI5,complex,complex,fenyves_sign_prediction,True,True,True,True,True,11.0,True
AIZR__RIMR,AIZR,RIMR,neuron_to_neuron,cook_si5_and_fenyves,34.0,34.0,34.0,Cook2019_SI5,complex,complex,fenyves_sign_prediction,True,True,True,True,True,13.0,True
AIZR__SIADR,AIZR,SIADR,neuron_to_neuron,cook_si5_and_fenyves,1.0,1.0,1.0,Cook2019_SI5,no pred,-,fenyves_no_pred_default_inhibitory,True,True,True,True,True,1.0,True
AIZR__SMBDR,AIZR,SMBDR,neuron_to_neuron,cook_si5_and_fenyves,17.0,17.0,17.0,Cook2019_SI5,no pred,-,fenyves_no_pred_default_inhibitory,True,True,True,True,True,7.0,True
AIZR__SMBVR,AIZR,SMBVR,neuron_to_neuron,cook_si5_and_fenyves,10.0,10.0,10.0,Cook2019_SI5,no pred,-,fenyves_no_pred_default_inhibitory,True,True,True,True,True,4.0,True
AIZR__SMDDR,AIZR,SMDDR,neuron_to_neuron,cook_si5_and_fenyves,4.0,4.0,4.0,Cook2019_SI5,+,+,fenyves_sign_prediction,True,True,True,True,True,2.0,True
ALA__ASJR,ALA,ASJR,neuron_to_neuron,cook_si5_and_fenyves,4.0,4.0,4.0,Cook2019_SI5,no pred,-,fenyves_no_pred_default_inhibitory,True,True,True,True,True,1.0,True
ALA__AVAR,ALA,AVAR,neuron_to_neuron,fenyves_only,3.0,,3.0,Fenyves2020_only,-,-,fenyves_only_connection_with_sign,True,True,True,False,True,0.0,False
ALA__AVDR,ALA,AVDR,neuron_to_neuron,cook_si5_and_fenyves,1.0,1.0,1.0,Cook2019_SI5,+,+,fenyves_sign_prediction,True,True,True,True,True,1.0,True
ALA__AVEL,ALA,AVEL,neuron_to_neuron,cook_si5_and_fenyves,8.0,8.0,8.0,Cook2019_SI5,-,-,fenyves_sign_prediction,True,True,True,True,True,3.0,True
ALA__AVER,ALA,AVER,neuron_to_neuron,cook_si5_and_fenyves,4.0,4.0,4.0,Cook2019_SI5,-,-,fenyves_sign_prediction,True,True,True,True,True,4.0,True
ALA__CANL,ALA,CANL,neuron_to_neuron,cook_si5_only,30.0,30.0,,Cook2019_SI5,,-,missing_fenyves_default_inhibitory,True,True,True,True,False,1.0,True
ALA__CANR,ALA,CANR,neuron_to_neuron,cook_si5_only,30.0,30.0,,Cook2019_SI5,,-,missing_fenyves_default_inhibitory,True,True,True,True,False,0.0,False
ALA__CEPshDL,ALA,CEPshDL,neuron_to_non_neuron_or_muscle,cook_si5_only,3.0,3.0,,Cook2019_SI5,,-,missing_fenyves_default_inhibitory,True,True,False,True,False,2.0,True
ALA__PVDL,ALA,PVDL,neuron_to_neuron,cook_si5_only,75.0,75.0,,Cook2019_SI5,,-,missing_fenyves_default_inhibitory,True,True,True,True,False,0.0,False
ALA__PVDR,ALA,PVDR,neuron_to_neuron,cook_si5_only,75.0,75.0,,Cook2019_SI5,,-,missing_fenyves_default_inhibitory,True,True,True,True,False,0.0,False
ALA__RIAR,ALA,RIAR,neuron_to_neuron,cook_si5_and_fenyves,2.0,2.0,2.0,Cook2019_SI5,no pred,-,fenyves_no_pred_default_inhibitory,True,True,True,True,True,1.0,True
ALA__RMDR,ALA,RMDR,neuron_to_neuron,cook_si5_and_fenyves,3.0,3.0,3.0,Cook2019_SI5,-,-,fenyves_sign_prediction,True,True,True,True,True,3.0,True
ALA__exc_cell,ALA,exc_cell,neuron_to_non_neuron_or_muscle,cook_si5_only,15.0,15.0,,Cook2019_SI5,,-,missing_fenyves_default_inhibitory,True,True,False,True,False,0.0,False
ALA__hyp,ALA,hyp,neuron_to_non_neuron_or_muscle,cook_si5_only,18.0,18.0,,Cook2019_SI5,,-,missing_fenyves_default_inhibitory,True,True,False,True,False,0.0,False
ALML__AIML,ALML,AIML,neuron_to_neuron,cook_si5_and_fenyves,1.0,1.0,1.0,Cook2019_SI5,no pred,-,fenyves_no_pred_default_inhibitory,True,True,True,True,True,1.0,True
ALML__ALML,ALML,ALML,neuron_to_neuron,cook_si5_and_fenyves,1.0,1.0,1.0,Cook2019_SI5,complex,complex,fenyves_sign_prediction,True,True,True,True,True,1.0,True
ALML__AVDR,ALML,AVDR,neuron_to_neuron,cook_si5_and_fenyves,3.0,3.0,3.0,Cook2019_SI5,+,+,fenyves_sign_prediction,True,True,True,True,True,1.0,True
ALML__AVEL,ALML,AVEL,neuron_to_neuron,cook_si5_and_fenyves,3.0,3.0,3.0,Cook2019_SI5,+,+,fenyves_sign_prediction,True,True,True,True,True,2.0,True
ALML__BDUL,ALML,BDUL,neuron_to_neuron,cook_si5_and_fenyves,15.0,15.0,15.0,Cook2019_SI5,+,+,fenyves_sign_prediction,True,True,True,True,True,9.0,True
ALML__CEPDL,ALML,CEPDL,neuron_to_neuron,cook_si5_and_fenyves,2.0,2.0,2.0,Cook2019_SI5,no pred,-,fenyves_no_pred_default_inhibitory,True,True,True,True,True,2.0,True
ALML__CEPVL,ALML,CEPVL,neuron_to_neuron,cook_si5_and_fenyves,3.0,3.0,3.0,Cook2019_SI5,no pred,-,fenyves_no_pred_default_inhibitory,True,True,True,True,True,1.0,True
ALML__PVCL,ALML,PVCL,neuron_to_neuron,cook_si5_and_fenyves,11.0,11.0,11.0,Cook2019_SI5,+,+,fenyves_sign_prediction,True,True,True,True,True,6.0,True
ALML__PVCR,ALML,PVCR,neuron_to_neuron,cook_si5_and_fenyves,4.0,4.0,4.0,Cook2019_SI5,+,+,fenyves_sign_prediction,True,True,True,True,True,2.0,True
ALML__RICL,ALML,RICL,neuron_to_neuron,cook_si5_and_fenyves,2.0,2.0,2.0,Cook2019_SI5,+,+,fenyves_sign_prediction,True,True,True,True,True,1.0,True
ALML__RICR,ALML,RICR,neuron_to_neuron,cook_si5_and_fenyves,3.0,3.0,3.0,Cook2019_SI5,+,+,fenyves_sign_prediction,True,True,True,True,True,2.0,True
ALML__RIFL,ALML,RIFL,neuron_to_neuron,cook_si5_and_fenyves,2.0,2.0,2.0,Cook2019_SI5,+,+,fenyves_sign_prediction,True,True,True,True,True,1.0,True
ALML__RMDDR,ALML,RMDDR,neuron_to_neuron,cook_si5_and_fenyves,1.0,1.0,1.0,Cook2019_SI5,+,+,fenyves_sign_prediction,True,True,True,True,True,1.0,True
ALML__RMGL,ALML,RMGL,neuron_to_neuron,cook_si5_and_fenyves,3.0,3.0,3.0,Cook2019_SI5,complex,complex,fenyves_sign_prediction,True,True,True,True,True,2.0,True
ALML__SDQL,ALML,SDQL,neuron_to_neuron,cook_si5_and_fenyves,2.0,2.0,2.0,Cook2019_SI5,no pred,-,fenyves_no_pred_default_inhibitory,True,True,True,True,True,1.0,True
ALML__SMBDR,ALML,SMBDR,neuron_to_neuron,cook_si5_and_fenyves,2.0,2.0,2.0,Cook2019_SI5,no pred,-,fenyves_no_pred_default_inhibitory,True,True,True,True,True,1.0,True
ALML__hyp,ALML,hyp,neuron_to_non_neuron_or_muscle,cook_si5_only,1.0,1.0,,Cook2019_SI5,,-,missing_fenyves_default_inhibitory,True,True,False,True,False,0.0,False
ALMR__BDUR,ALMR,BDUR,neuron_to_neuron,cook_si5_and_fenyves,14.0,14.0,14.0,Cook2019_SI5,+,+,fenyves_sign_prediction,True,True,True,True,True,9.0,True
ALMR__CEPDR,ALMR,CEPDR,neuron_to_neuron,cook_si5_and_fenyves,1.0,1.0,1.0,Cook2019_SI5,no pred,-,fenyves_no_pred_default_inhibitory,True,True,True,True,True,1.0,True
ALMR__CEPVR,ALMR,CEPVR,neuron_to_neuron,cook_si5_and_fenyves,3.0,3.0,3.0,Cook2019_SI5,no pred,-,fenyves_no_pred_default_inhibitory,True,True,True,True,True,3.0,True
ALMR__PVCR,ALMR,PVCR,neuron_to_neuron,cook_si5_and_fenyves,10.0,10.0,10.0,Cook2019_SI5,+,+,fenyves_sign_prediction,True,True,True,True,True,7.0,True
ALMR__RMDDL,ALMR,RMDDL,neuron_to_neuron,cook_si5_and_fenyves,1.0,1.0,1.0,Cook2019_SI5,+,+,fenyves_sign_prediction,True,True,True,True,True,1.0,True
ALMR__SIADL,ALMR,SIADL,neuron_to_neuron,cook_si5_and_fenyves,1.0,1.0,1.0,Cook2019_SI5,no pred,-,fenyves_no_pred_default_inhibitory,True,True,True,True,True,1.0,True
ALMR__SMDDL,ALMR,SMDDL,neuron_to_neuron,cook_si5_and_fenyves,1.0,1.0,1.0,Cook2019_SI5,+,+,fenyves_sign_prediction,True,True,True,True,True,1.0,True
ALMR__URBR,ALMR,URBR,neuron_to_neuron,cook_si5_and_fenyves,1.0,1.0,1.0,Cook2019_SI5,+,+,fenyves_sign_prediction,True,True,True,True,True,1.0,True
ALNL__RIAL,ALNL,RIAL,neuron_to_neuron,cook_si5_and_fenyves,1.0,1.0,1.0,Cook2019_SI5,-,-,fenyves_sign_prediction,True,True,True,True,True,1.0,True
ALNL__RMDDR,ALNL,RMDDR,neuron_to_neuron,cook_si5_and_fenyves,1.0,1.0,1.0,Cook2019_SI5,-,-,fenyves_sign_prediction,True,True,True,True,True,1.0,True
ALNL__RMGL,ALNL,RMGL,neuron_to_neuron,cook_si5_and_fenyves,1.0,1.0,1.0,Cook2019_SI5,no pred,-,fenyves_no_pred_default_inhibitory,True,True,True,True,True,1.0,True
ALNL__RMHL,ALNL,RMHL,neuron_to_neuron,cook_si5_and_fenyves,1.0,1.0,1.0,Cook2019_SI5,no pred,-,fenyves_no_pred_default_inhibitory,True,True,True,True,True,1.0,True
ALNL__SAAVL,ALNL,SAAVL,neuron_to_neuron,cook_si5_and_fenyves,8.0,8.0,8.0,Cook2019_SI5,complex,complex,fenyves_sign_prediction,True,True,True,True,True,4.0,True
ALNL__SIADR,ALNL,SIADR,neuron_to_neuron,cook_si5_and_fenyves,1.0,1.0,1.0,Cook2019_SI5,complex,complex,fenyves_sign_prediction,True,True,True,True,True,1.0,True
ALNL__SMBDR,ALNL,SMBDR,neuron_to_neuron,cook_si5_and_fenyves,7.0,7.0,7.0,Cook2019_SI5,-,-,fenyves_sign_prediction,True,True,True,True,True,3.0,True
ALNL__SMDVL,ALNL,SMDVL,neuron_to_neuron,cook_si5_and_fenyves,1.0,1.0,1.0,Cook2019_SI5,complex,complex,fenyves_sign_prediction,True,True,True,True,True,1.0,True
ALNR__ADER,ALNR,ADER,neuron_to_neuron,cook_si5_and_fenyves,1.0,1.0,1.0,Cook2019_SI5,no pred,-,fenyves_no_pred_default_inhibitory,True,True,True,True,True,1.0,True
ALNR__AVAL,ALNR,AVAL,neuron_to_neuron,cook_si5_and_fenyves,6.0,6.0,6.0,Cook2019_SI5,complex,complex,fenyves_sign_prediction,True,True,True,True,True,2.0,True
ALNR__IL2DR,ALNR,IL2DR,neuron_to_neuron,fenyves_only,7.0,,7.0,Fenyves2020_only,no pred,-,fenyves_no_pred_default_inhibitory,True,True,True,False,True,0.0,False
ALNR__RIML,ALNR,RIML,neuron_to_neuron,cook_si5_and_fenyves,5.0,5.0,5.0,Cook2019_SI5,complex,complex,fenyves_sign_prediction,True,True,True,True,True,1.0,True
ALNR__SAAVR,ALNR,SAAVR,neuron_to_neuron,cook_si5_and_fenyves,6.0,6.0,3.0,Cook2019_SI5,complex,complex,fenyves_sign_prediction,True,True,True,True,True,5.0,True
ALNR__SMBDL,ALNR,SMBDL,neuron_to_neuron,cook_si5_and_fenyves,4.0,4.0,4.0,Cook2019_SI5,-,-,fenyves_sign_prediction,True,True,True,True,True,2.0,True
ALNR__SMDDR,ALNR,SMDDR,neuron_to_neuron,cook_si5_and_fenyves,1.0,1.0,1.0,Cook2019_SI5,complex,complex,fenyves_sign_prediction,True,True,True,True,True,1.0,True
ALNR__SMDVL,ALNR,SMDVL,neuron_to_neuron,cook_si5_and_fenyves,2.0,2.0,2.0,Cook2019_SI5,complex,complex,fenyves_sign_prediction,True,True,True,True,True,1.0,True
AQR__AVAL,AQR,AVAL,neuron_to_neuron,cook_si5_and_fenyves,4.0,4.0,4.0,Cook2019_SI5,+,+,fenyves_sign_prediction,True,True,True,True,True,4.0,True
AQR__AVAR,AQR,AVAR,neuron_to_neuron,cook_si5_and_fenyves,6.0,6.0,6.0,Cook2019_SI5,+,+,fenyves_sign_prediction,True,True,True,True,True,3.0,True
AQR__AVBL,AQR,AVBL,neuron_to_neuron,cook_si5_and_fenyves,7.0,7.0,7.0,Cook2019_SI5,+,+,fenyves_sign_prediction,True,True,True,True,True,3.0,True
AQR__AVBR,AQR,AVBR,neuron_to_neuron,cook_si5_and_fenyves,12.0,12.0,12.0,Cook2019_SI5,+,+,fenyves_sign_prediction,True,True,True,True,True,6.0,True
AQR__AVDL,AQR,AVDL,neuron_to_neuron,cook_si5_and_fenyves,3.0,3.0,3.0,Cook2019_SI5,+,+,fenyves_sign_prediction,True,True,True,True,True,1.0,True
AQR__AVDR,AQR,AVDR,neuron_to_neuron,cook_si5_and_fenyves,2.0,2.0,2.0,Cook2019_SI5,+,+,fenyves_sign_prediction,True,True,True,True,True,1.0,True
AQR__AVJL,AQR,AVJL,neuron_to_neuron,cook_si5_and_fenyves,3.0,3.0,3.0,Cook2019_SI5,+,+,fenyves_sign_prediction,True,True,True,True,True,1.0,True
AQR__BAGL,AQR,BAGL,neuron_to_neuron,cook_si5_and_fenyves,8.0,8.0,8.0,Cook2019_SI5,no pred,-,fenyves_no_pred_default_inhibitory,True,True,True,True,True,5.0,True
AQR__BAGR,AQR,BAGR,neuron_to_neuron,cook_si5_and_fenyves,5.0,5.0,5.0,Cook2019_SI5,no pred,-,fenyves_no_pred_default_inhibitory,True,True,True,True,True,3.0,True
AQR__DVA,AQR,DVA,neuron_to_neuron,cook_si5_and_fenyves,6.0,6.0,6.0,Cook2019_SI5,+,+,fenyves_sign_prediction,True,True,True,True,True,3.0,True
AQR__PVCL,AQR,PVCL,neuron_to_neuron,cook_si5_and_fenyves,1.0,1.0,1.0,Cook2019_SI5,+,+,fenyves_sign_prediction,True,True,True,True,True,1.0,True
AQR__PVCR,AQR,PVCR,neuron_to_neuron,cook_si5_and_fenyves,4.0,4.0,4.0,Cook2019_SI5,+,+,fenyves_sign_prediction,True,True,True,True,True,2.0,True
AQR__PVPL,AQR,PVPL,neuron_to_neuron,cook_si5_and_fenyves,3.0,3.0,3.0,Cook2019_SI5,no pred,-,fenyves_no_pred_default_inhibitory,True,True,True,True,True,2.0,True
AQR__PVPR,AQR,PVPR,neuron_to_neuron,cook_si5_and_fenyves,1.0,1.0,1.0,Cook2019_SI5,no pred,-,fenyves_no_pred_default_inhibitory,True,True,True,True,True,1.0,True
AQR__RIAL,AQR,RIAL,neuron_to_neuron,cook_si5_and_fenyves,8.0,8.0,8.0,Cook2019_SI5,complex,complex,fenyves_sign_prediction,True,True,True,True,True,5.0,True
AQR__RIAR,AQR,RIAR,neuron_to_neuron,cook_si5_and_fenyves,4.0,4.0,4.0,Cook2019_SI5,complex,complex,fenyves_sign_prediction,True,True,True,True,True,3.0,True
AQR__RIGL,AQR,RIGL,neuron_to_neuron,cook_si5_and_fenyves,1.0,1.0,1.0,Cook2019_SI5,+,+,fenyves_sign_prediction,True,True,True,True,True,1.0,True
AQR__RIR,AQR,RIR,neuron_to_neuron,cook_si5_and_fenyves,1.0,1.0,1.0,Cook2019_SI5,+,+,fenyves_sign_prediction,True,True,True,True,True,1.0,True
AQR__URXL,AQR,URXL,neuron_to_neuron,cook_si5_and_fenyves,5.0,5.0,5.0,Cook2019_SI5,no pred,-,fenyves_no_pred_default_inhibitory,True,True,True,True,True,2.0,True
AS01__AS01,AS01,AS01,neuron_to_neuron,cook_si5_and_fenyves,3.0,3.0,3.0,Cook2019_SI5,+,+,fenyves_sign_prediction,True,True,True,True,True,0.0,False
AS01__DA01,AS01,DA01,neuron_to_neuron,cook_si5_and_fenyves,8.0,8.0,8.0,Cook2019_SI5,+,+,fenyves_sign_prediction,True,True,True,True,True,4.0,True
AS01__DB01,AS01,DB01,neuron_to_neuron,cook_si5_and_fenyves,3.0,3.0,3.0,Cook2019_SI5,+,+,fenyves_sign_prediction,True,True,True,True,True,2.0,True
AS01__DD01,AS01,DD01,neuron_to_neuron,cook_si5_and_fenyves,2.0,2.0,2.0,Cook2019_SI5,+,+,fenyves_sign_prediction,True,True,True,True,True,1.0,True
AS01__VD01,AS01,VD01,neuron_to_neuron,cook_si5_and_fenyves,20.0,20.0,20.0,Cook2019_SI5,+,+,fenyves_sign_prediction,True,True,True,True,True,2.0,True
AS01__dBWML6,AS01,dBWML6,neuron_to_non_neuron_or_muscle,cook_si5_only,4.0,4.0,,Cook2019_SI5,,-,missing_fenyves_default_inhibitory,True,True,False,True,False,2.0,True
AS01__dBWML7,AS01,dBWML7,neuron_to_non_neuron_or_muscle,cook_si5_only,6.0,6.0,,Cook2019_SI5,,-,missing_fenyves_default_inhibitory,True,True,False,True,False,4.0,True
AS01__dBWMR6,AS01,dBWMR6,neuron_to_non_neuron_or_muscle,cook_si5_only,10.0,10.0,,Cook2019_SI5,,-,missing_fenyves_default_inhibitory,True,True,False,True,False,3.0,True
AS01__dBWMR7,AS01,dBWMR7,neuron_to_non_neuron_or_muscle,cook_si5_only,10.0,10.0,,Cook2019_SI5,,-,missing_fenyves_default_inhibitory,True,True,False,True,False,4.0,True
AS02__DB01,AS02,DB01,neuron_to_neuron,cook_si5_and_fenyves,1.0,1.0,1.0,Cook2019_SI5,+,+,fenyves_sign_prediction,True,True,True,True,True,2.0,True
AS02__DD01,AS02,DD01,neuron_to_neuron,cook_si5_and_fenyves,3.0,3.0,3.0,Cook2019_SI5,+,+,fenyves_sign_prediction,True,True,True,True,True,4.0,True
AS02__RID,AS02,RID,neuron_to_neuron,cook_si5_and_fenyves,2.0,2.0,2.0,Cook2019_SI5,+,+,fenyves_sign_prediction,True,True,True,True,True,1.0,True
AS02__VD02,AS02,VD02,neuron_to_neuron,cook_si5_and_fenyves,21.0,21.0,21.0,Cook2019_SI5,+,+,fenyves_sign_prediction,True,True,True,True,True,14.0,True
AS02__dBWML7,AS02,dBWML7,neuron_to_non_neuron_or_muscle,cook_si5_only,2.0,2.0,,Cook2019_SI5,,-,missing_fenyves_default_inhibitory,True,True,False,True,False,2.0,True
AS02__dBWML8,AS02,dBWML8,neuron_to_non_neuron_or_muscle,cook_si5_only,5.0,5.0,,Cook2019_SI5,,-,missing_fenyves_default_inhibitory,True,True,False,True,False,0.0,False
AS02__dBWML9,AS02,dBWML9,neuron_to_non_neuron_or_muscle,cook_si5_only,6.0,6.0,,Cook2019_SI5,,-,missing_fenyves_default_inhibitory,True,True,False,True,False,0.0,False
AS02__dBWMR7,AS02,dBWMR7,neuron_to_non_neuron_or_muscle,cook_si5_only,3.0,3.0,,Cook2019_SI5,,-,missing_fenyves_default_inhibitory,True,True,False,True,False,2.0,True
AS02__dBWMR8,AS02,dBWMR8,neuron_to_non_neuron_or_muscle,cook_si5_only,4.0,4.0,,Cook2019_SI5,,-,missing_fenyves_default_inhibitory,True,True,False,True,False,2.0,True
AS02__dBWMR9,AS02,dBWMR9,neuron_to_non_neuron_or_muscle,cook_si5_only,2.0,2.0,,Cook2019_SI5,,-,missing_fenyves_default_inhibitory,True,True,False,True,False,0.0,False
AS03__DA03,AS03,DA03,neuron_to_neuron,cook_si5_and_fenyves,1.0,1.0,1.0,Cook2019_SI5,+,+,fenyves_sign_prediction,True,True,True,True,True,3.0,True
AS03__DD01,AS03,DD01,neuron_to_neuron,cook_si5_only,2.0,2.0,,Cook2019_SI5,,-,missing_fenyves_default_inhibitory,True,True,True,True,False,2.0,True
AS03__VD03,AS03,VD03,neuron_to_neuron,cook_si5_and_fenyves,23.0,23.0,23.0,Cook2019_SI5,+,+,fenyves_sign_prediction,True,True,True,True,True,14.0,True
AS03__dBWML10,AS03,dBWML10,neuron_to_non_neuron_or_muscle,cook_si5_only,7.0,7.0,,Cook2019_SI5,,-,missing_fenyves_default_inhibitory,True,True,False,True,False,0.0,False
AS03__dBWML9,AS03,dBWML9,neuron_to_non_neuron_or_muscle,cook_si5_only,1.0,1.0,,Cook2019_SI5,,-,missing_fenyves_default_inhibitory,True,True,False,True,False,0.0,False
AS03__dBWMR10,AS03,dBWMR10,neuron_to_non_neuron_or_muscle,cook_si5_only,5.0,5.0,,Cook2019_SI5,,-,missing_fenyves_default_inhibitory,True,True,False,True,False,0.0,False
AS03__dBWMR9,AS03,dBWMR9,neuron_to_non_neuron_or_muscle,cook_si5_only,8.0,8.0,,Cook2019_SI5,,-,missing_fenyves_default_inhibitory,True,True,False,True,False,0.0,False
AS04__DA03,AS04,DA03,neuron_to_neuron,cook_si5_and_fenyves,2.0,2.0,2.0,Cook2019_SI5,+,+,fenyves_sign_prediction,True,True,True,True,True,0.0,False
AS04__DB02,AS04,DB02,neuron_to_neuron,cook_si5_and_fenyves,2.0,2.0,2.0,Cook2019_SI5,+,+,fenyves_sign_prediction,True,True,True,True,True,0.0,False
AS04__DD01,AS04,DD01,neuron_to_neuron,cook_si5_and_fenyves,2.0,2.0,2.0,Cook2019_SI5,+,+,fenyves_sign_prediction,True,True,True,True,True,0.0,False
AS04__DD02,AS04,DD02,neuron_to_neuron,cook_si5_and_fenyves,4.0,4.0,4.0,Cook2019_SI5,+,+,fenyves_sign_prediction,True,True,True,True,True,3.0,True
AS04__VD04,AS04,VD04,neuron_to_neuron,cook_si5_and_fenyves,21.0,21.0,21.0,Cook2019_SI5,+,+,fenyves_sign_prediction,True,True,True,True,True,14.0,True
AS04__dBWML10,AS04,dBWML10,neuron_to_non_neuron_or_muscle,cook_si5_only,5.0,5.0,,Cook2019_SI5,,-,missing_fenyves_default_inhibitory,True,True,False,True,False,0.0,False
AS04__dBWML11,AS04,dBWML11,neuron_to_non_neuron_or_muscle,cook_si5_only,5.0,5.0,,Cook2019_SI5,,-,missing_fenyves_default_inhibitory,True,True,False,True,False,0.0,False
AS04__dBWML12,AS04,dBWML12,neuron_to_non_neuron_or_muscle,cook_si5_only,2.0,2.0,,Cook2019_SI5,,-,missing_fenyves_default_inhibitory,True,True,False,True,False,0.0,False
AS04__dBWMR11,AS04,dBWMR11,neuron_to_non_neuron_or_muscle,cook_si5_only,4.0,4.0,,Cook2019_SI5,,-,missing_fenyves_default_inhibitory,True,True,False,True,False,0.0,False
AS04__dBWMR12,AS04,dBWMR12,neuron_to_non_neuron_or_muscle,cook_si5_only,5.0,5.0,,Cook2019_SI5,,-,missing_fenyves_default_inhibitory,True,True,False,True,False,0.0,False
AS05__AS05,AS05,AS05,neuron_to_neuron,cook_si5_and_fenyves,3.0,3.0,3.0,Cook2019_SI5,+,+,fenyves_sign_prediction,True,True,True,True,True,1.0,True
AS05__DA04,AS05,DA04,neuron_to_neuron,cook_si5_only,1.0,1.0,,Cook2019_SI5,,-,missing_fenyves_default_inhibitory,True,True,True,True,False,1.0,True
AS05__DD03,AS05,DD03,neuron_to_neuron,cook_si5_only,1.0,1.0,,Cook2019_SI5,,-,missing_fenyves_default_inhibitory,True,True,True,True,False,1.0,True
AS05__PVDL,AS05,PVDL,neuron_to_neuron,cook_si5_only,1.0,1.0,,Cook2019_SI5,,-,missing_fenyves_default_inhibitory,True,True,True,True,False,1.0,True
AS05__VD05,AS05,VD05,neuron_to_neuron,cook_si5_and_fenyves,12.0,12.0,12.0,Cook2019_SI5,+,+,fenyves_sign_prediction,True,True,True,True,True,9.0,True
AS05__dBWML11,AS05,dBWML11,neuron_to_non_neuron_or_muscle,cook_si5_only,2.0,2.0,,Cook2019_SI5,,-,missing_fenyves_default_inhibitory,True,True,False,True,False,0.0,False
AS05__dBWML12,AS05,dBWML12,neuron_to_non_neuron_or_muscle,cook_si5_only,8.0,8.0,,Cook2019_SI5,,-,missing_fenyves_default_inhibitory,True,True,False,True,False,0.0,False
AS05__dBWMR12,AS05,dBWMR12,neuron_to_non_neuron_or_muscle,cook_si5_only,2.0,2.0,,Cook2019_SI5,,-,missing_fenyves_default_inhibitory,True,True,False,True,False,0.0,False
AS06__DA05,AS06,DA05,neuron_to_neuron,cook_si5_and_fenyves,1.0,1.0,1.0,Cook2019_SI5,+,+,fenyves_sign_prediction,True,True,True,True,True,1.0,True
AS06__DB04,AS06,DB04,neuron_to_neuron,cook_si5_and_fenyves,1.0,1.0,1.0,Cook2019_SI5,+,+,fenyves_sign_prediction,True,True,True,True,True,1.0,True
AS06__DD03,AS06,DD03,neuron_to_neuron,cook_si5_only,4.0,4.0,,Cook2019_SI5,,-,missing_fenyves_default_inhibitory,True,True,True,True,False,3.0,True
AS06__VD06,AS06,VD06,neuron_to_neuron,cook_si5_and_fenyves,20.0,20.0,20.0,Cook2019_SI5,+,+,fenyves_sign_prediction,True,True,True,True,True,11.0,True
AS06__dBWML13,AS06,dBWML13,neuron_to_non_neuron_or_muscle,cook_si5_only,2.0,2.0,,Cook2019_SI5,,-,missing_fenyves_default_inhibitory,True,True,False,True,False,0.0,False
AS06__dBWML14,AS06,dBWML14,neuron_to_non_neuron_or_muscle,cook_si5_only,3.0,3.0,,Cook2019_SI5,,-,missing_fenyves_default_inhibitory,True,True,False,True,False,0.0,False
AS06__dBWMR13,AS06,dBWMR13,neuron_to_non_neuron_or_muscle,cook_si5_only,5.0,5.0,,Cook2019_SI5,,-,missing_fenyves_default_inhibitory,True,True,False,True,False,0.0,False
AS06__dBWMR14,AS06,dBWMR14,neuron_to_non_neuron_or_muscle,cook_si5_only,9.0,9.0,,Cook2019_SI5,,-,missing_fenyves_default_inhibitory,True,True,False,True,False,0.0,False
AS07__VD07,AS07,VD07,neuron_to_neuron,cook_si5_and_fenyves,20.0,20.0,20.0,Cook2019_SI5,+,+,fenyves_sign_prediction,True,True,True,True,True,0.0,False
AS07__dBWML15,AS07,dBWML15,neuron_to_non_neuron_or_muscle,cook_si5_only,2.0,2.0,,Cook2019_SI5,,-,missing_fenyves_default_inhibitory,True,True,False,True,False,0.0,False
AS07__dBWML16,AS07,dBWML16,neuron_to_non_neuron_or_muscle,cook_si5_only,3.0,3.0,,Cook2019_SI5,,-,missing_fenyves_default_inhibitory,True,True,False,True,False,0.0,False
AS07__dBWMR15,AS07,dBWMR15,neuron_to_non_neuron_or_muscle,cook_si5_only,2.0,2.0,,Cook2019_SI5,,-,missing_fenyves_default_inhibitory,True,True,False,True,False,0.0,False
AS07__dBWMR16,AS07,dBWMR16,neuron_to_non_neuron_or_muscle,cook_si5_only,3.0,3.0,,Cook2019_SI5,,-,missing_fenyves_default_inhibitory,True,True,False,True,False,0.0,False
AS08__VD08,AS08,VD08,neuron_to_neuron,cook_si5_and_fenyves,20.0,20.0,20.0,Cook2019_SI5,+,+,fenyves_sign_prediction,True,True,True,True,True,0.0,False
AS08__dBWML17,AS08,dBWML17,neuron_to_non_neuron_or_muscle,cook_si5_only,2.0,2.0,,Cook2019_SI5,,-,missing_fenyves_default_inhibitory,True,True,False,True,False,0.0,False
AS08__dBWML18,AS08,dBWML18,neuron_to_non_neuron_or_muscle,cook_si5_only,3.0,3.0,,Cook2019_SI5,,-,missing_fenyves_default_inhibitory,True,True,False,True,False,0.0,False
AS08__dBWMR17,AS08,dBWMR17,neuron_to_non_neuron_or_muscle,cook_si5_only,2.0,2.0,,Cook2019_SI5,,-,missing_fenyves_default_inhibitory,True,True,False,True,False,0.0,False
AS08__dBWMR18,AS08,dBWMR18,neuron_to_non_neuron_or_muscle,cook_si5_only,3.0,3.0,,Cook2019_SI5,,-,missing_fenyves_default_inhibitory,True,True,False,True,False,0.0,False
AS09__VD09,AS09,VD09,neuron_to_neuron,cook_si5_and_fenyves,20.0,20.0,20.0,Cook2019_SI5,+,+,fenyves_sign_prediction,True,True,True,True,True,0.0,False
AS09__dBWML19,AS09,dBWML19,neuron_to_non_neuron_or_muscle,cook_si5_only,3.0,3.0,,Cook2019_SI5,,-,missing_fenyves_default_inhibitory,True,True,False,True,False,0.0,False
AS09__dBWML20,AS09,dBWML20,neuron_to_non_neuron_or_muscle,cook_si5_only,2.0,2.0,,Cook2019_SI5,,-,missing_fenyves_default_inhibitory,True,True,False,True,False,0.0,False
AS09__dBWMR19,AS09,dBWMR19,neuron_to_non_neuron_or_muscle,cook_si5_only,2.0,2.0,,Cook2019_SI5,,-,missing_fenyves_default_inhibitory,True,True,False,True,False,0.0,False
AS09__dBWMR20,AS09,dBWMR20,neuron_to_non_neuron_or_muscle,cook_si5_only,3.0,3.0,,Cook2019_SI5,,-,missing_fenyves_default_inhibitory,True,True,False,True,False,0.0,False
AS10__VD10,AS10,VD10,neuron_to_neuron,cook_si5_and_fenyves,10.0,10.0,10.0,Cook2019_SI5,+,+,fenyves_sign_prediction,True,True,True,True,True,0.0,False
AS10__VD11,AS10,VD11,neuron_to_neuron,cook_si5_and_fenyves,10.0,10.0,10.0,Cook2019_SI5,+,+,fenyves_sign_prediction,True,True,True,True,True,0.0,False
AS10__dBWML20,AS10,dBWML20,neuron_to_non_neuron_or_muscle,cook_si5_only,3.0,3.0,,Cook2019_SI5,,-,missing_fenyves_default_inhibitory,True,True,False,True,False,0.0,False
AS10__dBWML21,AS10,dBWML21,neuron_to_non_neuron_or_muscle,cook_si5_only,2.0,2.0,,Cook2019_SI5,,-,missing_fenyves_default_inhibitory,True,True,False,True,False,0.0,False
AS10__dBWMR21,AS10,dBWMR21,neuron_to_non_neuron_or_muscle,cook_si5_only,3.0,3.0,,Cook2019_SI5,,-,missing_fenyves_default_inhibitory,True,True,False,True,False,0.0,False
AS10__dBWMR22,AS10,dBWMR22,neuron_to_non_neuron_or_muscle,cook_si5_only,2.0,2.0,,Cook2019_SI5,,-,missing_fenyves_default_inhibitory,True,True,False,True,False,0.0,False
AS11__DB07,AS11,DB07,neuron_to_neuron,cook_si5_only,1.0,1.0,,Cook2019_SI5,,-,missing_fenyves_default_inhibitory,True,True,True,True,False,0.0,False
AS11__DD06,AS11,DD06,neuron_to_neuron,cook_si5_and_fenyves,2.0,2.0,6.0,Cook2019_SI5,+,+,fenyves_sign_prediction,True,True,True,True,True,2.0,True
AS11__VD12,AS11,VD12,neuron_to_neuron,cook_si5_and_fenyves,20.0,20.0,20.0,Cook2019_SI5,+,+,fenyves_sign_prediction,True,True,True,True,True,0.0,False
AS11__VD13,AS11,VD13,neuron_to_neuron,cook_si5_and_fenyves,3.0,3.0,4.0,Cook2019_SI5,+,+,fenyves_sign_prediction,True,True,True,True,True,1.0,True
AS11__dBWML21,AS11,dBWML21,neuron_to_non_neuron_or_muscle,cook_si5_only,3.0,3.0,,Cook2019_SI5,,-,missing_fenyves_default_inhibitory,True,True,False,True,False,0.0,False
AS11__dBWML22,AS11,dBWML22,neuron_to_non_neuron_or_muscle,cook_si5_only,2.0,2.0,,Cook2019_SI5,,-,missing_fenyves_default_inhibitory,True,True,False,True,False,2.0,True
AS11__dBWMR22,AS11,dBWMR22,neuron_to_non_neuron_or_muscle,cook_si5_only,2.0,2.0,,Cook2019_SI5,,-,missing_fenyves_default_inhibitory,True,True,False,True,False,1.0,True
AS11__dBWMR23,AS11,dBWMR23,neuron_to_non_neuron_or_muscle,cook_si5_only,2.0,2.0,,Cook2019_SI5,,-,missing_fenyves_default_inhibitory,True,True,False,True,False,0.0,False
ASEL__ADFR,ASEL,ADFR,neuron_to_neuron,cook_si5_and_fenyves,1.0,1.0,1.0,Cook2019_SI5,no pred,-,fenyves_no_pred_default_inhibitory,True,True,True,True,True,1.0,True
ASEL__AFDR,ASEL,AFDR,neuron_to_neuron,cook_si5_and_fenyves,3.0,3.0,3.0,Cook2019_SI5,no pred,-,fenyves_no_pred_default_inhibitory,True,True,True,True,True,3.0,True
ASEL__AIAL,ASEL,AIAL,neuron_to_neuron,cook_si5_and_fenyves,6.0,6.0,6.0,Cook2019_SI5,complex,complex,fenyves_sign_prediction,True,True,True,True,True,0.0,False
ASEL__AIBL,ASEL,AIBL,neuron_to_neuron,cook_si5_and_fenyves,16.0,16.0,16.0,Cook2019_SI5,+,+,fenyves_sign_prediction,True,True,True,True,True,10.0,True
ASEL__AIBR,ASEL,AIBR,neuron_to_neuron,cook_si5_and_fenyves,13.0,13.0,13.0,Cook2019_SI5,+,+,fenyves_sign_prediction,True,True,True,True,True,9.0,True
ASEL__AIYL,ASEL,AIYL,neuron_to_neuron,cook_si5_and_fenyves,32.0,32.0,32.0,Cook2019_SI5,-,-,fenyves_sign_prediction,True,True,True,True,True,17.0,True
ASEL__AIYR,ASEL,AIYR,neuron_to_neuron,cook_si5_and_fenyves,21.0,21.0,21.0,Cook2019_SI5,-,-,fenyves_sign_prediction,True,True,True,True,True,15.0,True
ASEL__AIZL,ASEL,AIZL,neuron_to_neuron,cook_si5_and_fenyves,1.0,1.0,1.0,Cook2019_SI5,no pred,-,fenyves_no_pred_default_inhibitory,True,True,True,True,True,1.0,True
ASEL__ASER,ASEL,ASER,neuron_to_neuron,cook_si5_and_fenyves,2.0,2.0,2.0,Cook2019_SI5,no pred,-,fenyves_no_pred_default_inhibitory,True,True,True,True,True,1.0,True
ASEL__ASJL,ASEL,ASJL,neuron_to_neuron,cook_si5_and_fenyves,1.0,1.0,1.0,Cook2019_SI5,no pred,-,fenyves_no_pred_default_inhibitory,True,True,True,True,True,1.0,True
ASEL__AWBL,ASEL,AWBL,neuron_to_neuron,cook_si5_and_fenyves,1.0,1.0,1.0,Cook2019_SI5,no pred,-,fenyves_no_pred_default_inhibitory,True,True,True,True,True,1.0,True
ASEL__AWCL,ASEL,AWCL,neuron_to_neuron,cook_si5_and_fenyves,16.0,16.0,16.0,Cook2019_SI5,no pred,-,fenyves_no_pred_default_inhibitory,True,True,True,True,True,8.0,True
ASEL__AWCR,ASEL,AWCR,neuron_to_neuron,cook_si5_and_fenyves,11.0,11.0,11.0,Cook2019_SI5,no pred,-,fenyves_no_pred_default_inhibitory,True,True,True,True,True,7.0,True
ASEL__IL2R,ASEL,IL2R,neuron_to_neuron,cook_si5_and_fenyves,1.0,1.0,1.0,Cook2019_SI5,no pred,-,fenyves_no_pred_default_inhibitory,True,True,True,True,True,1.0,True
ASEL__OLLR,ASEL,OLLR,neuron_to_neuron,cook_si5_and_fenyves,1.0,1.0,1.0,Cook2019_SI5,no pred,-,fenyves_no_pred_default_inhibitory,True,True,True,True,True,1.0,True
ASEL__RIAR,ASEL,RIAR,neuron_to_neuron,cook_si5_and_fenyves,2.0,2.0,2.0,Cook2019_SI5,complex,complex,fenyves_sign_prediction,True,True,True,True,True,1.0,True
ASEL__RIR,ASEL,RIR,neuron_to_neuron,cook_si5_and_fenyves,1.0,1.0,1.0,Cook2019_SI5,+,+,fenyves_sign_prediction,True,True,True,True,True,1.0,True
ASER__ADLL,ASER,ADLL,neuron_to_neuron,cook_si5_and_fenyves,4.0,4.0,4.0,Cook2019_SI5,no pred,-,fenyves_no_pred_default_inhibitory,True,True,True,True,True,3.0,True
ASER__ADLR,ASER,ADLR,neuron_to_neuron,cook_si5_and_fenyves,1.0,1.0,1.0,Cook2019_SI5,no pred,-,fenyves_no_pred_default_inhibitory,True,True,True,True,True,1.0,True
ASER__AFDL,ASER,AFDL,neuron_to_neuron,cook_si5_and_fenyves,2.0,2.0,2.0,Cook2019_SI5,no pred,-,fenyves_no_pred_default_inhibitory,True,True,True,True,True,2.0,True
ASER__AFDR,ASER,AFDR,neuron_to_neuron,cook_si5_and_fenyves,3.0,3.0,3.0,Cook2019_SI5,no pred,-,fenyves_no_pred_default_inhibitory,True,True,True,True,True,3.0,True
ASER__AIAL,ASER,AIAL,neuron_to_neuron,cook_si5_and_fenyves,8.0,8.0,8.0,Cook2019_SI5,complex,complex,fenyves_sign_prediction,True,True,True,True,True,0.0,False
ASER__AIAR,ASER,AIAR,neuron_to_neuron,cook_si5_and_fenyves,4.0,4.0,4.0,Cook2019_SI5,complex,complex,fenyves_sign_prediction,True,True,True,True,True,3.0,True
ASER__AIBL,ASER,AIBL,neuron_to_neuron,cook_si5_and_fenyves,4.0,4.0,4.0,Cook2019_SI5,+,+,fenyves_sign_prediction,True,True,True,True,True,3.0,True
ASER__AIBR,ASER,AIBR,neuron_to_neuron,cook_si5_and_fenyves,32.0,32.0,32.0,Cook2019_SI5,+,+,fenyves_sign_prediction,True,True,True,True,True,17.0,True
ASER__AIYL,ASER,AIYL,neuron_to_neuron,cook_si5_and_fenyves,9.0,9.0,9.0,Cook2019_SI5,-,-,fenyves_sign_prediction,True,True,True,True,True,6.0,True
ASER__AIYR,ASER,AIYR,neuron_to_neuron,cook_si5_and_fenyves,38.0,38.0,38.0,Cook2019_SI5,-,-,fenyves_sign_prediction,True,True,True,True,True,22.0,True
ASER__AIZL,ASER,AIZL,neuron_to_neuron,cook_si5_and_fenyves,1.0,1.0,1.0,Cook2019_SI5,no pred,-,fenyves_no_pred_default_inhibitory,True,True,True,True,True,1.0,True
ASER__ASEL,ASER,ASEL,neuron_to_neuron,cook_si5_and_fenyves,3.0,3.0,3.0,Cook2019_SI5,no pred,-,fenyves_no_pred_default_inhibitory,True,True,True,True,True,2.0,True
ASER__ASHR,ASER,ASHR,neuron_to_neuron,cook_si5_and_fenyves,2.0,2.0,2.0,Cook2019_SI5,no pred,-,fenyves_no_pred_default_inhibitory,True,True,True,True,True,2.0,True
ASER__ASKL,ASER,ASKL,neuron_to_neuron,cook_si5_and_fenyves,1.0,1.0,1.0,Cook2019_SI5,no pred,-,fenyves_no_pred_default_inhibitory,True,True,True,True,True,1.0,True
ASER__AWAR,ASER,AWAR,neuron_to_neuron,cook_si5_and_fenyves,1.0,1.0,1.0,Cook2019_SI5,no pred,-,fenyves_no_pred_default_inhibitory,True,True,True,True,True,1.0,True
ASER__AWCL,ASER,AWCL,neuron_to_neuron,cook_si5_and_fenyves,1.0,1.0,1.0,Cook2019_SI5,no pred,-,fenyves_no_pred_default_inhibitory,True,True,True,True,True,1.0,True
ASER__AWCR,ASER,AWCR,neuron_to_neuron,cook_si5_and_fenyves,1.0,1.0,1.0,Cook2019_SI5,no pred,-,fenyves_no_pred_default_inhibitory,True,True,True,True,True,1.0,True
ASER__hyp,ASER,hyp,neuron_to_non_neuron_or_muscle,cook_si5_only,2.0,2.0,,Cook2019_SI5,,-,missing_fenyves_default_inhibitory,True,True,False,True,False,1.0,True
ASGL__AIAL,ASGL,AIAL,neuron_to_neuron,cook_si5_and_fenyves,46.0,46.0,46.0,Cook2019_SI5,complex,complex,fenyves_sign_prediction,True,True,True,True,True,0.0,False
ASGL__AIBL,ASGL,AIBL,neuron_to_neuron,cook_si5_and_fenyves,17.0,17.0,17.0,Cook2019_SI5,+,+,fenyves_sign_prediction,True,True,True,True,True,7.0,True
ASGL__AINR,ASGL,AINR,neuron_to_neuron,cook_si5_and_fenyves,2.0,2.0,2.0,Cook2019_SI5,no pred,-,fenyves_no_pred_default_inhibitory,True,True,True,True,True,1.0,True
ASGL__ASKL,ASGL,ASKL,neuron_to_neuron,cook_si5_and_fenyves,2.0,2.0,2.0,Cook2019_SI5,no pred,-,fenyves_no_pred_default_inhibitory,True,True,True,True,True,1.0,True
ASGR__AIAR,ASGR,AIAR,neuron_to_neuron,cook_si5_and_fenyves,51.0,51.0,51.0,Cook2019_SI5,complex,complex,fenyves_sign_prediction,True,True,True,True,True,16.0,True
ASGR__AIBR,ASGR,AIBR,neuron_to_neuron,cook_si5_and_fenyves,20.0,20.0,20.0,Cook2019_SI5,+,+,fenyves_sign_prediction,True,True,True,True,True,5.0,True
ASGR__AIYR,ASGR,AIYR,neuron_to_neuron,cook_si5_and_fenyves,1.0,1.0,1.0,Cook2019_SI5,-,-,fenyves_sign_prediction,True,True,True,True,True,1.0,True
ASGR__ASER,ASGR,ASER,neuron_to_neuron,cook_si5_and_fenyves,3.0,3.0,3.0,Cook2019_SI5,no pred,-,fenyves_no_pred_default_inhibitory,True,True,True,True,True,2.0,True
ASGR__RIFR,ASGR,RIFR,neuron_to_neuron,fenyves_only,14.0,,14.0,Fenyves2020_only,+,+,fenyves_only_connection_with_sign,True,True,True,False,True,0.0,False
ASHL__ADAL,ASHL,ADAL,neuron_to_neuron,cook_si5_and_fenyves,2.0,2.0,2.0,Cook2019_SI5,no pred,-,fenyves_no_pred_default_inhibitory,True,True,True,True,True,1.0,True
ASHL__ADFL,ASHL,ADFL,neuron_to_neuron,cook_si5_and_fenyves,6.0,6.0,6.0,Cook2019_SI5,no pred,-,fenyves_no_pred_default_inhibitory,True,True,True,True,True,5.0,True
ASHL__ADLL,ASHL,ADLL,neuron_to_neuron,cook_si5_and_fenyves,6.0,6.0,6.0,Cook2019_SI5,no pred,-,fenyves_no_pred_default_inhibitory,True,True,True,True,True,3.0,True
ASHL__AIAL,ASHL,AIAL,neuron_to_neuron,cook_si5_and_fenyves,24.0,24.0,24.0,Cook2019_SI5,complex,complex,fenyves_sign_prediction,True,True,True,True,True,0.0,False
ASHL__AIBL,ASHL,AIBL,neuron_to_neuron,cook_si5_and_fenyves,13.0,13.0,13.0,Cook2019_SI5,+,+,fenyves_sign_prediction,True,True,True,True,True,7.0,True
ASHL__AIZL,ASHL,AIZL,neuron_to_neuron,cook_si5_and_fenyves,3.0,3.0,3.0,Cook2019_SI5,no pred,-,fenyves_no_pred_default_inhibitory,True,True,True,True,True,2.0,True
ASHL__ASKL,ASHL,ASKL,neuron_to_neuron,cook_si5_and_fenyves,1.0,1.0,1.0,Cook2019_SI5,no pred,-,fenyves_no_pred_default_inhibitory,True,True,True,True,True,1.0,True
ASHL__AVAL,ASHL,AVAL,neuron_to_neuron,cook_si5_and_fenyves,15.0,15.0,15.0,Cook2019_SI5,+,+,fenyves_sign_prediction,True,True,True,True,True,12.0,True
ASHL__AVAR,ASHL,AVAR,neuron_to_neuron,cook_si5_and_fenyves,1.0,1.0,1.0,Cook2019_SI5,+,+,fenyves_sign_prediction,True,True,True,True,True,1.0,True
ASHL__AVBL,ASHL,AVBL,neuron_to_neuron,cook_si5_and_fenyves,14.0,14.0,14.0,Cook2019_SI5,+,+,fenyves_sign_prediction,True,True,True,True,True,9.0,True
ASHL__AVDL,ASHL,AVDL,neuron_to_neuron,cook_si5_and_fenyves,7.0,7.0,7.0,Cook2019_SI5,+,+,fenyves_sign_prediction,True,True,True,True,True,4.0,True
ASHL__AVDR,ASHL,AVDR,neuron_to_neuron,cook_si5_and_fenyves,20.0,20.0,20.0,Cook2019_SI5,+,+,fenyves_sign_prediction,True,True,True,True,True,15.0,True
ASHL__AVFL,ASHL,AVFL,neuron_to_neuron,cook_si5_and_fenyves,2.0,2.0,2.0,Cook2019_SI5,no pred,-,fenyves_no_pred_default_inhibitory,True,True,True,True,True,1.0,True
ASHL__AVHR,ASHL,AVHR,neuron_to_neuron,cook_si5_and_fenyves,2.0,2.0,2.0,Cook2019_SI5,+,+,fenyves_sign_prediction,True,True,True,True,True,2.0,True
ASHL__HSNL,ASHL,HSNL,neuron_to_neuron,cook_si5_and_fenyves,2.0,2.0,2.0,Cook2019_SI5,+,+,fenyves_sign_prediction,True,True,True,True,True,2.0,True
ASHL__RIAL,ASHL,RIAL,neuron_to_neuron,cook_si5_and_fenyves,9.0,9.0,9.0,Cook2019_SI5,complex,complex,fenyves_sign_prediction,True,True,True,True,True,5.0,True
ASHL__RIML,ASHL,RIML,neuron_to_neuron,cook_si5_and_fenyves,4.0,4.0,4.0,Cook2019_SI5,complex,complex,fenyves_sign_prediction,True,True,True,True,True,1.0,True
ASHL__RIPL,ASHL,RIPL,neuron_to_neuron,cook_si5_and_fenyves,4.0,4.0,4.0,Cook2019_SI5,no pred,-,fenyves_no_pred_default_inhibitory,True,True,True,True,True,3.0,True
ASHL__RIR,ASHL,RIR,neuron_to_neuron,cook_si5_and_fenyves,4.0,4.0,4.0,Cook2019_SI5,+,+,fenyves_sign_prediction,True,True,True,True,True,3.0,True
ASHL__URXL,ASHL,URXL,neuron_to_neuron,cook_si5_and_fenyves,2.0,2.0,2.0,Cook2019_SI5,no pred,-,fenyves_no_pred_default_inhibitory,True,True,True,True,True,2.0,True
ASHR__ADAR,ASHR,ADAR,neuron_to_neuron,cook_si5_and_fenyves,5.0,5.0,5.0,Cook2019_SI5,no pred,-,fenyves_no_pred_default_inhibitory,True,True,True,True,True,4.0,True
ASHR__ADFR,ASHR,ADFR,neuron_to_neuron,cook_si5_and_fenyves,3.0,3.0,3.0,Cook2019_SI5,no pred,-,fenyves_no_pred_default_inhibitory,True,True,True,True,True,2.0,True
ASHR__ADLR,ASHR,ADLR,neuron_to_neuron,cook_si5_and_fenyves,13.0,13.0,13.0,Cook2019_SI5,no pred,-,fenyves_no_pred_default_inhibitory,True,True,True,True,True,6.0,True
ASHR__AIAR,ASHR,AIAR,neuron_to_neuron,cook_si5_and_fenyves,28.0,28.0,28.0,Cook2019_SI5,complex,complex,fenyves_sign_prediction,True,True,True,True,True,13.0,True
ASHR__AIBR,ASHR,AIBR,neuron_to_neuron,cook_si5_and_fenyves,7.0,7.0,7.0,Cook2019_SI5,+,+,fenyves_sign_prediction,True,True,True,True,True,3.0,True
ASHR__ASHR,ASHR,ASHR,neuron_to_neuron,cook_si5_and_fenyves,2.0,2.0,2.0,Cook2019_SI5,no pred,-,fenyves_no_pred_default_inhibitory,True,True,True,True,True,2.0,True
ASHR__AVAR,ASHR,AVAR,neuron_to_neuron,cook_si5_and_fenyves,10.0,10.0,10.0,Cook2019_SI5,+,+,fenyves_sign_prediction,True,True,True,True,True,9.0,True
ASHR__AVBR,ASHR,AVBR,neuron_to_neuron,cook_si5_and_fenyves,6.0,6.0,6.0,Cook2019_SI5,+,+,fenyves_sign_prediction,True,True,True,True,True,6.0,True
ASHR__AVDL,ASHR,AVDL,neuron_to_neuron,cook_si5_and_fenyves,27.0,27.0,27.0,Cook2019_SI5,+,+,fenyves_sign_prediction,True,True,True,True,True,14.0,True
ASHR__AVDR,ASHR,AVDR,neuron_to_neuron,cook_si5_and_fenyves,2.0,2.0,2.0,Cook2019_SI5,+,+,fenyves_sign_prediction,True,True,True,True,True,2.0,True
ASHR__AVER,ASHR,AVER,neuron_to_neuron,cook_si5_and_fenyves,7.0,7.0,7.0,Cook2019_SI5,+,+,fenyves_sign_prediction,True,True,True,True,True,5.0,True
ASHR__AVHL,ASHR,AVHL,neuron_to_neuron,cook_si5_and_fenyves,1.0,1.0,1.0,Cook2019_SI5,+,+,fenyves_sign_prediction,True,True,True,True,True,1.0,True
ASHR__AWAR,ASHR,AWAR,neuron_to_neuron,cook_si5_and_fenyves,1.0,1.0,1.0,Cook2019_SI5,no pred,-,fenyves_no_pred_default_inhibitory,True,True,True,True,True,1.0,True
ASHR__AWBL,ASHR,AWBL,neuron_to_neuron,cook_si5_and_fenyves,1.0,1.0,1.0,Cook2019_SI5,no pred,-,fenyves_no_pred_default_inhibitory,True,True,True,True,True,1.0,True
ASHR__HSNL,ASHR,HSNL,neuron_to_neuron,cook_si5_and_fenyves,4.0,4.0,4.0,Cook2019_SI5,+,+,fenyves_sign_prediction,True,True,True,True,True,1.0,True
ASHR__HSNR,ASHR,HSNR,neuron_to_neuron,cook_si5_and_fenyves,5.0,5.0,5.0,Cook2019_SI5,+,+,fenyves_sign_prediction,True,True,True,True,True,2.0,True
ASHR__PVCL,ASHR,PVCL,neuron_to_neuron,cook_si5_and_fenyves,3.0,3.0,3.0,Cook2019_SI5,+,+,fenyves_sign_prediction,True,True,True,True,True,3.0,True
ASHR__PVPR,ASHR,PVPR,neuron_to_neuron,cook_si5_and_fenyves,1.0,1.0,1.0,Cook2019_SI5,no pred,-,fenyves_no_pred_default_inhibitory,True,True,True,True,True,1.0,True
ASHR__RIAR,ASHR,RIAR,neuron_to_neuron,cook_si5_and_fenyves,3.0,3.0,3.0,Cook2019_SI5,complex,complex,fenyves_sign_prediction,True,True,True,True,True,2.0,True
ASHR__RMGR,ASHR,RMGR,neuron_to_neuron,cook_si5_and_fenyves,6.0,6.0,6.0,Cook2019_SI5,complex,complex,fenyves_sign_prediction,True,True,True,True,True,5.0,True
ASHR__SMBVR,ASHR,SMBVR,neuron_to_neuron,cook_si5_and_fenyves,7.0,7.0,7.0,Cook2019_SI5,no pred,-,fenyves_no_pred_default_inhibitory,True,True,True,True,True,2.0,True
ASIL__ADFL,ASIL,ADFL,neuron_to_neuron,cook_si5_and_fenyves,1.0,1.0,1.0,Cook2019_SI5,no pred,-,fenyves_no_pred_default_inhibitory,True,True,True,True,True,1.0,True
ASIL__AIAL,ASIL,AIAL,neuron_to_neuron,cook_si5_and_fenyves,2.0,2.0,2.0,Cook2019_SI5,no pred,-,fenyves_no_pred_default_inhibitory,True,True,True,True,True,0.0,False
ASIL__AIBL,ASIL,AIBL,neuron_to_neuron,cook_si5_and_fenyves,3.0,3.0,3.0,Cook2019_SI5,no pred,-,fenyves_no_pred_default_inhibitory,True,True,True,True,True,2.0,True
ASIL__AIYL,ASIL,AIYL,neuron_to_neuron,cook_si5_and_fenyves,3.0,3.0,3.0,Cook2019_SI5,no pred,-,fenyves_no_pred_default_inhibitory,True,True,True,True,True,2.0,True
ASIL__AIYR,ASIL,AIYR,neuron_to_neuron,cook_si5_and_fenyves,2.0,2.0,2.0,Cook2019_SI5,no pred,-,fenyves_no_pred_default_inhibitory,True,True,True,True,True,2.0,True
ASIL__AIZL,ASIL,AIZL,neuron_to_neuron,cook_si5_and_fenyves,1.0,1.0,1.0,Cook2019_SI5,no pred,-,fenyves_no_pred_default_inhibitory,True,True,True,True,True,1.0,True
ASIL__ASER,ASIL,ASER,neuron_to_neuron,cook_si5_and_fenyves,8.0,8.0,8.0,Cook2019_SI5,no pred,-,fenyves_no_pred_default_inhibitory,True,True,True,True,True,7.0,True
ASIL__ASGL,ASIL,ASGL,neuron_to_neuron,cook_si5_and_fenyves,3.0,3.0,3.0,Cook2019_SI5,no pred,-,fenyves_no_pred_default_inhibitory,True,True,True,True,True,3.0,True
ASIL__ASKL,ASIL,ASKL,neuron_to_neuron,cook_si5_and_fenyves,3.0,3.0,3.0,Cook2019_SI5,no pred,-,fenyves_no_pred_default_inhibitory,True,True,True,True,True,2.0,True
ASIL__AWAR,ASIL,AWAR,neuron_to_neuron,cook_si5_and_fenyves,2.0,2.0,2.0,Cook2019_SI5,no pred,-,fenyves_no_pred_default_inhibitory,True,True,True,True,True,2.0,True
ASIL__AWCL,ASIL,AWCL,neuron_to_neuron,cook_si5_and_fenyves,3.0,3.0,3.0,Cook2019_SI5,no pred,-,fenyves_no_pred_default_inhibitory,True,True,True,True,True,2.0,True
ASIL__AWCR,ASIL,AWCR,neuron_to_neuron,cook_si5_and_fenyves,4.0,4.0,4.0,Cook2019_SI5,no pred,-,fenyves_no_pred_default_inhibitory,True,True,True,True,True,3.0,True
ASIL__CEPVR,ASIL,CEPVR,neuron_to_neuron,cook_si5_and_fenyves,1.0,1.0,1.0,Cook2019_SI5,no pred,-,fenyves_no_pred_default_inhibitory,True,True,True,True,True,1.0,True
ASIL__RIAL,ASIL,RIAL,neuron_to_neuron,cook_si5_and_fenyves,3.0,3.0,3.0,Cook2019_SI5,no pred,-,fenyves_no_pred_default_inhibitory,True,True,True,True,True,3.0,True
ASIL__RIBL,ASIL,RIBL,neuron_to_neuron,cook_si5_and_fenyves,1.0,1.0,1.0,Cook2019_SI5,no pred,-,fenyves_no_pred_default_inhibitory,True,True,True,True,True,1.0,True
ASIL__RMFL,ASIL,RMFL,neuron_to_neuron,cook_si5_and_fenyves,1.0,1.0,1.0,Cook2019_SI5,no pred,-,fenyves_no_pred_default_inhibitory,True,True,True,True,True,1.0,True
ASIL__SAAVL,ASIL,SAAVL,neuron_to_neuron,cook_si5_and_fenyves,2.0,2.0,2.0,Cook2019_SI5,no pred,-,fenyves_no_pred_default_inhibitory,True,True,True,True,True,2.0,True
ASIR__ADLR,ASIR,ADLR,neuron_to_neuron,cook_si5_and_fenyves,1.0,1.0,1.0,Cook2019_SI5,no pred,-,fenyves_no_pred_default_inhibitory,True,True,True,True,True,1.0,True
ASIR__AIAL,ASIR,AIAL,neuron_to_neuron,cook_si5_and_fenyves,1.0,1.0,1.0,Cook2019_SI5,no pred,-,fenyves_no_pred_default_inhibitory,True,True,True,True,True,0.0,False
ASIR__AIAR,ASIR,AIAR,neuron_to_neuron,cook_si5_and_fenyves,4.0,4.0,4.0,Cook2019_SI5,no pred,-,fenyves_no_pred_default_inhibitory,True,True,True,True,True,3.0,True
ASIR__AIBR,ASIR,AIBR,neuron_to_neuron,cook_si5_and_fenyves,3.0,3.0,3.0,Cook2019_SI5,no pred,-,fenyves_no_pred_default_inhibitory,True,True,True,True,True,2.0,True
ASIR__ASEL,ASIR,ASEL,neuron_to_neuron,cook_si5_and_fenyves,2.0,2.0,2.0,Cook2019_SI5,no pred,-,fenyves_no_pred_default_inhibitory,True,True,True,True,True,2.0,True
ASIR__ASER,ASIR,ASER,neuron_to_neuron,cook_si5_and_fenyves,2.0,2.0,2.0,Cook2019_SI5,no pred,-,fenyves_no_pred_default_inhibitory,True,True,True,True,True,1.0,True
ASIR__ASGR,ASIR,ASGR,neuron_to_neuron,cook_si5_and_fenyves,3.0,3.0,3.0,Cook2019_SI5,no pred,-,fenyves_no_pred_default_inhibitory,True,True,True,True,True,3.0,True
ASIR__ASHR,ASIR,ASHR,neuron_to_neuron,cook_si5_and_fenyves,2.0,2.0,2.0,Cook2019_SI5,no pred,-,fenyves_no_pred_default_inhibitory,True,True,True,True,True,1.0,True
ASIR__AWAR,ASIR,AWAR,neuron_to_neuron,cook_si5_and_fenyves,1.0,1.0,1.0,Cook2019_SI5,no pred,-,fenyves_no_pred_default_inhibitory,True,True,True,True,True,1.0,True
ASIR__AWCL,ASIR,AWCL,neuron_to_neuron,cook_si5_and_fenyves,2.0,2.0,2.0,Cook2019_SI5,no pred,-,fenyves_no_pred_default_inhibitory,True,True,True,True,True,1.0,True
ASIR__AWCR,ASIR,AWCR,neuron_to_neuron,cook_si5_and_fenyves,5.0,5.0,5.0,Cook2019_SI5,no pred,-,fenyves_no_pred_default_inhibitory,True,True,True,True,True,4.0,True
ASIR__CEPVR,ASIR,CEPVR,neuron_to_neuron,cook_si5_and_fenyves,1.0,1.0,1.0,Cook2019_SI5,no pred,-,fenyves_no_pred_default_inhibitory,True,True,True,True,True,1.0,True
ASIR__CEPshVR,ASIR,CEPshVR,neuron_to_non_neuron_or_muscle,cook_si5_only,4.0,4.0,,Cook2019_SI5,,-,missing_fenyves_default_inhibitory,True,True,False,True,False,4.0,True
ASIR__hyp,ASIR,hyp,neuron_to_non_neuron_or_muscle,cook_si5_only,2.0,2.0,,Cook2019_SI5,,-,missing_fenyves_default_inhibitory,True,True,False,True,False,2.0,True
ASJL__ALA,ASJL,ALA,neuron_to_neuron,cook_si5_and_fenyves,3.0,3.0,3.0,Cook2019_SI5,+,+,fenyves_sign_prediction,True,True,True,True,True,1.0,True
ASJL__ASJR,ASJL,ASJR,neuron_to_neuron,fenyves_only,1.0,,1.0,Fenyves2020_only,no pred,-,fenyves_no_pred_default_inhibitory,True,True,True,False,True,0.0,False
ASJL__ASKL,ASJL,ASKL,neuron_to_neuron,cook_si5_and_fenyves,12.0,12.0,12.0,Cook2019_SI5,no pred,-,fenyves_no_pred_default_inhibitory,True,True,True,True,True,7.0,True
ASJL__ASKR,ASJL,ASKR,neuron_to_neuron,cook_si5_and_fenyves,1.0,1.0,1.0,Cook2019_SI5,no pred,-,fenyves_no_pred_default_inhibitory,True,True,True,True,True,2.0,True
ASJL__CEPDL,ASJL,CEPDL,neuron_to_neuron,cook_si5_and_fenyves,1.0,1.0,1.0,Cook2019_SI5,no pred,-,fenyves_no_pred_default_inhibitory,True,True,True,True,True,1.0,True
ASJL__HSNL,ASJL,HSNL,neuron_to_neuron,cook_si5_and_fenyves,1.0,1.0,1.0,Cook2019_SI5,+,+,fenyves_sign_prediction,True,True,True,True,True,1.0,True
ASJL__HSNR,ASJL,HSNR,neuron_to_neuron,cook_si5_and_fenyves,1.0,1.0,1.0,Cook2019_SI5,+,+,fenyves_sign_prediction,True,True,True,True,True,1.0,True
ASJL__PVQL,ASJL,PVQL,neuron_to_neuron,cook_si5_and_fenyves,34.0,34.0,34.0,Cook2019_SI5,+,+,fenyves_sign_prediction,True,True,True,True,True,19.0,True
ASJR__ASKR,ASJR,ASKR,neuron_to_neuron,cook_si5_and_fenyves,12.0,12.0,12.0,Cook2019_SI5,no pred,-,fenyves_no_pred_default_inhibitory,True,True,True,True,True,6.0,True
ASJR__HSNR,ASJR,HSNR,neuron_to_neuron,cook_si5_and_fenyves,1.0,1.0,1.0,Cook2019_SI5,+,+,fenyves_sign_prediction,True,True,True,True,True,1.0,True
ASJR__PVQR,ASJR,PVQR,neuron_to_neuron,cook_si5_and_fenyves,19.0,19.0,19.0,Cook2019_SI5,+,+,fenyves_sign_prediction,True,True,True,True,True,11.0,True
ASJR__hyp,ASJR,hyp,neuron_to_non_neuron_or_muscle,cook_si5_only,1.0,1.0,,Cook2019_SI5,,-,missing_fenyves_default_inhibitory,True,True,False,True,False,1.0,True
ASKL__AIAL,ASKL,AIAL,neuron_to_neuron,cook_si5_and_fenyves,29.0,29.0,29.0,Cook2019_SI5,complex,complex,fenyves_sign_prediction,True,True,True,True,True,0.0,False
ASKL__AIBL,ASKL,AIBL,neuron_to_neuron,cook_si5_and_fenyves,9.0,9.0,9.0,Cook2019_SI5,+,+,fenyves_sign_prediction,True,True,True,True,True,7.0,True
ASKL__AIML,ASKL,AIML,neuron_to_neuron,cook_si5_and_fenyves,5.0,5.0,5.0,Cook2019_SI5,no pred,-,fenyves_no_pred_default_inhibitory,True,True,True,True,True,4.0,True
ASKL__ASER,ASKL,ASER,neuron_to_neuron,cook_si5_and_fenyves,4.0,4.0,4.0,Cook2019_SI5,no pred,-,fenyves_no_pred_default_inhibitory,True,True,True,True,True,2.0,True
ASKL__ASJL,ASKL,ASJL,neuron_to_neuron,cook_si5_and_fenyves,1.0,1.0,1.0,Cook2019_SI5,no pred,-,fenyves_no_pred_default_inhibitory,True,True,True,True,True,1.0,True
ASKR__ADLR,ASKR,ADLR,neuron_to_neuron,cook_si5_and_fenyves,3.0,3.0,3.0,Cook2019_SI5,no pred,-,fenyves_no_pred_default_inhibitory,True,True,True,True,True,3.0,True
ASKR__AIAL,ASKR,AIAL,neuron_to_neuron,cook_si5_and_fenyves,1.0,1.0,1.0,Cook2019_SI5,complex,complex,fenyves_sign_prediction,True,True,True,True,True,0.0,False
ASKR__AIAR,ASKR,AIAR,neuron_to_neuron,cook_si5_and_fenyves,35.0,35.0,35.0,Cook2019_SI5,complex,complex,fenyves_sign_prediction,True,True,True,True,True,25.0,True
ASKR__AIBR,ASKR,AIBR,neuron_to_neuron,cook_si5_and_fenyves,2.0,2.0,2.0,Cook2019_SI5,+,+,fenyves_sign_prediction,True,True,True,True,True,3.0,True
ASKR__AIMR,ASKR,AIMR,neuron_to_neuron,cook_si5_and_fenyves,5.0,5.0,5.0,Cook2019_SI5,no pred,-,fenyves_no_pred_default_inhibitory,True,True,True,True,True,4.0,True
ASKR__ALA,ASKR,ALA,neuron_to_neuron,cook_si5_and_fenyves,1.0,1.0,1.0,Cook2019_SI5,no pred,-,fenyves_no_pred_default_inhibitory,True,True,True,True,True,1.0,True
ASKR__ASER,ASKR,ASER,neuron_to_neuron,cook_si5_and_fenyves,1.0,1.0,1.0,Cook2019_SI5,no pred,-,fenyves_no_pred_default_inhibitory,True,True,True,True,True,1.0,True
ASKR__ASGR,ASKR,ASGR,neuron_to_neuron,cook_si5_and_fenyves,1.0,1.0,1.0,Cook2019_SI5,no pred,-,fenyves_no_pred_default_inhibitory,True,True,True,True,True,1.0,True
ASKR__AWAR,ASKR,AWAR,neuron_to_neuron,cook_si5_and_fenyves,2.0,2.0,2.0,Cook2019_SI5,no pred,-,fenyves_no_pred_default_inhibitory,True,True,True,True,True,2.0,True
ASKR__CEPVR,ASKR,CEPVR,neuron_to_neuron,cook_si5_and_fenyves,2.0,2.0,2.0,Cook2019_SI5,no pred,-,fenyves_no_pred_default_inhibitory,True,True,True,True,True,1.0,True
ASKR__HSNL,ASKR,HSNL,neuron_to_neuron,cook_si5_and_fenyves,1.0,1.0,1.0,Cook2019_SI5,+,+,fenyves_sign_prediction,True,True,True,True,True,2.0,True
ASKR__RIFR,ASKR,RIFR,neuron_to_neuron,cook_si5_and_fenyves,1.0,1.0,1.0,Cook2019_SI5,+,+,fenyves_sign_prediction,True,True,True,True,True,1.0,True
AUAL__ADFL,AUAL,ADFL,neuron_to_neuron,cook_si5_and_fenyves,1.0,1.0,1.0,Cook2019_SI5,no pred,-,fenyves_no_pred_default_inhibitory,True,True,True,True,True,1.0,True
AUAL__AIBR,AUAL,AIBR,neuron_to_neuron,cook_si5_and_fenyves,1.0,1.0,1.0,Cook2019_SI5,+,+,fenyves_sign_prediction,True,True,True,True,True,1.0,True
AUAL__AIYL,AUAL,AIYL,neuron_to_neuron,cook_si5_and_fenyves,1.0,1.0,1.0,Cook2019_SI5,-,-,fenyves_sign_prediction,True,True,True,True,True,1.0,True
AUAL__AIZL,AUAL,AIZL,neuron_to_neuron,cook_si5_and_fenyves,2.0,2.0,2.0,Cook2019_SI5,no pred,-,fenyves_no_pred_default_inhibitory,True,True,True,True,True,2.0,True
AUAL__AVAL,AUAL,AVAL,neuron_to_neuron,cook_si5_and_fenyves,11.0,11.0,11.0,Cook2019_SI5,+,+,fenyves_sign_prediction,True,True,True,True,True,6.0,True
AUAL__AVDR,AUAL,AVDR,neuron_to_neuron,cook_si5_and_fenyves,2.0,2.0,2.0,Cook2019_SI5,+,+,fenyves_sign_prediction,True,True,True,True,True,1.0,True
AUAL__AVEL,AUAL,AVEL,neuron_to_neuron,cook_si5_and_fenyves,9.0,9.0,9.0,Cook2019_SI5,+,+,fenyves_sign_prediction,True,True,True,True,True,8.0,True
AUAL__BAGR,AUAL,BAGR,neuron_to_neuron,cook_si5_and_fenyves,3.0,3.0,3.0,Cook2019_SI5,no pred,-,fenyves_no_pred_default_inhibitory,True,True,True,True,True,2.0,True
AUAL__DVA,AUAL,DVA,neuron_to_neuron,cook_si5_and_fenyves,2.0,2.0,2.0,Cook2019_SI5,+,+,fenyves_sign_prediction,True,True,True,True,True,2.0,True
AUAL__RIAL,AUAL,RIAL,neuron_to_neuron,cook_si5_and_fenyves,21.0,21.0,21.0,Cook2019_SI5,complex,complex,fenyves_sign_prediction,True,True,True,True,True,11.0,True
AUAL__RIBL,AUAL,RIBL,neuron_to_neuron,cook_si5_and_fenyves,35.0,35.0,35.0,Cook2019_SI5,complex,complex,fenyves_sign_prediction,True,True,True,True,True,24.0,True
AUAL__URXL,AUAL,URXL,neuron_to_neuron,cook_si5_and_fenyves,1.0,1.0,1.0,Cook2019_SI5,no pred,-,fenyves_no_pred_default_inhibitory,True,True,True,True,True,1.0,True
AUAR__AINL,AUAR,AINL,neuron_to_neuron,cook_si5_and_fenyves,1.0,1.0,1.0,Cook2019_SI5,no pred,-,fenyves_no_pred_default_inhibitory,True,True,True,True,True,1.0,True
AUAR__AINR,AUAR,AINR,neuron_to_neuron,cook_si5_and_fenyves,1.0,1.0,1.0,Cook2019_SI5,no pred,-,fenyves_no_pred_default_inhibitory,True,True,True,True,True,1.0,True
AUAR__AIYR,AUAR,AIYR,neuron_to_neuron,cook_si5_and_fenyves,1.0,1.0,1.0,Cook2019_SI5,-,-,fenyves_sign_prediction,True,True,True,True,True,1.0,True
AUAR__AIZR,AUAR,AIZR,neuron_to_neuron,cook_si5_and_fenyves,2.0,2.0,2.0,Cook2019_SI5,no pred,-,fenyves_no_pred_default_inhibitory,True,True,True,True,True,1.0,True
AUAR__AVAR,AUAR,AVAR,neuron_to_neuron,cook_si5_and_fenyves,3.0,3.0,3.0,Cook2019_SI5,+,+,fenyves_sign_prediction,True,True,True,True,True,3.0,True
AUAR__AVER,AUAR,AVER,neuron_to_neuron,cook_si5_and_fenyves,13.0,13.0,13.0,Cook2019_SI5,+,+,fenyves_sign_prediction,True,True,True,True,True,6.0,True
AUAR__BAGL,AUAR,BAGL,neuron_to_neuron,cook_si5_and_fenyves,1.0,1.0,1.0,Cook2019_SI5,no pred,-,fenyves_no_pred_default_inhibitory,True,True,True,True,True,1.0,True
AUAR__RIAR,AUAR,RIAR,neuron_to_neuron,cook_si5_and_fenyves,22.0,22.0,22.0,Cook2019_SI5,complex,complex,fenyves_sign_prediction,True,True,True,True,True,12.0,True
AUAR__RIBR,AUAR,RIBR,neuron_to_neuron,cook_si5_and_fenyves,31.0,31.0,31.0,Cook2019_SI5,complex,complex,fenyves_sign_prediction,True,True,True,True,True,16.0,True
AUAR__URXR,AUAR,URXR,neuron_to_neuron,cook_si5_and_fenyves,5.0,5.0,5.0,Cook2019_SI5,no pred,-,fenyves_no_pred_default_inhibitory,True,True,True,True,True,3.0,True
AVAL__AS02,AVAL,AS02,neuron_to_neuron,cook_si5_and_fenyves,2.0,2.0,2.0,Cook2019_SI5,complex,complex,fenyves_sign_prediction,True,True,True,True,True,1.0,True
AVAL__AS04,AVAL,AS04,neuron_to_neuron,cook_si5_and_fenyves,2.0,2.0,2.0,Cook2019_SI5,complex,complex,fenyves_sign_prediction,True,True,True,True,True,1.0,True
AVAL__AS05,AVAL,AS05,neuron_to_neuron,cook_si5_and_fenyves,6.0,6.0,6.0,Cook2019_SI5,complex,complex,fenyves_sign_prediction,True,True,True,True,True,5.0,True
AVAL__AS07,AVAL,AS07,neuron_to_neuron,cook_si5_and_fenyves,6.0,6.0,6.0,Cook2019_SI5,complex,complex,fenyves_sign_prediction,True,True,True,True,True,0.0,False
AVAL__AS08,AVAL,AS08,neuron_to_neuron,cook_si5_and_fenyves,6.0,6.0,6.0,Cook2019_SI5,complex,complex,fenyves_sign_prediction,True,True,True,True,True,0.0,False
AVAL__AS09,AVAL,AS09,neuron_to_neuron,fenyves_only,11.0,,11.0,Fenyves2020_only,complex,complex,fenyves_only_connection_with_sign,True,True,True,False,True,0.0,False
AVAL__AS10,AVAL,AS10,neuron_to_neuron,cook_si5_and_fenyves,5.0,5.0,5.0,Cook2019_SI5,complex,complex,fenyves_sign_prediction,True,True,True,True,True,3.0,True
AVAL__AS11,AVAL,AS11,neuron_to_neuron,cook_si5_and_fenyves,8.0,8.0,8.0,Cook2019_SI5,complex,complex,fenyves_sign_prediction,True,True,True,True,True,6.0,True
AVAL__AVAR,AVAL,AVAR,neuron_to_neuron,cook_si5_and_fenyves,12.0,12.0,12.0,Cook2019_SI5,complex,complex,fenyves_sign_prediction,True,True,True,True,True,9.0,True
AVAL__AVBL,AVAL,AVBL,neuron_to_neuron,cook_si5_and_fenyves,2.0,2.0,2.0,Cook2019_SI5,complex,complex,fenyves_sign_prediction,True,True,True,True,True,1.0,True
AVAL__AVDL,AVAL,AVDL,neuron_to_neuron,cook_si5_and_fenyves,3.0,3.0,3.0,Cook2019_SI5,+,+,fenyves_sign_prediction,True,True,True,True,True,2.0,True
AVAL__AVDR,AVAL,AVDR,neuron_to_neuron,cook_si5_and_fenyves,2.0,2.0,2.0,Cook2019_SI5,+,+,fenyves_sign_prediction,True,True,True,True,True,2.0,True
AVAL__AVEL,AVAL,AVEL,neuron_to_neuron,cook_si5_and_fenyves,1.0,1.0,1.0,Cook2019_SI5,-,-,fenyves_sign_prediction,True,True,True,True,True,1.0,True
AVAL__AVER,AVAL,AVER,neuron_to_neuron,cook_si5_and_fenyves,2.0,2.0,2.0,Cook2019_SI5,-,-,fenyves_sign_prediction,True,True,True,True,True,1.0,True
AVAL__DA01,AVAL,DA01,neuron_to_neuron,cook_si5_and_fenyves,6.0,6.0,6.0,Cook2019_SI5,complex,complex,fenyves_sign_prediction,True,True,True,True,True,2.0,True
AVAL__DA02,AVAL,DA02,neuron_to_neuron,cook_si5_and_fenyves,10.0,10.0,10.0,Cook2019_SI5,complex,complex,fenyves_sign_prediction,True,True,True,True,True,3.0,True
AVAL__DA03,AVAL,DA03,neuron_to_neuron,cook_si5_and_fenyves,12.0,12.0,12.0,Cook2019_SI5,complex,complex,fenyves_sign_prediction,True,True,True,True,True,9.0,True
AVAL__DA04,AVAL,DA04,neuron_to_neuron,cook_si5_and_fenyves,12.0,12.0,12.0,Cook2019_SI5,complex,complex,fenyves_sign_prediction,True,True,True,True,True,9.0,True
AVAL__DA05,AVAL,DA05,neuron_to_neuron,cook_si5_and_fenyves,14.0,14.0,14.0,Cook2019_SI5,complex,complex,fenyves_sign_prediction,True,True,True,True,True,8.0,True
AVAL__DA06,AVAL,DA06,neuron_to_neuron,cook_si5_only,1.0,1.0,,Cook2019_SI5,,-,missing_fenyves_default_inhibitory,True,True,True,True,False,1.0,True
AVAL__DA07,AVAL,DA07,neuron_to_neuron,cook_si5_and_fenyves,4.0,4.0,4.0,Cook2019_SI5,complex,complex,fenyves_sign_prediction,True,True,True,True,True,4.0,True
AVAL__DA08,AVAL,DA08,neuron_to_neuron,cook_si5_and_fenyves,5.0,5.0,5.0,Cook2019_SI5,complex,complex,fenyves_sign_prediction,True,True,True,True,True,3.0,True
AVAL__DA09,AVAL,DA09,neuron_to_neuron,cook_si5_and_fenyves,3.0,3.0,3.0,Cook2019_SI5,complex,complex,fenyves_sign_prediction,True,True,True,True,True,4.0,True
AVAL__DB05,AVAL,DB05,neuron_to_neuron,cook_si5_only,2.0,2.0,,Cook2019_SI5,,-,missing_fenyves_default_inhibitory,True,True,True,True,False,0.0,False
AVAL__DB07,AVAL,DB07,neuron_to_neuron,cook_si5_and_fenyves,2.0,2.0,2.0,Cook2019_SI5,complex,complex,fenyves_sign_prediction,True,True,True,True,True,1.0,True
AVAL__LUAL,AVAL,LUAL,neuron_to_neuron,cook_si5_and_fenyves,6.0,6.0,6.0,Cook2019_SI5,-,-,fenyves_sign_prediction,True,True,True,True,True,2.0,True
AVAL__LUAR,AVAL,LUAR,neuron_to_neuron,cook_si5_and_fenyves,2.0,2.0,2.0,Cook2019_SI5,-,-,fenyves_sign_prediction,True,True,True,True,True,2.0,True
AVAL__PVCL,AVAL,PVCL,neuron_to_neuron,cook_si5_and_fenyves,21.0,21.0,21.0,Cook2019_SI5,complex,complex,fenyves_sign_prediction,True,True,True,True,True,12.0,True
AVAL__PVCR,AVAL,PVCR,neuron_to_neuron,cook_si5_and_fenyves,16.0,16.0,16.0,Cook2019_SI5,complex,complex,fenyves_sign_prediction,True,True,True,True,True,9.0,True
AVAL__PVNL,AVAL,PVNL,neuron_to_neuron,cook_si5_and_fenyves,1.0,1.0,1.0,Cook2019_SI5,+,+,fenyves_sign_prediction,True,True,True,True,True,1.0,True
AVAL__RIAL,AVAL,RIAL,neuron_to_neuron,cook_si5_and_fenyves,3.0,3.0,3.0,Cook2019_SI5,-,-,fenyves_sign_prediction,True,True,True,True,True,2.0,True
AVAL__SABVL,AVAL,SABVL,neuron_to_neuron,cook_si5_and_fenyves,2.0,2.0,2.0,Cook2019_SI5,-,-,fenyves_sign_prediction,True,True,True,True,True,1.0,True
AVAL__VA01,AVAL,VA01,neuron_to_neuron,cook_si5_and_fenyves,2.0,2.0,2.0,Cook2019_SI5,complex,complex,fenyves_sign_prediction,True,True,True,True,True,1.0,True
AVAL__VA02,AVAL,VA02,neuron_to_neuron,cook_si5_and_fenyves,8.0,8.0,8.0,Cook2019_SI5,complex,complex,fenyves_sign_prediction,True,True,True,True,True,3.0,True
AVAL__VA03,AVAL,VA03,neuron_to_neuron,cook_si5_and_fenyves,6.0,6.0,6.0,Cook2019_SI5,complex,complex,fenyves_sign_prediction,True,True,True,True,True,5.0,True
AVAL__VA04,AVAL,VA04,neuron_to_neuron,cook_si5_and_fenyves,7.0,7.0,7.0,Cook2019_SI5,complex,complex,fenyves_sign_prediction,True,True,True,True,True,4.0,True
AVAL__VA05,AVAL,VA05,neuron_to_neuron,cook_si5_and_fenyves,7.0,7.0,7.0,Cook2019_SI5,complex,complex,fenyves_sign_prediction,True,True,True,True,True,0.0,False
AVAL__VA06,AVAL,VA06,neuron_to_neuron,cook_si5_and_fenyves,8.0,8.0,8.0,Cook2019_SI5,complex,complex,fenyves_sign_prediction,True,True,True,True,True,4.0,True
AVAL__VA07,AVAL,VA07,neuron_to_neuron,cook_si5_and_fenyves,7.0,7.0,7.0,Cook2019_SI5,complex,complex,fenyves_sign_prediction,True,True,True,True,True,0.0,False
AVAL__VA08,AVAL,VA08,neuron_to_neuron,cook_si5_and_fenyves,7.0,7.0,7.0,Cook2019_SI5,complex,complex,fenyves_sign_prediction,True,True,True,True,True,0.0,False
AVAL__VA09,AVAL,VA09,neuron_to_neuron,cook_si5_and_fenyves,7.0,7.0,7.0,Cook2019_SI5,complex,complex,fenyves_sign_prediction,True,True,True,True,True,0.0,False
AVAL__VA10,AVAL,VA10,neuron_to_neuron,cook_si5_and_fenyves,9.0,9.0,9.0,Cook2019_SI5,complex,complex,fenyves_sign_prediction,True,True,True,True,True,7.0,True
AVAL__VA11,AVAL,VA11,neuron_to_neuron,cook_si5_and_fenyves,6.0,6.0,6.0,Cook2019_SI5,complex,complex,fenyves_sign_prediction,True,True,True,True,True,6.0,True
AVAL__VA12,AVAL,VA12,neuron_to_neuron,cook_si5_and_fenyves,5.0,5.0,5.0,Cook2019_SI5,complex,complex,fenyves_sign_prediction,True,True,True,True,True,3.0,True
AVAL__hyp,AVAL,hyp,neuron_to_non_neuron_or_muscle,cook_si5_only,1.0,1.0,,Cook2019_SI5,,-,missing_fenyves_default_inhibitory,True,True,False,True,False,1.0,True
AVAR__AS01,AVAR,AS01,neuron_to_neuron,cook_si5_and_fenyves,2.0,2.0,2.0,Cook2019_SI5,complex,complex,fenyves_sign_prediction,True,True,True,True,True,1.0,True
AVAR__AS02,AVAR,AS02,neuron_to_neuron,cook_si5_and_fenyves,3.0,3.0,3.0,Cook2019_SI5,complex,complex,fenyves_sign_prediction,True,True,True,True,True,2.0,True
AVAR__AS04,AVAR,AS04,neuron_to_neuron,cook_si5_and_fenyves,2.0,2.0,2.0,Cook2019_SI5,complex,complex,fenyves_sign_prediction,True,True,True,True,True,1.0,True
AVAR__AS05,AVAR,AS05,neuron_to_neuron,cook_si5_and_fenyves,1.0,1.0,1.0,Cook2019_SI5,complex,complex,fenyves_sign_prediction,True,True,True,True,True,1.0,True
AVAR__AS06,AVAR,AS06,neuron_to_neuron,cook_si5_and_fenyves,2.0,2.0,2.0,Cook2019_SI5,complex,complex,fenyves_sign_prediction,True,True,True,True,True,1.0,True
AVAR__AS07,AVAR,AS07,neuron_to_neuron,cook_si5_and_fenyves,6.0,6.0,6.0,Cook2019_SI5,complex,complex,fenyves_sign_prediction,True,True,True,True,True,0.0,False
AVAR__AS08,AVAR,AS08,neuron_to_neuron,cook_si5_and_fenyves,10.0,10.0,10.0,Cook2019_SI5,complex,complex,fenyves_sign_prediction,True,True,True,True,True,0.0,False
AVAR__AS09,AVAR,AS09,neuron_to_neuron,cook_si5_and_fenyves,10.0,10.0,10.0,Cook2019_SI5,complex,complex,fenyves_sign_prediction,True,True,True,True,True,0.0,False
AVAR__AS11,AVAR,AS11,neuron_to_neuron,cook_si5_and_fenyves,10.0,10.0,10.0,Cook2019_SI5,complex,complex,fenyves_sign_prediction,True,True,True,True,True,8.0,True
AVAR__AVAL,AVAR,AVAL,neuron_to_neuron,cook_si5_and_fenyves,7.0,7.0,7.0,Cook2019_SI5,complex,complex,fenyves_sign_prediction,True,True,True,True,True,7.0,True
AVAR__AVBL,AVAR,AVBL,neuron_to_neuron,cook_si5_and_fenyves,3.0,3.0,3.0,Cook2019_SI5,complex,complex,fenyves_sign_prediction,True,True,True,True,True,3.0,True
AVAR__AVBR,AVAR,AVBR,neuron_to_neuron,cook_si5_and_fenyves,4.0,4.0,4.0,Cook2019_SI5,complex,complex,fenyves_sign_prediction,True,True,True,True,True,2.0,True
AVAR__AVDL,AVAR,AVDL,neuron_to_neuron,cook_si5_and_fenyves,3.0,3.0,3.0,Cook2019_SI5,+,+,fenyves_sign_prediction,True,True,True,True,True,2.0,True
AVAR__AVDR,AVAR,AVDR,neuron_to_neuron,cook_si5_and_fenyves,6.0,6.0,6.0,Cook2019_SI5,+,+,fenyves_sign_prediction,True,True,True,True,True,5.0,True
AVAR__AVEL,AVAR,AVEL,neuron_to_neuron,cook_si5_only,2.0,2.0,,Cook2019_SI5,,-,missing_fenyves_default_inhibitory,True,True,True,True,False,2.0,True
AVAR__AVER,AVAR,AVER,neuron_to_neuron,cook_si5_and_fenyves,3.0,3.0,3.0,Cook2019_SI5,-,-,fenyves_sign_prediction,True,True,True,True,True,2.0,True
AVAR__DA01,AVAR,DA01,neuron_to_neuron,cook_si5_and_fenyves,2.0,2.0,2.0,Cook2019_SI5,complex,complex,fenyves_sign_prediction,True,True,True,True,True,2.0,True
AVAR__DA02,AVAR,DA02,neuron_to_neuron,cook_si5_and_fenyves,9.0,9.0,9.0,Cook2019_SI5,complex,complex,fenyves_sign_prediction,True,True,True,True,True,4.0,True
AVAR__DA03,AVAR,DA03,neuron_to_neuron,cook_si5_and_fenyves,8.0,8.0,8.0,Cook2019_SI5,complex,complex,fenyves_sign_prediction,True,True,True,True,True,3.0,True
AVAR__DA04,AVAR,DA04,neuron_to_neuron,cook_si5_and_fenyves,9.0,9.0,9.0,Cook2019_SI5,complex,complex,fenyves_sign_prediction,True,True,True,True,True,6.0,True
AVAR__DA05,AVAR,DA05,neuron_to_neuron,cook_si5_and_fenyves,9.0,9.0,9.0,Cook2019_SI5,complex,complex,fenyves_sign_prediction,True,True,True,True,True,5.0,True
AVAR__DA06,AVAR,DA06,neuron_to_neuron,cook_si5_and_fenyves,4.0,4.0,4.0,Cook2019_SI5,complex,complex,fenyves_sign_prediction,True,True,True,True,True,4.0,True
AVAR__DA07,AVAR,DA07,neuron_to_neuron,cook_si5_and_fenyves,6.0,6.0,6.0,Cook2019_SI5,complex,complex,fenyves_sign_prediction,True,True,True,True,True,6.0,True
AVAR__DA08,AVAR,DA08,neuron_to_neuron,cook_si5_and_fenyves,20.0,20.0,20.0,Cook2019_SI5,complex,complex,fenyves_sign_prediction,True,True,True,True,True,15.0,True
AVAR__DA09,AVAR,DA09,neuron_to_neuron,cook_si5_and_fenyves,3.0,3.0,3.0,Cook2019_SI5,complex,complex,fenyves_sign_prediction,True,True,True,True,True,3.0,True
AVAR__DB02,AVAR,DB02,neuron_to_neuron,cook_si5_and_fenyves,2.0,2.0,2.0,Cook2019_SI5,complex,complex,fenyves_sign_prediction,True,True,True,True,True,1.0,True
AVAR__DB03,AVAR,DB03,neuron_to_neuron,cook_si5_and_fenyves,2.0,2.0,2.0,Cook2019_SI5,complex,complex,fenyves_sign_prediction,True,True,True,True,True,1.0,True
AVAR__DB05,AVAR,DB05,neuron_to_neuron,cook_si5_only,2.0,2.0,,Cook2019_SI5,,-,missing_fenyves_default_inhibitory,True,True,True,True,False,0.0,False
AVAR__LUAL,AVAR,LUAL,neuron_to_neuron,cook_si5_and_fenyves,4.0,4.0,4.0,Cook2019_SI5,-,-,fenyves_sign_prediction,True,True,True,True,True,1.0,True
AVAR__LUAR,AVAR,LUAR,neuron_to_neuron,cook_si5_and_fenyves,16.0,16.0,16.0,Cook2019_SI5,-,-,fenyves_sign_prediction,True,True,True,True,True,3.0,True
AVAR__PDEL,AVAR,PDEL,neuron_to_neuron,cook_si5_only,3.0,3.0,,Cook2019_SI5,,-,missing_fenyves_default_inhibitory,True,True,True,True,False,1.0,True
AVAR__PDER,AVAR,PDER,neuron_to_neuron,cook_si5_only,3.0,3.0,,Cook2019_SI5,,-,missing_fenyves_default_inhibitory,True,True,True,True,False,1.0,True
AVAR__PVCL,AVAR,PVCL,neuron_to_neuron,cook_si5_and_fenyves,20.0,20.0,20.0,Cook2019_SI5,complex,complex,fenyves_sign_prediction,True,True,True,True,True,9.0,True
AVAR__PVCR,AVAR,PVCR,neuron_to_neuron,cook_si5_and_fenyves,20.0,20.0,20.0,Cook2019_SI5,complex,complex,fenyves_sign_prediction,True,True,True,True,True,6.0,True
AVAR__RIGL,AVAR,RIGL,neuron_to_neuron,cook_si5_and_fenyves,1.0,1.0,1.0,Cook2019_SI5,complex,complex,fenyves_sign_prediction,True,True,True,True,True,1.0,True
AVAR__SAAVR,AVAR,SAAVR,neuron_to_neuron,cook_si5_and_fenyves,6.0,6.0,6.0,Cook2019_SI5,complex,complex,fenyves_sign_prediction,True,True,True,True,True,1.0,True
AVAR__SABVR,AVAR,SABVR,neuron_to_neuron,cook_si5_and_fenyves,2.0,2.0,2.0,Cook2019_SI5,-,-,fenyves_sign_prediction,True,True,True,True,True,2.0,True
AVAR__SMDVR,AVAR,SMDVR,neuron_to_neuron,cook_si5_and_fenyves,1.0,1.0,1.0,Cook2019_SI5,complex,complex,fenyves_sign_prediction,True,True,True,True,True,1.0,True
AVAR__VA02,AVAR,VA02,neuron_to_neuron,cook_si5_and_fenyves,5.0,5.0,5.0,Cook2019_SI5,complex,complex,fenyves_sign_prediction,True,True,True,True,True,2.0,True
AVAR__VA03,AVAR,VA03,neuron_to_neuron,cook_si5_and_fenyves,6.0,6.0,6.0,Cook2019_SI5,complex,complex,fenyves_sign_prediction,True,True,True,True,True,4.0,True
AVAR__VA04,AVAR,VA04,neuron_to_neuron,cook_si5_and_fenyves,6.0,6.0,6.0,Cook2019_SI5,complex,complex,fenyves_sign_prediction,True,True,True,True,True,3.0,True
AVAR__VA05,AVAR,VA05,neuron_to_neuron,cook_si5_and_fenyves,2.0,2.0,2.0,Cook2019_SI5,complex,complex,fenyves_sign_prediction,True,True,True,True,True,0.0,False
AVAR__VA06,AVAR,VA06,neuron_to_neuron,cook_si5_and_fenyves,9.0,9.0,9.0,Cook2019_SI5,complex,complex,fenyves_sign_prediction,True,True,True,True,True,6.0,True
AVAR__VA07,AVAR,VA07,neuron_to_neuron,cook_si5_and_fenyves,7.0,7.0,7.0,Cook2019_SI5,complex,complex,fenyves_sign_prediction,True,True,True,True,True,0.0,False
AVAR__VA08,AVAR,VA08,neuron_to_neuron,cook_si5_and_fenyves,7.0,7.0,7.0,Cook2019_SI5,complex,complex,fenyves_sign_prediction,True,True,True,True,True,0.0,False
AVAR__VA09,AVAR,VA09,neuron_to_neuron,cook_si5_and_fenyves,7.0,7.0,7.0,Cook2019_SI5,complex,complex,fenyves_sign_prediction,True,True,True,True,True,0.0,False
AVAR__VA10,AVAR,VA10,neuron_to_neuron,cook_si5_and_fenyves,4.0,4.0,4.0,Cook2019_SI5,complex,complex,fenyves_sign_prediction,True,True,True,True,True,5.0,True
AVAR__VA11,AVAR,VA11,neuron_to_neuron,cook_si5_and_fenyves,13.0,13.0,13.0,Cook2019_SI5,complex,complex,fenyves_sign_prediction,True,True,True,True,True,8.0,True
AVAR__hyp,AVAR,hyp,neuron_to_non_neuron_or_muscle,cook_si5_only,1.0,1.0,,Cook2019_SI5,,-,missing_fenyves_default_inhibitory,True,True,False,True,False,2.0,True
AVBL__AS04,AVBL,AS04,neuron_to_neuron,cook_si5_and_fenyves,1.0,1.0,1.0,Cook2019_SI5,complex,complex,fenyves_sign_prediction,True,True,True,True,True,1.0,True
AVBL__AS05,AVBL,AS05,neuron_to_neuron,cook_si5_and_fenyves,2.0,2.0,2.0,Cook2019_SI5,complex,complex,fenyves_sign_prediction,True,True,True,True,True,2.0,True
AVBL__AS10,AVBL,AS10,neuron_to_neuron,cook_si5_and_fenyves,2.0,2.0,2.0,Cook2019_SI5,complex,complex,fenyves_sign_prediction,True,True,True,True,True,2.0,True
AVBL__AVAL,AVBL,AVAL,neuron_to_neuron,cook_si5_and_fenyves,9.0,9.0,9.0,Cook2019_SI5,complex,complex,fenyves_sign_prediction,True,True,True,True,True,8.0,True
AVBL__AVAR,AVBL,AVAR,neuron_to_neuron,cook_si5_and_fenyves,14.0,14.0,14.0,Cook2019_SI5,complex,complex,fenyves_sign_prediction,True,True,True,True,True,12.0,True
AVBL__AVBR,AVBL,AVBR,neuron_to_neuron,cook_si5_and_fenyves,6.0,6.0,6.0,Cook2019_SI5,complex,complex,fenyves_sign_prediction,True,True,True,True,True,3.0,True
AVBL__AVDR,AVBL,AVDR,neuron_to_neuron,cook_si5_and_fenyves,3.0,3.0,3.0,Cook2019_SI5,+,+,fenyves_sign_prediction,True,True,True,True,True,2.0,True
AVBL__AVEL,AVBL,AVEL,neuron_to_neuron,cook_si5_only,1.0,1.0,,Cook2019_SI5,,-,missing_fenyves_default_inhibitory,True,True,True,True,False,1.0,True
AVBL__AVER,AVBL,AVER,neuron_to_neuron,cook_si5_and_fenyves,1.0,1.0,1.0,Cook2019_SI5,-,-,fenyves_sign_prediction,True,True,True,True,True,1.0,True
AVBL__AVJR,AVBL,AVJR,neuron_to_neuron,cook_si5_and_fenyves,1.0,1.0,1.0,Cook2019_SI5,no pred,-,fenyves_no_pred_default_inhibitory,True,True,True,True,True,1.0,True
AVBL__AVL,AVBL,AVL,neuron_to_neuron,cook_si5_and_fenyves,1.0,1.0,1.0,Cook2019_SI5,no pred,-,fenyves_no_pred_default_inhibitory,True,True,True,True,True,0.0,False
AVBL__DA05,AVBL,DA05,neuron_to_neuron,cook_si5_and_fenyves,1.0,1.0,1.0,Cook2019_SI5,complex,complex,fenyves_sign_prediction,True,True,True,True,True,1.0,True
AVBL__DA07,AVBL,DA07,neuron_to_neuron,cook_si5_and_fenyves,1.0,1.0,1.0,Cook2019_SI5,complex,complex,fenyves_sign_prediction,True,True,True,True,True,1.0,True
AVBL__DVA,AVBL,DVA,neuron_to_neuron,cook_si5_and_fenyves,2.0,2.0,2.0,Cook2019_SI5,complex,complex,fenyves_sign_prediction,True,True,True,True,True,1.0,True
AVBL__PVCR,AVBL,PVCR,neuron_to_neuron,cook_si5_and_fenyves,2.0,2.0,2.0,Cook2019_SI5,complex,complex,fenyves_sign_prediction,True,True,True,True,True,1.0,True
AVBL__PVNR,AVBL,PVNR,neuron_to_neuron,cook_si5_and_fenyves,3.0,3.0,3.0,Cook2019_SI5,+,+,fenyves_sign_prediction,True,True,True,True,True,1.0,True
AVBL__PVPR,AVBL,PVPR,neuron_to_neuron,cook_si5_and_fenyves,3.0,3.0,3.0,Cook2019_SI5,no pred,-,fenyves_no_pred_default_inhibitory,True,True,True,True,True,1.0,True
AVBL__SDQL,AVBL,SDQL,neuron_to_neuron,cook_si5_and_fenyves,1.0,1.0,1.0,Cook2019_SI5,complex,complex,fenyves_sign_prediction,True,True,True,True,True,1.0,True
AVBL__VA02,AVBL,VA02,neuron_to_neuron,cook_si5_and_fenyves,3.0,3.0,3.0,Cook2019_SI5,complex,complex,fenyves_sign_prediction,True,True,True,True,True,1.0,True
AVBL__VA10,AVBL,VA10,neuron_to_neuron,cook_si5_and_fenyves,1.0,1.0,1.0,Cook2019_SI5,complex,complex,fenyves_sign_prediction,True,True,True,True,True,1.0,True
AVBL__VA11,AVBL,VA11,neuron_to_neuron,cook_si5_only,1.0,1.0,,Cook2019_SI5,,-,missing_fenyves_default_inhibitory,True,True,True,True,False,1.0,True
AVBL__VB02,AVBL,VB02,neuron_to_neuron,cook_si5_and_fenyves,3.0,3.0,3.0,Cook2019_SI5,complex,complex,fenyves_sign_prediction,True,True,True,True,True,1.0,True
AVBL__VC03,AVBL,VC03,neuron_to_neuron,cook_si5_and_fenyves,3.0,3.0,3.0,Cook2019_SI5,complex,complex,fenyves_sign_prediction,True,True,True,True,True,1.0,True
AVBL__hyp,AVBL,hyp,neuron_to_non_neuron_or_muscle,cook_si5_only,1.0,1.0,,Cook2019_SI5,,-,missing_fenyves_default_inhibitory,True,True,False,True,False,3.0,True
AVBR__AIBR,AVBR,AIBR,neuron_to_neuron,cook_si5_and_fenyves,1.0,1.0,1.0,Cook2019_SI5,-,-,fenyves_sign_prediction,True,True,True,True,True,1.0,True
AVBR__AS01,AVBR,AS01,neuron_to_neuron,cook_si5_and_fenyves,2.0,2.0,2.0,Cook2019_SI5,complex,complex,fenyves_sign_prediction,True,True,True,True,True,1.0,True
AVBR__AS03,AVBR,AS03,neuron_to_neuron,cook_si5_and_fenyves,3.0,3.0,3.0,Cook2019_SI5,complex,complex,fenyves_sign_prediction,True,True,True,True,True,1.0,True
AVBR__AS04,AVBR,AS04,neuron_to_neuron,cook_si5_and_fenyves,1.0,1.0,1.0,Cook2019_SI5,complex,complex,fenyves_sign_prediction,True,True,True,True,True,1.0,True
AVBR__AS05,AVBR,AS05,neuron_to_neuron,cook_si5_only,2.0,2.0,,Cook2019_SI5,,-,missing_fenyves_default_inhibitory,True,True,True,True,False,1.0,True
AVBR__AS10,AVBR,AS10,neuron_to_neuron,cook_si5_and_fenyves,1.0,1.0,1.0,Cook2019_SI5,complex,complex,fenyves_sign_prediction,True,True,True,True,True,1.0,True
AVBR__AVAL,AVBR,AVAL,neuron_to_neuron,cook_si5_and_fenyves,10.0,10.0,10.0,Cook2019_SI5,complex,complex,fenyves_sign_prediction,True,True,True,True,True,6.0,True
AVBR__AVAR,AVBR,AVAR,neuron_to_neuron,cook_si5_and_fenyves,14.0,14.0,14.0,Cook2019_SI5,complex,complex,fenyves_sign_prediction,True,True,True,True,True,7.0,True
AVBR__AVBL,AVBR,AVBL,neuron_to_neuron,cook_si5_and_fenyves,2.0,2.0,2.0,Cook2019_SI5,complex,complex,fenyves_sign_prediction,True,True,True,True,True,1.0,True
AVBR__AVDL,AVBR,AVDL,neuron_to_neuron,cook_si5_and_fenyves,4.0,4.0,4.0,Cook2019_SI5,+,+,fenyves_sign_prediction,True,True,True,True,True,3.0,True
AVBR__AVER,AVBR,AVER,neuron_to_neuron,cook_si5_and_fenyves,2.0,2.0,2.0,Cook2019_SI5,-,-,fenyves_sign_prediction,True,True,True,True,True,2.0,True
AVBR__AVJL,AVBR,AVJL,neuron_to_neuron,cook_si5_and_fenyves,2.0,2.0,2.0,Cook2019_SI5,no pred,-,fenyves_no_pred_default_inhibitory,True,True,True,True,True,1.0,True
AVBR__DA03,AVBR,DA03,neuron_to_neuron,cook_si5_and_fenyves,3.0,3.0,3.0,Cook2019_SI5,complex,complex,fenyves_sign_prediction,True,True,True,True,True,1.0,True
AVBR__DA04,AVBR,DA04,neuron_to_neuron,fenyves_only,1.0,,1.0,Fenyves2020_only,complex,complex,fenyves_only_connection_with_sign,True,True,True,False,True,0.0,False
AVBR__DA07,AVBR,DA07,neuron_to_neuron,cook_si5_and_fenyves,1.0,1.0,1.0,Cook2019_SI5,complex,complex,fenyves_sign_prediction,True,True,True,True,True,1.0,True
AVBR__DB04,AVBR,DB04,neuron_to_neuron,fenyves_only,1.0,,1.0,Fenyves2020_only,complex,complex,fenyves_only_connection_with_sign,True,True,True,False,True,0.0,False
AVBR__HSNR,AVBR,HSNR,neuron_to_neuron,cook_si5_and_fenyves,1.0,1.0,1.0,Cook2019_SI5,complex,complex,fenyves_sign_prediction,True,True,True,True,True,1.0,True
AVBR__VA03,AVBR,VA03,neuron_to_neuron,fenyves_only,3.0,,3.0,Fenyves2020_only,complex,complex,fenyves_only_connection_with_sign,True,True,True,False,True,0.0,False
AVBR__VA04,AVBR,VA04,neuron_to_neuron,cook_si5_and_fenyves,2.0,2.0,2.0,Cook2019_SI5,complex,complex,fenyves_sign_prediction,True,True,True,True,True,1.0,True
AVBR__VA07,AVBR,VA07,neuron_to_neuron,cook_si5_only,1.0,1.0,,Cook2019_SI5,,-,missing_fenyves_default_inhibitory,True,True,True,True,False,1.0,True
AVBR__VD03,AVBR,VD03,neuron_to_neuron,cook_si5_and_fenyves,2.0,2.0,2.0,Cook2019_SI5,+,+,fenyves_sign_prediction,True,True,True,True,True,1.0,True
AVBR__hyp,AVBR,hyp,neuron_to_non_neuron_or_muscle,cook_si5_only,9.0,9.0,,Cook2019_SI5,,-,missing_fenyves_default_inhibitory,True,True,False,True,False,7.0,True
AVBR__vBWML16,AVBR,vBWML16,neuron_to_non_neuron_or_muscle,cook_si5_only,1.0,1.0,,Cook2019_SI5,,-,missing_fenyves_default_inhibitory,True,True,False,True,False,0.0,False
AVBR__vBWMR16,AVBR,vBWMR16,neuron_to_non_neuron_or_muscle,cook_si5_only,1.0,1.0,,Cook2019_SI5,,-,missing_fenyves_default_inhibitory,True,True,False,True,False,0.0,False
AVDL__AS04,AVDL,AS04,neuron_to_neuron,cook_si5_and_fenyves,2.0,2.0,2.0,Cook2019_SI5,+,+,fenyves_sign_prediction,True,True,True,True,True,1.0,True
AVDL__AS10,AVDL,AS10,neuron_to_neuron,cook_si5_and_fenyves,1.0,1.0,1.0,Cook2019_SI5,+,+,fenyves_sign_prediction,True,True,True,True,True,1.0,True
AVDL__AS11,AVDL,AS11,neuron_to_neuron,cook_si5_and_fenyves,4.0,4.0,4.0,Cook2019_SI5,+,+,fenyves_sign_prediction,True,True,True,True,True,3.0,True
AVDL__AVAL,AVDL,AVAL,neuron_to_neuron,cook_si5_and_fenyves,37.0,37.0,37.0,Cook2019_SI5,complex,complex,fenyves_sign_prediction,True,True,True,True,True,23.0,True
AVDL__AVAR,AVDL,AVAR,neuron_to_neuron,cook_si5_and_fenyves,37.0,37.0,37.0,Cook2019_SI5,complex,complex,fenyves_sign_prediction,True,True,True,True,True,24.0,True
AVDL__AVDR,AVDL,AVDR,neuron_to_neuron,cook_si5_and_fenyves,5.0,5.0,5.0,Cook2019_SI5,no pred,-,fenyves_no_pred_default_inhibitory,True,True,True,True,True,3.0,True
AVDL__AVEL,AVDL,AVEL,neuron_to_neuron,cook_si5_and_fenyves,5.0,5.0,5.0,Cook2019_SI5,-,-,fenyves_sign_prediction,True,True,True,True,True,3.0,True
AVDL__AVJL,AVDL,AVJL,neuron_to_neuron,cook_si5_and_fenyves,1.0,1.0,1.0,Cook2019_SI5,no pred,-,fenyves_no_pred_default_inhibitory,True,True,True,True,True,1.0,True
AVDL__DA01,AVDL,DA01,neuron_to_neuron,cook_si5_and_fenyves,4.0,4.0,4.0,Cook2019_SI5,+,+,fenyves_sign_prediction,True,True,True,True,True,2.0,True
AVDL__DA02,AVDL,DA02,neuron_to_neuron,cook_si5_and_fenyves,2.0,2.0,2.0,Cook2019_SI5,+,+,fenyves_sign_prediction,True,True,True,True,True,1.0,True
AVDL__DA03,AVDL,DA03,neuron_to_neuron,cook_si5_and_fenyves,9.0,9.0,9.0,Cook2019_SI5,+,+,fenyves_sign_prediction,True,True,True,True,True,5.0,True
AVDL__DA04,AVDL,DA04,neuron_to_neuron,cook_si5_and_fenyves,3.0,3.0,3.0,Cook2019_SI5,+,+,fenyves_sign_prediction,True,True,True,True,True,2.0,True
AVDL__DA05,AVDL,DA05,neuron_to_neuron,cook_si5_and_fenyves,1.0,1.0,1.0,Cook2019_SI5,+,+,fenyves_sign_prediction,True,True,True,True,True,1.0,True
AVDL__DA08,AVDL,DA08,neuron_to_neuron,cook_si5_and_fenyves,2.0,2.0,2.0,Cook2019_SI5,+,+,fenyves_sign_prediction,True,True,True,True,True,2.0,True
AVDL__DVC,AVDL,DVC,neuron_to_neuron,cook_si5_and_fenyves,2.0,2.0,2.0,Cook2019_SI5,+,+,fenyves_sign_prediction,True,True,True,True,True,1.0,True
AVDL__LUAL,AVDL,LUAL,neuron_to_neuron,cook_si5_and_fenyves,2.0,2.0,2.0,Cook2019_SI5,no pred,-,fenyves_no_pred_default_inhibitory,True,True,True,True,True,1.0,True
AVDL__PVCL,AVDL,PVCL,neuron_to_neuron,cook_si5_and_fenyves,1.0,1.0,1.0,Cook2019_SI5,+,+,fenyves_sign_prediction,True,True,True,True,True,1.0,True
AVDL__SABD,AVDL,SABD,neuron_to_neuron,cook_si5_and_fenyves,5.0,5.0,5.0,Cook2019_SI5,no pred,-,fenyves_no_pred_default_inhibitory,True,True,True,True,True,3.0,True
AVDL__SABVL,AVDL,SABVL,neuron_to_neuron,cook_si5_and_fenyves,2.0,2.0,2.0,Cook2019_SI5,no pred,-,fenyves_no_pred_default_inhibitory,True,True,True,True,True,1.0,True
AVDL__SABVR,AVDL,SABVR,neuron_to_neuron,cook_si5_and_fenyves,5.0,5.0,5.0,Cook2019_SI5,no pred,-,fenyves_no_pred_default_inhibitory,True,True,True,True,True,2.0,True
AVDL__VA01,AVDL,VA01,neuron_to_neuron,cook_si5_only,2.0,2.0,,Cook2019_SI5,,-,missing_fenyves_default_inhibitory,True,True,True,True,False,1.0,True
AVDL__VA03,AVDL,VA03,neuron_to_neuron,cook_si5_and_fenyves,3.0,3.0,3.0,Cook2019_SI5,+,+,fenyves_sign_prediction,True,True,True,True,True,2.0,True
AVDL__VA05,AVDL,VA05,neuron_to_neuron,cook_si5_and_fenyves,1.0,1.0,1.0,Cook2019_SI5,+,+,fenyves_sign_prediction,True,True,True,True,True,0.0,False
AVDL__VA10,AVDL,VA10,neuron_to_neuron,cook_si5_and_fenyves,2.0,2.0,2.0,Cook2019_SI5,+,+,fenyves_sign_prediction,True,True,True,True,True,2.0,True
AVDL__VA12,AVDL,VA12,neuron_to_neuron,cook_si5_and_fenyves,1.0,1.0,1.0,Cook2019_SI5,+,+,fenyves_sign_prediction,True,True,True,True,True,1.0,True
AVDR__ALA,AVDR,ALA,neuron_to_neuron,cook_si5_and_fenyves,1.0,1.0,1.0,Cook2019_SI5,+,+,fenyves_sign_prediction,True,True,True,True,True,1.0,True
AVDR__AS10,AVDR,AS10,neuron_to_neuron,cook_si5_and_fenyves,2.0,2.0,2.0,Cook2019_SI5,+,+,fenyves_sign_prediction,True,True,True,True,True,2.0,True
AVDR__AS11,AVDR,AS11,neuron_to_neuron,cook_si5_and_fenyves,3.0,3.0,3.0,Cook2019_SI5,+,+,fenyves_sign_prediction,True,True,True,True,True,3.0,True
AVDR__AVAL,AVDR,AVAL,neuron_to_neuron,cook_si5_and_fenyves,41.0,41.0,41.0,Cook2019_SI5,complex,complex,fenyves_sign_prediction,True,True,True,True,True,25.0,True
AVDR__AVAR,AVDR,AVAR,neuron_to_neuron,cook_si5_and_fenyves,52.0,52.0,52.0,Cook2019_SI5,complex,complex,fenyves_sign_prediction,True,True,True,True,True,36.0,True
AVDR__AVBL,AVDR,AVBL,neuron_to_neuron,cook_si5_and_fenyves,1.0,1.0,1.0,Cook2019_SI5,+,+,fenyves_sign_prediction,True,True,True,True,True,1.0,True
AVDR__AVDL,AVDR,AVDL,neuron_to_neuron,cook_si5_and_fenyves,3.0,3.0,3.0,Cook2019_SI5,no pred,-,fenyves_no_pred_default_inhibitory,True,True,True,True,True,3.0,True
AVDR__AVER,AVDR,AVER,neuron_to_neuron,cook_si5_and_fenyves,2.0,2.0,2.0,Cook2019_SI5,-,-,fenyves_sign_prediction,True,True,True,True,True,2.0,True
AVDR__AVJR,AVDR,AVJR,neuron_to_neuron,cook_si5_and_fenyves,1.0,1.0,1.0,Cook2019_SI5,no pred,-,fenyves_no_pred_default_inhibitory,True,True,True,True,True,1.0,True
AVDR__DA01,AVDR,DA01,neuron_to_neuron,cook_si5_and_fenyves,5.0,5.0,5.0,Cook2019_SI5,+,+,fenyves_sign_prediction,True,True,True,True,True,1.0,True
AVDR__DA02,AVDR,DA02,neuron_to_neuron,cook_si5_and_fenyves,5.0,5.0,5.0,Cook2019_SI5,+,+,fenyves_sign_prediction,True,True,True,True,True,1.0,True
AVDR__DA03,AVDR,DA03,neuron_to_neuron,cook_si5_and_fenyves,3.0,3.0,3.0,Cook2019_SI5,+,+,fenyves_sign_prediction,True,True,True,True,True,2.0,True
AVDR__DA04,AVDR,DA04,neuron_to_neuron,cook_si5_and_fenyves,2.0,2.0,2.0,Cook2019_SI5,+,+,fenyves_sign_prediction,True,True,True,True,True,2.0,True
AVDR__DA05,AVDR,DA05,neuron_to_neuron,cook_si5_and_fenyves,3.0,3.0,3.0,Cook2019_SI5,+,+,fenyves_sign_prediction,True,True,True,True,True,2.0,True
AVDR__DA06,AVDR,DA06,neuron_to_neuron,cook_si5_only,1.0,1.0,,Cook2019_SI5,,-,missing_fenyves_default_inhibitory,True,True,True,True,False,1.0,True
AVDR__DA08,AVDR,DA08,neuron_to_neuron,cook_si5_and_fenyves,1.0,1.0,1.0,Cook2019_SI5,+,+,fenyves_sign_prediction,True,True,True,True,True,1.0,True
AVDR__DA09,AVDR,DA09,neuron_to_neuron,cook_si5_only,1.0,1.0,,Cook2019_SI5,,-,missing_fenyves_default_inhibitory,True,True,True,True,False,1.0,True
AVDR__DB01,AVDR,DB01,neuron_to_neuron,cook_si5_and_fenyves,1.0,1.0,1.0,Cook2019_SI5,+,+,fenyves_sign_prediction,True,True,True,True,True,1.0,True
AVDR__DB04,AVDR,DB04,neuron_to_neuron,cook_si5_and_fenyves,1.0,1.0,1.0,Cook2019_SI5,+,+,fenyves_sign_prediction,True,True,True,True,True,1.0,True
AVDR__DVC,AVDR,DVC,neuron_to_neuron,cook_si5_and_fenyves,4.0,4.0,4.0,Cook2019_SI5,+,+,fenyves_sign_prediction,True,True,True,True,True,1.0,True
AVDR__LUAL,AVDR,LUAL,neuron_to_neuron,cook_si5_and_fenyves,3.0,3.0,3.0,Cook2019_SI5,no pred,-,fenyves_no_pred_default_inhibitory,True,True,True,True,True,2.0,True
AVDR__PQR,AVDR,PQR,neuron_to_neuron,cook_si5_and_fenyves,3.0,3.0,3.0,Cook2019_SI5,no pred,-,fenyves_no_pred_default_inhibitory,True,True,True,True,True,2.0,True
AVDR__PVCR,AVDR,PVCR,neuron_to_neuron,cook_si5_and_fenyves,2.0,2.0,2.0,Cook2019_SI5,+,+,fenyves_sign_prediction,True,True,True,True,True,2.0,True
AVDR__SABD,AVDR,SABD,neuron_to_neuron,cook_si5_and_fenyves,1.0,1.0,1.0,Cook2019_SI5,no pred,-,fenyves_no_pred_default_inhibitory,True,True,True,True,True,1.0,True
AVDR__SABVL,AVDR,SABVL,neuron_to_neuron,cook_si5_and_fenyves,5.0,5.0,5.0,Cook2019_SI5,no pred,-,fenyves_no_pred_default_inhibitory,True,True,True,True,True,6.0,True
AVDR__SABVR,AVDR,SABVR,neuron_to_neuron,cook_si5_and_fenyves,1.0,1.0,1.0,Cook2019_SI5,no pred,-,fenyves_no_pred_default_inhibitory,True,True,True,True,True,1.0,True
AVDR__VA02,AVDR,VA02,neuron_to_neuron,cook_si5_and_fenyves,1.0,1.0,1.0,Cook2019_SI5,+,+,fenyves_sign_prediction,True,True,True,True,True,1.0,True
AVDR__VA03,AVDR,VA03,neuron_to_neuron,cook_si5_and_fenyves,2.0,2.0,2.0,Cook2019_SI5,+,+,fenyves_sign_prediction,True,True,True,True,True,2.0,True
AVDR__VA05,AVDR,VA05,neuron_to_neuron,cook_si5_and_fenyves,3.0,3.0,3.0,Cook2019_SI5,+,+,fenyves_sign_prediction,True,True,True,True,True,0.0,False
AVDR__VA11,AVDR,VA11,neuron_to_neuron,cook_si5_and_fenyves,1.0,1.0,1.0,Cook2019_SI5,+,+,fenyves_sign_prediction,True,True,True,True,True,1.0,True
AVDR__hyp,AVDR,hyp,neuron_to_non_neuron_or_muscle,cook_si5_only,2.0,2.0,,Cook2019_SI5,,-,missing_fenyves_default_inhibitory,True,True,False,True,False,1.0,True
AVEL__ALML,AVEL,ALML,neuron_to_neuron,cook_si5_and_fenyves,1.0,1.0,1.0,Cook2019_SI5,+,+,fenyves_sign_prediction,True,True,True,True,True,1.0,True
AVEL__AS01,AVEL,AS01,neuron_to_neuron,cook_si5_and_fenyves,3.0,3.0,3.0,Cook2019_SI5,+,+,fenyves_sign_prediction,True,True,True,True,True,1.0,True
AVEL__AS03,AVEL,AS03,neuron_to_neuron,cook_si5_only,2.0,2.0,,Cook2019_SI5,,-,missing_fenyves_default_inhibitory,True,True,True,True,False,1.0,True
AVEL__AVAL,AVEL,AVAL,neuron_to_neuron,cook_si5_and_fenyves,17.0,17.0,17.0,Cook2019_SI5,complex,complex,fenyves_sign_prediction,True,True,True,True,True,11.0,True
AVEL__AVAR,AVEL,AVAR,neuron_to_neuron,cook_si5_and_fenyves,3.0,3.0,3.0,Cook2019_SI5,complex,complex,fenyves_sign_prediction,True,True,True,True,True,7.0,True
AVEL__AVDL,AVEL,AVDL,neuron_to_neuron,cook_si5_and_fenyves,5.0,5.0,5.0,Cook2019_SI5,no pred,-,fenyves_no_pred_default_inhibitory,True,True,True,True,True,3.0,True
AVEL__DA01,AVEL,DA01,neuron_to_neuron,cook_si5_and_fenyves,11.0,11.0,11.0,Cook2019_SI5,+,+,fenyves_sign_prediction,True,True,True,True,True,6.0,True
AVEL__DA02,AVEL,DA02,neuron_to_neuron,cook_si5_and_fenyves,5.0,5.0,5.0,Cook2019_SI5,+,+,fenyves_sign_prediction,True,True,True,True,True,2.0,True
AVEL__DA03,AVEL,DA03,neuron_to_neuron,cook_si5_and_fenyves,6.0,6.0,6.0,Cook2019_SI5,+,+,fenyves_sign_prediction,True,True,True,True,True,5.0,True
AVEL__DA04,AVEL,DA04,neuron_to_neuron,cook_si5_only,1.0,1.0,,Cook2019_SI5,,-,missing_fenyves_default_inhibitory,True,True,True,True,False,1.0,True
AVEL__DB03,AVEL,DB03,neuron_to_neuron,cook_si5_and_fenyves,1.0,1.0,1.0,Cook2019_SI5,+,+,fenyves_sign_prediction,True,True,True,True,True,1.0,True
AVEL__DB04,AVEL,DB04,neuron_to_neuron,cook_si5_only,1.0,1.0,,Cook2019_SI5,,-,missing_fenyves_default_inhibitory,True,True,True,True,False,1.0,True
AVEL__PVCL,AVEL,PVCL,neuron_to_neuron,cook_si5_and_fenyves,1.0,1.0,1.0,Cook2019_SI5,+,+,fenyves_sign_prediction,True,True,True,True,True,1.0,True
AVEL__PVCR,AVEL,PVCR,neuron_to_neuron,cook_si5_and_fenyves,2.0,2.0,2.0,Cook2019_SI5,+,+,fenyves_sign_prediction,True,True,True,True,True,1.0,True
AVEL__PVT,AVEL,PVT,neuron_to_neuron,cook_si5_and_fenyves,1.0,1.0,1.0,Cook2019_SI5,+,+,fenyves_sign_prediction,True,True,True,True,True,1.0,True
AVEL__RMGL,AVEL,RMGL,neuron_to_neuron,cook_si5_and_fenyves,2.0,2.0,2.0,Cook2019_SI5,no pred,-,fenyves_no_pred_default_inhibitory,True,True,True,True,True,2.0,True
AVEL__SABD,AVEL,SABD,neuron_to_neuron,cook_si5_and_fenyves,18.0,18.0,18.0,Cook2019_SI5,no pred,-,fenyves_no_pred_default_inhibitory,True,True,True,True,True,10.0,True
AVEL__SABVL,AVEL,SABVL,neuron_to_neuron,cook_si5_and_fenyves,16.0,16.0,16.0,Cook2019_SI5,no pred,-,fenyves_no_pred_default_inhibitory,True,True,True,True,True,8.0,True
AVEL__SABVR,AVEL,SABVR,neuron_to_neuron,cook_si5_and_fenyves,12.0,12.0,12.0,Cook2019_SI5,no pred,-,fenyves_no_pred_default_inhibitory,True,True,True,True,True,6.0,True
AVEL__VA01,AVEL,VA01,neuron_to_neuron,cook_si5_and_fenyves,12.0,12.0,12.0,Cook2019_SI5,+,+,fenyves_sign_prediction,True,True,True,True,True,7.0,True
AVEL__VA03,AVEL,VA03,neuron_to_neuron,cook_si5_and_fenyves,1.0,1.0,1.0,Cook2019_SI5,+,+,fenyves_sign_prediction,True,True,True,True,True,3.0,True
AVEL__VA04,AVEL,VA04,neuron_to_neuron,cook_si5_only,1.0,1.0,,Cook2019_SI5,,-,missing_fenyves_default_inhibitory,True,True,True,True,False,1.0,True
AVEL__VD02,AVEL,VD02,neuron_to_neuron,cook_si5_and_fenyves,1.0,1.0,1.0,Cook2019_SI5,+,+,fenyves_sign_prediction,True,True,True,True,True,1.0,True
AVEL__VD03,AVEL,VD03,neuron_to_neuron,cook_si5_and_fenyves,1.0,1.0,1.0,Cook2019_SI5,+,+,fenyves_sign_prediction,True,True,True,True,True,1.0,True
AVER__AIZR,AVER,AIZR,neuron_to_neuron,cook_si5_and_fenyves,1.0,1.0,1.0,Cook2019_SI5,-,-,fenyves_sign_prediction,True,True,True,True,True,1.0,True
AVER__AS01,AVER,AS01,neuron_to_neuron,cook_si5_and_fenyves,6.0,6.0,6.0,Cook2019_SI5,+,+,fenyves_sign_prediction,True,True,True,True,True,3.0,True
AVER__AS02,AVER,AS02,neuron_to_neuron,cook_si5_and_fenyves,4.0,4.0,4.0,Cook2019_SI5,+,+,fenyves_sign_prediction,True,True,True,True,True,3.0,True
AVER__AS03,AVER,AS03,neuron_to_neuron,cook_si5_and_fenyves,1.0,1.0,1.0,Cook2019_SI5,+,+,fenyves_sign_prediction,True,True,True,True,True,1.0,True
AVER__AVAL,AVER,AVAL,neuron_to_neuron,cook_si5_and_fenyves,14.0,14.0,14.0,Cook2019_SI5,complex,complex,fenyves_sign_prediction,True,True,True,True,True,8.0,True
AVER__AVAR,AVER,AVAR,neuron_to_neuron,cook_si5_and_fenyves,33.0,33.0,33.0,Cook2019_SI5,complex,complex,fenyves_sign_prediction,True,True,True,True,True,19.0,True
AVER__AVDL,AVER,AVDL,neuron_to_neuron,cook_si5_and_fenyves,4.0,4.0,4.0,Cook2019_SI5,no pred,-,fenyves_no_pred_default_inhibitory,True,True,True,True,True,2.0,True
AVER__AVDR,AVER,AVDR,neuron_to_neuron,cook_si5_and_fenyves,4.0,4.0,4.0,Cook2019_SI5,no pred,-,fenyves_no_pred_default_inhibitory,True,True,True,True,True,2.0,True
AVER__AVEL,AVER,AVEL,neuron_to_neuron,cook_si5_and_fenyves,3.0,3.0,3.0,Cook2019_SI5,-,-,fenyves_sign_prediction,True,True,True,True,True,1.0,True
AVER__CEPDL,AVER,CEPDL,neuron_to_neuron,cook_si5_and_fenyves,1.0,1.0,1.0,Cook2019_SI5,no pred,-,fenyves_no_pred_default_inhibitory,True,True,True,True,True,1.0,True
AVER__DA01,AVER,DA01,neuron_to_neuron,cook_si5_and_fenyves,11.0,11.0,11.0,Cook2019_SI5,+,+,fenyves_sign_prediction,True,True,True,True,True,4.0,True
AVER__DA02,AVER,DA02,neuron_to_neuron,cook_si5_and_fenyves,7.0,7.0,7.0,Cook2019_SI5,+,+,fenyves_sign_prediction,True,True,True,True,True,4.0,True
AVER__DA03,AVER,DA03,neuron_to_neuron,cook_si5_and_fenyves,3.0,3.0,3.0,Cook2019_SI5,+,+,fenyves_sign_prediction,True,True,True,True,True,2.0,True
AVER__DB03,AVER,DB03,neuron_to_neuron,cook_si5_and_fenyves,1.0,1.0,1.0,Cook2019_SI5,+,+,fenyves_sign_prediction,True,True,True,True,True,1.0,True
AVER__OLLL,AVER,OLLL,neuron_to_neuron,cook_si5_and_fenyves,1.0,1.0,1.0,Cook2019_SI5,-,-,fenyves_sign_prediction,True,True,True,True,True,1.0,True
AVER__RIMR,AVER,RIMR,neuron_to_neuron,cook_si5_and_fenyves,1.0,1.0,1.0,Cook2019_SI5,complex,complex,fenyves_sign_prediction,True,True,True,True,True,1.0,True
AVER__RMGR,AVER,RMGR,neuron_to_neuron,cook_si5_and_fenyves,1.0,1.0,1.0,Cook2019_SI5,no pred,-,fenyves_no_pred_default_inhibitory,True,True,True,True,True,1.0,True
AVER__SABD,AVER,SABD,neuron_to_neuron,cook_si5_and_fenyves,1.0,1.0,1.0,Cook2019_SI5,no pred,-,fenyves_no_pred_default_inhibitory,True,True,True,True,True,1.0,True
AVER__SABVL,AVER,SABVL,neuron_to_neuron,cook_si5_and_fenyves,12.0,12.0,12.0,Cook2019_SI5,no pred,-,fenyves_no_pred_default_inhibitory,True,True,True,True,True,5.0,True
AVER__SABVR,AVER,SABVR,neuron_to_neuron,cook_si5_and_fenyves,11.0,11.0,11.0,Cook2019_SI5,no pred,-,fenyves_no_pred_default_inhibitory,True,True,True,True,True,5.0,True
AVER__URXR,AVER,URXR,neuron_to_neuron,cook_si5_and_fenyves,1.0,1.0,1.0,Cook2019_SI5,-,-,fenyves_sign_prediction,True,True,True,True,True,1.0,True
AVER__VA01,AVER,VA01,neuron_to_neuron,cook_si5_and_fenyves,5.0,5.0,5.0,Cook2019_SI5,+,+,fenyves_sign_prediction,True,True,True,True,True,3.0,True
AVER__VA02,AVER,VA02,neuron_to_neuron,cook_si5_and_fenyves,4.0,4.0,4.0,Cook2019_SI5,+,+,fenyves_sign_prediction,True,True,True,True,True,2.0,True
AVER__VA03,AVER,VA03,neuron_to_neuron,cook_si5_and_fenyves,1.0,1.0,1.0,Cook2019_SI5,+,+,fenyves_sign_prediction,True,True,True,True,True,1.0,True
AVER__VA04,AVER,VA04,neuron_to_neuron,cook_si5_and_fenyves,2.0,2.0,2.0,Cook2019_SI5,+,+,fenyves_sign_prediction,True,True,True,True,True,1.0,True
AVFL__AIML,AVFL,AIML,neuron_to_neuron,cook_si5_and_fenyves,1.0,1.0,1.0,Cook2019_SI5,-,-,fenyves_sign_prediction,True,True,True,True,True,1.0,True
AVFL__AS10,AVFL,AS10,neuron_to_neuron,cook_si5_and_fenyves,1.0,1.0,1.0,Cook2019_SI5,-,-,fenyves_sign_prediction,True,True,True,True,True,1.0,True
AVFL__AVBL,AVFL,AVBL,neuron_to_neuron,cook_si5_and_fenyves,4.0,4.0,4.0,Cook2019_SI5,-,-,fenyves_sign_prediction,True,True,True,True,True,3.0,True
AVFL__AVBR,AVFL,AVBR,neuron_to_neuron,cook_si5_and_fenyves,1.0,1.0,1.0,Cook2019_SI5,-,-,fenyves_sign_prediction,True,True,True,True,True,1.0,True
AVFL__AVFR,AVFL,AVFR,neuron_to_neuron,cook_si5_and_fenyves,12.0,12.0,12.0,Cook2019_SI5,-,-,fenyves_sign_prediction,True,True,True,True,True,9.0,True
AVFL__AVG,AVFL,AVG,neuron_to_neuron,cook_si5_and_fenyves,5.0,5.0,5.0,Cook2019_SI5,no pred,-,fenyves_no_pred_default_inhibitory,True,True,True,True,True,4.0,True
AVFL__AVHL,AVFL,AVHL,neuron_to_neuron,cook_si5_and_fenyves,4.0,4.0,4.0,Cook2019_SI5,-,-,fenyves_sign_prediction,True,True,True,True,True,4.0,True
AVFL__AVHR,AVFL,AVHR,neuron_to_neuron,cook_si5_and_fenyves,1.0,1.0,1.0,Cook2019_SI5,-,-,fenyves_sign_prediction,True,True,True,True,True,1.0,True
AVFL__AVJL,AVFL,AVJL,neuron_to_neuron,cook_si5_and_fenyves,2.0,2.0,2.0,Cook2019_SI5,no pred,-,fenyves_no_pred_default_inhibitory,True,True,True,True,True,2.0,True
AVFL__AVL,AVFL,AVL,neuron_to_neuron,cook_si5_and_fenyves,5.0,5.0,5.0,Cook2019_SI5,no pred,-,fenyves_no_pred_default_inhibitory,True,True,True,True,True,0.0,False
AVFL__DVB,AVFL,DVB,neuron_to_neuron,cook_si5_and_fenyves,1.0,1.0,1.0,Cook2019_SI5,no pred,-,fenyves_no_pred_default_inhibitory,True,True,True,True,True,1.0,True
AVFL__HSNL,AVFL,HSNL,neuron_to_neuron,cook_si5_and_fenyves,2.0,2.0,2.0,Cook2019_SI5,-,-,fenyves_sign_prediction,True,True,True,True,True,1.0,True
AVFL__HSNR,AVFL,HSNR,neuron_to_neuron,cook_si5_and_fenyves,3.0,3.0,3.0,Cook2019_SI5,-,-,fenyves_sign_prediction,True,True,True,True,True,3.0,True
AVFL__PDER,AVFL,PDER,neuron_to_neuron,cook_si5_only,1.0,1.0,,Cook2019_SI5,,-,missing_fenyves_default_inhibitory,True,True,True,True,False,1.0,True
AVFL__PVNL,AVFL,PVNL,neuron_to_neuron,cook_si5_and_fenyves,1.0,1.0,1.0,Cook2019_SI5,no pred,-,fenyves_no_pred_default_inhibitory,True,True,True,True,True,1.0,True
AVFL__PVQL,AVFL,PVQL,neuron_to_neuron,cook_si5_and_fenyves,1.0,1.0,1.0,Cook2019_SI5,-,-,fenyves_sign_prediction,True,True,True,True,True,1.0,True
AVFL__PVQR,AVFL,PVQR,neuron_to_neuron,cook_si5_only,1.0,1.0,,Cook2019_SI5,,-,missing_fenyves_default_inhibitory,True,True,True,True,False,1.0,True
AVFL__RIFL,AVFL,RIFL,neuron_to_neuron,cook_si5_and_fenyves,1.0,1.0,1.0,Cook2019_SI5,no pred,-,fenyves_no_pred_default_inhibitory,True,True,True,True,True,1.0,True
AVFL__RIFR,AVFL,RIFR,neuron_to_neuron,cook_si5_and_fenyves,1.0,1.0,1.0,Cook2019_SI5,no pred,-,fenyves_no_pred_default_inhibitory,True,True,True,True,True,1.0,True
AVFL__SMBVL,AVFL,SMBVL,neuron_to_neuron,cook_si5_and_fenyves,1.0,1.0,1.0,Cook2019_SI5,no pred,-,fenyves_no_pred_default_inhibitory,True,True,True,True,True,1.0,True
AVFL__VB01,AVFL,VB01,neuron_to_neuron,cook_si5_and_fenyves,2.0,2.0,2.0,Cook2019_SI5,complex,complex,fenyves_sign_prediction,True,True,True,True,True,1.0,True
AVFL__VB02,AVFL,VB02,neuron_to_neuron,cook_si5_and_fenyves,2.0,2.0,2.0,Cook2019_SI5,complex,complex,fenyves_sign_prediction,True,True,True,True,True,1.0,True
AVFL__VC01,AVFL,VC01,neuron_to_neuron,cook_si5_and_fenyves,1.0,1.0,1.0,Cook2019_SI5,-,-,fenyves_sign_prediction,True,True,True,True,True,1.0,True
AVFL__hyp,AVFL,hyp,neuron_to_non_neuron_or_muscle,cook_si5_only,1.0,1.0,,Cook2019_SI5,,-,missing_fenyves_default_inhibitory,True,True,False,True,False,3.0,True
AVFL__int,AVFL,int,neuron_to_non_neuron_or_muscle,cook_si5_only,1.0,1.0,,Cook2019_SI5,,-,missing_fenyves_default_inhibitory,True,True,False,True,False,0.0,False
AVFL__vBWML10,AVFL,vBWML10,neuron_to_non_neuron_or_muscle,cook_si5_only,1.0,1.0,,Cook2019_SI5,,-,missing_fenyves_default_inhibitory,True,True,False,True,False,1.0,True
AVFL__vBWML11,AVFL,vBWML11,neuron_to_non_neuron_or_muscle,cook_si5_only,1.0,1.0,,Cook2019_SI5,,-,missing_fenyves_default_inhibitory,True,True,False,True,False,1.0,True
AVFL__vBWML13,AVFL,vBWML13,neuron_to_non_neuron_or_muscle,cook_si5_only,1.0,1.0,,Cook2019_SI5,,-,missing_fenyves_default_inhibitory,True,True,False,True,False,0.0,False
AVFL__vBWMR13,AVFL,vBWMR13,neuron_to_non_neuron_or_muscle,cook_si5_only,1.0,1.0,,Cook2019_SI5,,-,missing_fenyves_default_inhibitory,True,True,False,True,False,0.0,False
AVFR__AIAL,AVFR,AIAL,neuron_to_neuron,cook_si5_and_fenyves,1.0,1.0,1.0,Cook2019_SI5,no pred,-,fenyves_no_pred_default_inhibitory,True,True,True,True,True,0.0,False
AVFR__AIML,AVFR,AIML,neuron_to_neuron,cook_si5_and_fenyves,1.0,1.0,1.0,Cook2019_SI5,-,-,fenyves_sign_prediction,True,True,True,True,True,1.0,True
AVFR__ASHR,AVFR,ASHR,neuron_to_neuron,cook_si5_and_fenyves,1.0,1.0,1.0,Cook2019_SI5,-,-,fenyves_sign_prediction,True,True,True,True,True,1.0,True
AVFR__AVAL,AVFR,AVAL,neuron_to_neuron,cook_si5_and_fenyves,1.0,1.0,1.0,Cook2019_SI5,-,-,fenyves_sign_prediction,True,True,True,True,True,1.0,True
AVFR__AVBL,AVFR,AVBL,neuron_to_neuron,cook_si5_and_fenyves,6.0,6.0,6.0,Cook2019_SI5,-,-,fenyves_sign_prediction,True,True,True,True,True,2.0,True
AVFR__AVBR,AVFR,AVBR,neuron_to_neuron,cook_si5_and_fenyves,6.0,6.0,6.0,Cook2019_SI5,-,-,fenyves_sign_prediction,True,True,True,True,True,5.0,True
AVFR__AVFL,AVFR,AVFL,neuron_to_neuron,cook_si5_and_fenyves,7.0,7.0,7.0,Cook2019_SI5,-,-,fenyves_sign_prediction,True,True,True,True,True,3.0,True
AVFR__AVG,AVFR,AVG,neuron_to_neuron,cook_si5_and_fenyves,1.0,1.0,1.0,Cook2019_SI5,no pred,-,fenyves_no_pred_default_inhibitory,True,True,True,True,True,1.0,True
AVFR__AVHL,AVFR,AVHL,neuron_to_neuron,cook_si5_and_fenyves,3.0,3.0,3.0,Cook2019_SI5,-,-,fenyves_sign_prediction,True,True,True,True,True,4.0,True
AVFR__AVHR,AVFR,AVHR,neuron_to_neuron,cook_si5_and_fenyves,3.0,3.0,3.0,Cook2019_SI5,-,-,fenyves_sign_prediction,True,True,True,True,True,2.0,True
AVFR__AVJL,AVFR,AVJL,neuron_to_neuron,cook_si5_and_fenyves,5.0,5.0,5.0,Cook2019_SI5,no pred,-,fenyves_no_pred_default_inhibitory,True,True,True,True,True,2.0,True
AVFR__AVJR,AVFR,AVJR,neuron_to_neuron,cook_si5_only,1.0,1.0,,Cook2019_SI5,,-,missing_fenyves_default_inhibitory,True,True,True,True,False,1.0,True
AVFR__HSNL,AVFR,HSNL,neuron_to_neuron,cook_si5_and_fenyves,4.0,4.0,4.0,Cook2019_SI5,-,-,fenyves_sign_prediction,True,True,True,True,True,3.0,True
AVFR__HSNR,AVFR,HSNR,neuron_to_neuron,cook_si5_and_fenyves,3.0,3.0,3.0,Cook2019_SI5,-,-,fenyves_sign_prediction,True,True,True,True,True,3.0,True
AVFR__PVCR,AVFR,PVCR,neuron_to_neuron,cook_si5_and_fenyves,1.0,1.0,1.0,Cook2019_SI5,-,-,fenyves_sign_prediction,True,True,True,True,True,1.0,True
AVFR__PVDL,AVFR,PVDL,neuron_to_neuron,cook_si5_and_fenyves,1.0,1.0,1.0,Cook2019_SI5,-,-,fenyves_sign_prediction,True,True,True,True,True,0.0,False
AVFR__PVPR,AVFR,PVPR,neuron_to_neuron,cook_si5_and_fenyves,1.0,1.0,1.0,Cook2019_SI5,no pred,-,fenyves_no_pred_default_inhibitory,True,True,True,True,True,1.0,True
AVFR__PVQL,AVFR,PVQL,neuron_to_neuron,cook_si5_and_fenyves,2.0,2.0,2.0,Cook2019_SI5,-,-,fenyves_sign_prediction,True,True,True,True,True,2.0,True
AVFR__RMDDL,AVFR,RMDDL,neuron_to_neuron,cook_si5_and_fenyves,1.0,1.0,1.0,Cook2019_SI5,no pred,-,fenyves_no_pred_default_inhibitory,True,True,True,True,True,1.0,True
AVFR__RMGL,AVFR,RMGL,neuron_to_neuron,cook_si5_and_fenyves,1.0,1.0,1.0,Cook2019_SI5,no pred,-,fenyves_no_pred_default_inhibitory,True,True,True,True,True,1.0,True
AVFR__VA02,AVFR,VA02,neuron_to_neuron,cook_si5_and_fenyves,1.0,1.0,1.0,Cook2019_SI5,complex,complex,fenyves_sign_prediction,True,True,True,True,True,1.0,True
AVFR__VD11,AVFR,VD11,neuron_to_neuron,cook_si5_only,1.0,1.0,,Cook2019_SI5,,-,missing_fenyves_default_inhibitory,True,True,True,True,False,1.0,True
AVFR__hyp,AVFR,hyp,neuron_to_non_neuron_or_muscle,cook_si5_only,1.0,1.0,,Cook2019_SI5,,-,missing_fenyves_default_inhibitory,True,True,False,True,False,3.0,True
AVFR__vBWML11,AVFR,vBWML11,neuron_to_non_neuron_or_muscle,cook_si5_only,1.0,1.0,,Cook2019_SI5,,-,missing_fenyves_default_inhibitory,True,True,False,True,False,1.0,True
AVFR__vBWML12,AVFR,vBWML12,neuron_to_non_neuron_or_muscle,cook_si5_only,1.0,1.0,,Cook2019_SI5,,-,missing_fenyves_default_inhibitory,True,True,False,True,False,0.0,False
AVFR__vBWMR10,AVFR,vBWMR10,neuron_to_non_neuron_or_muscle,cook_si5_only,1.0,1.0,,Cook2019_SI5,,-,missing_fenyves_default_inhibitory,True,True,False,True,False,1.0,True
AVFR__vBWMR14,AVFR,vBWMR14,neuron_to_non_neuron_or_muscle,cook_si5_only,2.0,2.0,,Cook2019_SI5,,-,missing_fenyves_default_inhibitory,True,True,False,True,False,0.0,False
AVG__AVAL,AVG,AVAL,neuron_to_neuron,cook_si5_and_fenyves,3.0,3.0,3.0,Cook2019_SI5,complex,complex,fenyves_sign_prediction,True,True,True,True,True,2.0,True
AVG__AVAR,AVG,AVAR,neuron_to_neuron,cook_si5_and_fenyves,3.0,3.0,3.0,Cook2019_SI5,complex,complex,fenyves_sign_prediction,True,True,True,True,True,3.0,True
AVG__AVBL,AVG,AVBL,neuron_to_neuron,cook_si5_and_fenyves,5.0,5.0,5.0,Cook2019_SI5,+,+,fenyves_sign_prediction,True,True,True,True,True,4.0,True
AVG__AVBR,AVG,AVBR,neuron_to_neuron,cook_si5_and_fenyves,3.0,3.0,3.0,Cook2019_SI5,+,+,fenyves_sign_prediction,True,True,True,True,True,1.0,True
AVG__AVDL,AVG,AVDL,neuron_to_neuron,cook_si5_and_fenyves,1.0,1.0,1.0,Cook2019_SI5,no pred,-,fenyves_no_pred_default_inhibitory,True,True,True,True,True,1.0,True
AVG__AVDR,AVG,AVDR,neuron_to_neuron,cook_si5_and_fenyves,3.0,3.0,3.0,Cook2019_SI5,no pred,-,fenyves_no_pred_default_inhibitory,True,True,True,True,True,2.0,True
AVG__AVEL,AVG,AVEL,neuron_to_neuron,cook_si5_only,2.0,2.0,,Cook2019_SI5,,-,missing_fenyves_default_inhibitory,True,True,True,True,False,2.0,True
AVG__AVER,AVG,AVER,neuron_to_neuron,cook_si5_and_fenyves,1.0,1.0,1.0,Cook2019_SI5,-,-,fenyves_sign_prediction,True,True,True,True,True,1.0,True
AVG__AVFL,AVG,AVFL,neuron_to_neuron,cook_si5_and_fenyves,3.0,3.0,3.0,Cook2019_SI5,no pred,-,fenyves_no_pred_default_inhibitory,True,True,True,True,True,2.0,True
AVG__AVG,AVG,AVG,neuron_to_neuron,cook_si5_and_fenyves,2.0,2.0,2.0,Cook2019_SI5,+,+,fenyves_sign_prediction,True,True,True,True,True,1.0,True
AVG__AVJL,AVG,AVJL,neuron_to_neuron,cook_si5_and_fenyves,7.0,7.0,7.0,Cook2019_SI5,no pred,-,fenyves_no_pred_default_inhibitory,True,True,True,True,True,5.0,True
AVG__AVJR,AVG,AVJR,neuron_to_neuron,cook_si5_and_fenyves,3.0,3.0,3.0,Cook2019_SI5,no pred,-,fenyves_no_pred_default_inhibitory,True,True,True,True,True,2.0,True
AVG__DA08,AVG,DA08,neuron_to_neuron,cook_si5_and_fenyves,1.0,1.0,1.0,Cook2019_SI5,+,+,fenyves_sign_prediction,True,True,True,True,True,1.0,True
AVG__DVC,AVG,DVC,neuron_to_neuron,cook_si5_and_fenyves,2.0,2.0,2.0,Cook2019_SI5,+,+,fenyves_sign_prediction,True,True,True,True,True,1.0,True
AVG__PHAL,AVG,PHAL,neuron_to_neuron,cook_si5_and_fenyves,3.0,3.0,3.0,Cook2019_SI5,-,-,fenyves_sign_prediction,True,True,True,True,True,2.0,True
AVG__PVCL,AVG,PVCL,neuron_to_neuron,cook_si5_and_fenyves,1.0,1.0,1.0,Cook2019_SI5,+,+,fenyves_sign_prediction,True,True,True,True,True,1.0,True
AVG__PVCR,AVG,PVCR,neuron_to_neuron,cook_si5_and_fenyves,2.0,2.0,2.0,Cook2019_SI5,+,+,fenyves_sign_prediction,True,True,True,True,True,2.0,True
AVG__PVNL,AVG,PVNL,neuron_to_neuron,cook_si5_and_fenyves,2.0,2.0,2.0,Cook2019_SI5,+,+,fenyves_sign_prediction,True,True,True,True,True,1.0,True
AVG__PVNR,AVG,PVNR,neuron_to_neuron,cook_si5_and_fenyves,4.0,4.0,4.0,Cook2019_SI5,+,+,fenyves_sign_prediction,True,True,True,True,True,2.0,True
AVG__PVQR,AVG,PVQR,neuron_to_neuron,cook_si5_and_fenyves,2.0,2.0,2.0,Cook2019_SI5,+,+,fenyves_sign_prediction,True,True,True,True,True,1.0,True
AVG__PVT,AVG,PVT,neuron_to_neuron,cook_si5_and_fenyves,2.0,2.0,2.0,Cook2019_SI5,+,+,fenyves_sign_prediction,True,True,True,True,True,1.0,True
AVG__VA06,AVG,VA06,neuron_to_neuron,cook_si5_and_fenyves,1.0,1.0,1.0,Cook2019_SI5,+,+,fenyves_sign_prediction,True,True,True,True,True,1.0,True
AVG__VA11,AVG,VA11,neuron_to_neuron,fenyves_only,1.0,,1.0,Fenyves2020_only,+,+,fenyves_only_connection_with_sign,True,True,True,False,True,0.0,False
AVG__VC01,AVG,VC01,neuron_to_neuron,cook_si5_and_fenyves,2.0,2.0,2.0,Cook2019_SI5,+,+,fenyves_sign_prediction,True,True,True,True,True,1.0,True
AVG__hyp,AVG,hyp,neuron_to_non_neuron_or_muscle,cook_si5_only,2.0,2.0,,Cook2019_SI5,,-,missing_fenyves_default_inhibitory,True,True,False,True,False,4.0,True
AVG__vBWML10,AVG,vBWML10,neuron_to_non_neuron_or_muscle,cook_si5_only,1.0,1.0,,Cook2019_SI5,,-,missing_fenyves_default_inhibitory,True,True,False,True,False,1.0,True
AVG__vBWML11,AVG,vBWML11,neuron_to_non_neuron_or_muscle,cook_si5_only,2.0,2.0,,Cook2019_SI5,,-,missing_fenyves_default_inhibitory,True,True,False,True,False,1.0,True
AVG__vBWML16,AVG,vBWML16,neuron_to_non_neuron_or_muscle,cook_si5_only,2.0,2.0,,Cook2019_SI5,,-,missing_fenyves_default_inhibitory,True,True,False,True,False,0.0,False
AVG__vBWMR16,AVG,vBWMR16,neuron_to_non_neuron_or_muscle,cook_si5_only,2.0,2.0,,Cook2019_SI5,,-,missing_fenyves_default_inhibitory,True,True,False,True,False,0.0,False
AVHL__ADFR,AVHL,ADFR,neuron_to_neuron,cook_si5_and_fenyves,5.0,5.0,5.0,Cook2019_SI5,no pred,-,fenyves_no_pred_default_inhibitory,True,True,True,True,True,4.0,True
AVHL__ASHR,AVHL,ASHR,neuron_to_neuron,cook_si5_and_fenyves,1.0,1.0,1.0,Cook2019_SI5,no pred,-,fenyves_no_pred_default_inhibitory,True,True,True,True,True,1.0,True
AVHL__AVAR,AVHL,AVAR,neuron_to_neuron,cook_si5_and_fenyves,1.0,1.0,1.0,Cook2019_SI5,no pred,-,fenyves_no_pred_default_inhibitory,True,True,True,True,True,1.0,True
AVHL__AVBL,AVHL,AVBL,neuron_to_neuron,cook_si5_and_fenyves,2.0,2.0,2.0,Cook2019_SI5,no pred,-,fenyves_no_pred_default_inhibitory,True,True,True,True,True,2.0,True
AVHL__AVBR,AVHL,AVBR,neuron_to_neuron,cook_si5_and_fenyves,1.0,1.0,1.0,Cook2019_SI5,no pred,-,fenyves_no_pred_default_inhibitory,True,True,True,True,True,1.0,True
AVHL__AVDL,AVHL,AVDL,neuron_to_neuron,cook_si5_and_fenyves,1.0,1.0,1.0,Cook2019_SI5,no pred,-,fenyves_no_pred_default_inhibitory,True,True,True,True,True,1.0,True
AVHL__AVFL,AVHL,AVFL,neuron_to_neuron,cook_si5_and_fenyves,1.0,1.0,1.0,Cook2019_SI5,no pred,-,fenyves_no_pred_default_inhibitory,True,True,True,True,True,1.0,True
AVHL__AVFR,AVHL,AVFR,neuron_to_neuron,cook_si5_and_fenyves,5.0,5.0,5.0,Cook2019_SI5,no pred,-,fenyves_no_pred_default_inhibitory,True,True,True,True,True,4.0,True
AVHL__AVHR,AVHL,AVHR,neuron_to_neuron,cook_si5_and_fenyves,1.0,1.0,1.0,Cook2019_SI5,no pred,-,fenyves_no_pred_default_inhibitory,True,True,True,True,True,1.0,True
AVHL__AVJL,AVHL,AVJL,neuron_to_neuron,cook_si5_and_fenyves,4.0,4.0,4.0,Cook2019_SI5,no pred,-,fenyves_no_pred_default_inhibitory,True,True,True,True,True,4.0,True
AVHL__AVJR,AVHL,AVJR,neuron_to_neuron,cook_si5_and_fenyves,1.0,1.0,1.0,Cook2019_SI5,no pred,-,fenyves_no_pred_default_inhibitory,True,True,True,True,True,1.0,True
AVHL__AWBR,AVHL,AWBR,neuron_to_neuron,cook_si5_and_fenyves,3.0,3.0,3.0,Cook2019_SI5,no pred,-,fenyves_no_pred_default_inhibitory,True,True,True,True,True,2.0,True
AVHL__BDUR,AVHL,BDUR,neuron_to_neuron,cook_si5_and_fenyves,1.0,1.0,1.0,Cook2019_SI5,no pred,-,fenyves_no_pred_default_inhibitory,True,True,True,True,True,1.0,True
AVHL__DD01,AVHL,DD01,neuron_to_neuron,cook_si5_and_fenyves,1.0,1.0,1.0,Cook2019_SI5,no pred,-,fenyves_no_pred_default_inhibitory,True,True,True,True,True,1.0,True
AVHL__PVPL,AVHL,PVPL,neuron_to_neuron,cook_si5_only,1.0,1.0,,Cook2019_SI5,,-,missing_fenyves_default_inhibitory,True,True,True,True,False,1.0,True
AVHL__PVPR,AVHL,PVPR,neuron_to_neuron,cook_si5_and_fenyves,2.0,2.0,2.0,Cook2019_SI5,no pred,-,fenyves_no_pred_default_inhibitory,True,True,True,True,True,1.0,True
AVHL__PVQR,AVHL,PVQR,neuron_to_neuron,cook_si5_and_fenyves,3.0,3.0,3.0,Cook2019_SI5,no pred,-,fenyves_no_pred_default_inhibitory,True,True,True,True,True,2.0,True
AVHL__RIFR,AVHL,RIFR,neuron_to_neuron,cook_si5_and_fenyves,1.0,1.0,1.0,Cook2019_SI5,no pred,-,fenyves_no_pred_default_inhibitory,True,True,True,True,True,1.0,True
AVHL__RIMR,AVHL,RIMR,neuron_to_neuron,cook_si5_and_fenyves,1.0,1.0,1.0,Cook2019_SI5,no pred,-,fenyves_no_pred_default_inhibitory,True,True,True,True,True,1.0,True
AVHL__RIR,AVHL,RIR,neuron_to_neuron,cook_si5_and_fenyves,2.0,2.0,2.0,Cook2019_SI5,no pred,-,fenyves_no_pred_default_inhibitory,True,True,True,True,True,2.0,True
AVHL__SABD,AVHL,SABD,neuron_to_neuron,cook_si5_and_fenyves,1.0,1.0,1.0,Cook2019_SI5,no pred,-,fenyves_no_pred_default_inhibitory,True,True,True,True,True,1.0,True
AVHL__SMBDR,AVHL,SMBDR,neuron_to_neuron,cook_si5_and_fenyves,4.0,4.0,4.0,Cook2019_SI5,no pred,-,fenyves_no_pred_default_inhibitory,True,True,True,True,True,2.0,True
AVHL__SMBVR,AVHL,SMBVR,neuron_to_neuron,cook_si5_and_fenyves,4.0,4.0,4.0,Cook2019_SI5,no pred,-,fenyves_no_pred_default_inhibitory,True,True,True,True,True,2.0,True
AVHL__VD01,AVHL,VD01,neuron_to_neuron,cook_si5_and_fenyves,1.0,1.0,1.0,Cook2019_SI5,no pred,-,fenyves_no_pred_default_inhibitory,True,True,True,True,True,1.0,True
AVHL__hyp,AVHL,hyp,neuron_to_non_neuron_or_muscle,cook_si5_only,1.0,1.0,,Cook2019_SI5,,-,missing_fenyves_default_inhibitory,True,True,False,True,False,1.0,True
AVHR__ADLR,AVHR,ADLR,neuron_to_neuron,cook_si5_and_fenyves,3.0,3.0,3.0,Cook2019_SI5,no pred,-,fenyves_no_pred_default_inhibitory,True,True,True,True,True,2.0,True
AVHR__AQR,AVHR,AQR,neuron_to_neuron,cook_si5_and_fenyves,1.0,1.0,1.0,Cook2019_SI5,no pred,-,fenyves_no_pred_default_inhibitory,True,True,True,True,True,1.0,True
AVHR__ASKR,AVHR,ASKR,neuron_to_neuron,cook_si5_and_fenyves,1.0,1.0,1.0,Cook2019_SI5,no pred,-,fenyves_no_pred_default_inhibitory,True,True,True,True,True,1.0,True
AVHR__AVAL,AVHR,AVAL,neuron_to_neuron,cook_si5_and_fenyves,1.0,1.0,1.0,Cook2019_SI5,no pred,-,fenyves_no_pred_default_inhibitory,True,True,True,True,True,1.0,True
AVHR__AVBL,AVHR,AVBL,neuron_to_neuron,cook_si5_and_fenyves,3.0,3.0,3.0,Cook2019_SI5,no pred,-,fenyves_no_pred_default_inhibitory,True,True,True,True,True,2.0,True
AVHR__AVBR,AVHR,AVBR,neuron_to_neuron,cook_si5_and_fenyves,1.0,1.0,1.0,Cook2019_SI5,no pred,-,fenyves_no_pred_default_inhibitory,True,True,True,True,True,1.0,True
AVHR__AVDR,AVHR,AVDR,neuron_to_neuron,cook_si5_and_fenyves,1.0,1.0,1.0,Cook2019_SI5,no pred,-,fenyves_no_pred_default_inhibitory,True,True,True,True,True,1.0,True
AVHR__AVFL,AVHR,AVFL,neuron_to_neuron,cook_si5_and_fenyves,2.0,2.0,2.0,Cook2019_SI5,no pred,-,fenyves_no_pred_default_inhibitory,True,True,True,True,True,3.0,True
AVHR__AVFR,AVHR,AVFR,neuron_to_neuron,cook_si5_and_fenyves,2.0,2.0,2.0,Cook2019_SI5,no pred,-,fenyves_no_pred_default_inhibitory,True,True,True,True,True,3.0,True
AVHR__AVG,AVHR,AVG,neuron_to_neuron,cook_si5_only,1.0,1.0,,Cook2019_SI5,,-,missing_fenyves_default_inhibitory,True,True,True,True,False,1.0,True
AVHR__AVHL,AVHR,AVHL,neuron_to_neuron,cook_si5_and_fenyves,1.0,1.0,1.0,Cook2019_SI5,no pred,-,fenyves_no_pred_default_inhibitory,True,True,True,True,True,1.0,True
AVHR__AVJR,AVHR,AVJR,neuron_to_neuron,cook_si5_and_fenyves,5.0,5.0,5.0,Cook2019_SI5,no pred,-,fenyves_no_pred_default_inhibitory,True,True,True,True,True,3.0,True
AVHR__AWBL,AVHR,AWBL,neuron_to_neuron,cook_si5_and_fenyves,1.0,1.0,1.0,Cook2019_SI5,no pred,-,fenyves_no_pred_default_inhibitory,True,True,True,True,True,1.0,True
AVHR__DVA,AVHR,DVA,neuron_to_neuron,cook_si5_and_fenyves,1.0,1.0,1.0,Cook2019_SI5,no pred,-,fenyves_no_pred_default_inhibitory,True,True,True,True,True,1.0,True
AVHR__PVPL,AVHR,PVPL,neuron_to_neuron,cook_si5_and_fenyves,9.0,9.0,9.0,Cook2019_SI5,no pred,-,fenyves_no_pred_default_inhibitory,True,True,True,True,True,5.0,True
AVHR__RIGL,AVHR,RIGL,neuron_to_neuron,cook_si5_and_fenyves,1.0,1.0,1.0,Cook2019_SI5,no pred,-,fenyves_no_pred_default_inhibitory,True,True,True,True,True,1.0,True
AVHR__RIR,AVHR,RIR,neuron_to_neuron,cook_si5_and_fenyves,8.0,8.0,8.0,Cook2019_SI5,no pred,-,fenyves_no_pred_default_inhibitory,True,True,True,True,True,5.0,True
AVHR__SMBDL,AVHR,SMBDL,neuron_to_neuron,cook_si5_and_fenyves,3.0,3.0,3.0,Cook2019_SI5,no pred,-,fenyves_no_pred_default_inhibitory,True,True,True,True,True,3.0,True
AVHR__SMBVL,AVHR,SMBVL,neuron_to_neuron,cook_si5_and_fenyves,1.0,1.0,1.0,Cook2019_SI5,no pred,-,fenyves_no_pred_default_inhibitory,True,True,True,True,True,1.0,True
AVHR__vBWMR9,AVHR,vBWMR9,neuron_to_non_neuron_or_muscle,cook_si5_only,1.0,1.0,,Cook2019_SI5,,-,missing_fenyves_default_inhibitory,True,True,False,True,False,1.0,True
AVJL__AINL,AVJL,AINL,neuron_to_neuron,cook_si5_and_fenyves,1.0,1.0,1.0,Cook2019_SI5,-,-,fenyves_sign_prediction,True,True,True,True,True,1.0,True
AVJL__ASHR,AVJL,ASHR,neuron_to_neuron,cook_si5_and_fenyves,1.0,1.0,1.0,Cook2019_SI5,-,-,fenyves_sign_prediction,True,True,True,True,True,1.0,True
AVJL__AVAR,AVJL,AVAR,neuron_to_neuron,cook_si5_and_fenyves,1.0,1.0,1.0,Cook2019_SI5,-,-,fenyves_sign_prediction,True,True,True,True,True,1.0,True
AVJL__AVBL,AVJL,AVBL,neuron_to_neuron,cook_si5_and_fenyves,5.0,5.0,5.0,Cook2019_SI5,-,-,fenyves_sign_prediction,True,True,True,True,True,4.0,True
AVJL__AVBR,AVJL,AVBR,neuron_to_neuron,cook_si5_and_fenyves,6.0,6.0,6.0,Cook2019_SI5,-,-,fenyves_sign_prediction,True,True,True,True,True,5.0,True
AVJL__AVDL,AVJL,AVDL,neuron_to_neuron,cook_si5_and_fenyves,1.0,1.0,1.0,Cook2019_SI5,+,+,fenyves_sign_prediction,True,True,True,True,True,1.0,True
AVJL__AVEL,AVJL,AVEL,neuron_to_neuron,cook_si5_and_fenyves,1.0,1.0,1.0,Cook2019_SI5,-,-,fenyves_sign_prediction,True,True,True,True,True,1.0,True
AVJL__AVHL,AVJL,AVHL,neuron_to_neuron,cook_si5_and_fenyves,3.0,3.0,3.0,Cook2019_SI5,-,-,fenyves_sign_prediction,True,True,True,True,True,2.0,True
AVJL__AVJR,AVJL,AVJR,neuron_to_neuron,cook_si5_and_fenyves,1.0,1.0,1.0,Cook2019_SI5,no pred,-,fenyves_no_pred_default_inhibitory,True,True,True,True,True,1.0,True
AVJL__PVCL,AVJL,PVCL,neuron_to_neuron,cook_si5_and_fenyves,5.0,5.0,5.0,Cook2019_SI5,-,-,fenyves_sign_prediction,True,True,True,True,True,4.0,True
AVJL__PVCR,AVJL,PVCR,neuron_to_neuron,cook_si5_and_fenyves,1.0,1.0,1.0,Cook2019_SI5,-,-,fenyves_sign_prediction,True,True,True,True,True,1.0,True
AVJL__PVNR,AVJL,PVNR,neuron_to_neuron,cook_si5_and_fenyves,4.0,4.0,4.0,Cook2019_SI5,no pred,-,fenyves_no_pred_default_inhibitory,True,True,True,True,True,3.0,True
AVJL__RIFR,AVJL,RIFR,neuron_to_neuron,cook_si5_and_fenyves,1.0,1.0,1.0,Cook2019_SI5,no pred,-,fenyves_no_pred_default_inhibitory,True,True,True,True,True,1.0,True
AVJL__RIS,AVJL,RIS,neuron_to_neuron,cook_si5_and_fenyves,1.0,1.0,1.0,Cook2019_SI5,-,-,fenyves_sign_prediction,True,True,True,True,True,1.0,True
AVJL__SABD,AVJL,SABD,neuron_to_neuron,cook_si5_and_fenyves,1.0,1.0,1.0,Cook2019_SI5,complex,complex,fenyves_sign_prediction,True,True,True,True,True,1.0,True
AVJR__ALML,AVJR,ALML,neuron_to_neuron,cook_si5_and_fenyves,3.0,3.0,3.0,Cook2019_SI5,-,-,fenyves_sign_prediction,True,True,True,True,True,1.0,True
AVJR__AVAL,AVJR,AVAL,neuron_to_neuron,cook_si5_and_fenyves,4.0,4.0,4.0,Cook2019_SI5,-,-,fenyves_sign_prediction,True,True,True,True,True,2.0,True
AVJR__AVAR,AVJR,AVAR,neuron_to_neuron,cook_si5_and_fenyves,5.0,5.0,5.0,Cook2019_SI5,-,-,fenyves_sign_prediction,True,True,True,True,True,3.0,True
AVJR__AVBL,AVJR,AVBL,neuron_to_neuron,cook_si5_and_fenyves,10.0,10.0,10.0,Cook2019_SI5,-,-,fenyves_sign_prediction,True,True,True,True,True,7.0,True
AVJR__AVBR,AVJR,AVBR,neuron_to_neuron,cook_si5_and_fenyves,2.0,2.0,2.0,Cook2019_SI5,-,-,fenyves_sign_prediction,True,True,True,True,True,2.0,True
AVJR__AVDL,AVJR,AVDL,neuron_to_neuron,cook_si5_and_fenyves,1.0,1.0,1.0,Cook2019_SI5,+,+,fenyves_sign_prediction,True,True,True,True,True,1.0,True
AVJR__AVDR,AVJR,AVDR,neuron_to_neuron,cook_si5_and_fenyves,7.0,7.0,7.0,Cook2019_SI5,+,+,fenyves_sign_prediction,True,True,True,True,True,4.0,True
AVJR__AVER,AVJR,AVER,neuron_to_neuron,cook_si5_and_fenyves,3.0,3.0,3.0,Cook2019_SI5,-,-,fenyves_sign_prediction,True,True,True,True,True,3.0,True
AVJR__AVFR,AVJR,AVFR,neuron_to_neuron,cook_si5_only,1.0,1.0,,Cook2019_SI5,,-,missing_fenyves_default_inhibitory,True,True,True,True,False,1.0,True
AVJR__AVJL,AVJR,AVJL,neuron_to_neuron,cook_si5_and_fenyves,1.0,1.0,1.0,Cook2019_SI5,no pred,-,fenyves_no_pred_default_inhibitory,True,True,True,True,True,1.0,True
AVJR__AVM,AVJR,AVM,neuron_to_neuron,cook_si5_and_fenyves,1.0,1.0,1.0,Cook2019_SI5,-,-,fenyves_sign_prediction,True,True,True,True,True,1.0,True
AVJR__FLPR,AVJR,FLPR,neuron_to_neuron,cook_si5_and_fenyves,2.0,2.0,2.0,Cook2019_SI5,-,-,fenyves_sign_prediction,True,True,True,True,True,1.0,True
AVJR__PVCL,AVJR,PVCL,neuron_to_neuron,cook_si5_and_fenyves,5.0,5.0,5.0,Cook2019_SI5,-,-,fenyves_sign_prediction,True,True,True,True,True,2.0,True
AVJR__PVCR,AVJR,PVCR,neuron_to_neuron,cook_si5_and_fenyves,7.0,7.0,7.0,Cook2019_SI5,-,-,fenyves_sign_prediction,True,True,True,True,True,6.0,True
AVJR__PVQR,AVJR,PVQR,neuron_to_neuron,cook_si5_only,1.0,1.0,,Cook2019_SI5,,-,missing_fenyves_default_inhibitory,True,True,True,True,False,1.0,True
AVJR__RID,AVJR,RID,neuron_to_neuron,cook_si5_and_fenyves,2.0,2.0,2.0,Cook2019_SI5,complex,complex,fenyves_sign_prediction,True,True,True,True,True,1.0,True
AVJR__SABVL,AVJR,SABVL,neuron_to_neuron,cook_si5_and_fenyves,3.0,3.0,3.0,Cook2019_SI5,-,-,fenyves_sign_prediction,True,True,True,True,True,1.0,True
AVKL__AVBL,AVKL,AVBL,neuron_to_neuron,cook_si5_and_fenyves,2.0,2.0,2.0,Cook2019_SI5,no pred,-,fenyves_no_pred_default_inhibitory,True,True,True,True,True,2.0,True
AVKL__AVEL,AVKL,AVEL,neuron_to_neuron,cook_si5_and_fenyves,4.0,4.0,4.0,Cook2019_SI5,no pred,-,fenyves_no_pred_default_inhibitory,True,True,True,True,True,4.0,True
AVKL__AVER,AVKL,AVER,neuron_to_neuron,cook_si5_and_fenyves,2.0,2.0,2.0,Cook2019_SI5,no pred,-,fenyves_no_pred_default_inhibitory,True,True,True,True,True,1.0,True
AVKL__AVM,AVKL,AVM,neuron_to_neuron,cook_si5_and_fenyves,2.0,2.0,2.0,Cook2019_SI5,no pred,-,fenyves_no_pred_default_inhibitory,True,True,True,True,True,1.0,True
AVKL__DVA,AVKL,DVA,neuron_to_neuron,cook_si5_and_fenyves,1.0,1.0,1.0,Cook2019_SI5,no pred,-,fenyves_no_pred_default_inhibitory,True,True,True,True,True,1.0,True
AVKL__PDEL,AVKL,PDEL,neuron_to_neuron,cook_si5_only,2.0,2.0,,Cook2019_SI5,,-,missing_fenyves_default_inhibitory,True,True,True,True,False,2.0,True
AVKL__PDER,AVKL,PDER,neuron_to_neuron,cook_si5_only,1.0,1.0,,Cook2019_SI5,,-,missing_fenyves_default_inhibitory,True,True,True,True,False,1.0,True
AVKL__RIML,AVKL,RIML,neuron_to_neuron,cook_si5_and_fenyves,3.0,3.0,3.0,Cook2019_SI5,no pred,-,fenyves_no_pred_default_inhibitory,True,True,True,True,True,2.0,True
AVKL__RIMR,AVKL,RIMR,neuron_to_neuron,cook_si5_and_fenyves,2.0,2.0,2.0,Cook2019_SI5,no pred,-,fenyves_no_pred_default_inhibitory,True,True,True,True,True,1.0,True
AVKL__RIVL,AVKL,RIVL,neuron_to_neuron,cook_si5_and_fenyves,5.0,5.0,5.0,Cook2019_SI5,no pred,-,fenyves_no_pred_default_inhibitory,True,True,True,True,True,3.0,True
AVKL__RMDL,AVKL,RMDL,neuron_to_neuron,cook_si5_and_fenyves,1.0,1.0,1.0,Cook2019_SI5,no pred,-,fenyves_no_pred_default_inhibitory,True,True,True,True,True,1.0,True
AVKL__RMFL,AVKL,RMFL,neuron_to_neuron,cook_si5_and_fenyves,2.0,2.0,2.0,Cook2019_SI5,no pred,-,fenyves_no_pred_default_inhibitory,True,True,True,True,True,1.0,True
AVKL__SAADL,AVKL,SAADL,neuron_to_neuron,cook_si5_and_fenyves,1.0,1.0,1.0,Cook2019_SI5,no pred,-,fenyves_no_pred_default_inhibitory,True,True,True,True,True,1.0,True
AVKL__SAADR,AVKL,SAADR,neuron_to_neuron,cook_si5_and_fenyves,3.0,3.0,3.0,Cook2019_SI5,no pred,-,fenyves_no_pred_default_inhibitory,True,True,True,True,True,2.0,True
AVKL__SAAVL,AVKL,SAAVL,neuron_to_neuron,fenyves_only,3.0,,3.0,Fenyves2020_only,no pred,-,fenyves_no_pred_default_inhibitory,True,True,True,False,True,0.0,False
AVKL__SIAVR,AVKL,SIAVR,neuron_to_neuron,cook_si5_and_fenyves,2.0,2.0,2.0,Cook2019_SI5,no pred,-,fenyves_no_pred_default_inhibitory,True,True,True,True,True,1.0,True
AVKL__SIBDR,AVKL,SIBDR,neuron_to_neuron,cook_si5_only,2.0,2.0,,Cook2019_SI5,,-,missing_fenyves_default_inhibitory,True,True,True,True,False,0.0,False
AVKL__SIBVR,AVKL,SIBVR,neuron_to_neuron,fenyves_only,2.0,,2.0,Fenyves2020_only,no pred,-,fenyves_no_pred_default_inhibitory,True,True,True,False,True,0.0,False
AVKL__VB01,AVKL,VB01,neuron_to_neuron,cook_si5_only,3.0,3.0,,Cook2019_SI5,,-,missing_fenyves_default_inhibitory,True,True,True,True,False,1.0,True
AVKL__hyp,AVKL,hyp,neuron_to_non_neuron_or_muscle,cook_si5_only,8.0,8.0,,Cook2019_SI5,,-,missing_fenyves_default_inhibitory,True,True,False,True,False,5.0,True
AVKL__vBWML11,AVKL,vBWML11,neuron_to_non_neuron_or_muscle,cook_si5_only,3.0,3.0,,Cook2019_SI5,,-,missing_fenyves_default_inhibitory,True,True,False,True,False,0.0,False
AVKL__vBWMR11,AVKL,vBWMR11,neuron_to_non_neuron_or_muscle,cook_si5_only,3.0,3.0,,Cook2019_SI5,,-,missing_fenyves_default_inhibitory,True,True,False,True,False,1.0,True
AVKL__vBWMR6,AVKL,vBWMR6,neuron_to_non_neuron_or_muscle,cook_si5_only,2.0,2.0,,Cook2019_SI5,,-,missing_fenyves_default_inhibitory,True,True,False,True,False,1.0,True
AVKR__AVKL,AVKR,AVKL,neuron_to_neuron,cook_si5_and_fenyves,3.0,3.0,3.0,Cook2019_SI5,no pred,-,fenyves_no_pred_default_inhibitory,True,True,True,True,True,1.0,True
AVKR__BDUL,AVKR,BDUL,neuron_to_neuron,cook_si5_and_fenyves,3.0,3.0,3.0,Cook2019_SI5,no pred,-,fenyves_no_pred_default_inhibitory,True,True,True,True,True,1.0,True
AVKR__PVM,AVKR,PVM,neuron_to_neuron,cook_si5_only,2.0,2.0,,Cook2019_SI5,,-,missing_fenyves_default_inhibitory,True,True,True,True,False,0.0,False
AVKR__PVPL,AVKR,PVPL,neuron_to_neuron,cook_si5_and_fenyves,1.0,1.0,1.0,Cook2019_SI5,no pred,-,fenyves_no_pred_default_inhibitory,True,True,True,True,True,1.0,True
AVKR__PVQL,AVKR,PVQL,neuron_to_neuron,cook_si5_and_fenyves,1.0,1.0,1.0,Cook2019_SI5,no pred,-,fenyves_no_pred_default_inhibitory,True,True,True,True,True,1.0,True
AVKR__RIGL,AVKR,RIGL,neuron_to_neuron,cook_si5_and_fenyves,1.0,1.0,1.0,Cook2019_SI5,no pred,-,fenyves_no_pred_default_inhibitory,True,True,True,True,True,1.0,True
AVKR__RIML,AVKR,RIML,neuron_to_neuron,cook_si5_and_fenyves,5.0,5.0,5.0,Cook2019_SI5,no pred,-,fenyves_no_pred_default_inhibitory,True,True,True,True,True,3.0,True
AVKR__RIMR,AVKR,RIMR,neuron_to_neuron,cook_si5_and_fenyves,3.0,3.0,3.0,Cook2019_SI5,no pred,-,fenyves_no_pred_default_inhibitory,True,True,True,True,True,2.0,True
AVKR__RMDL,AVKR,RMDL,neuron_to_neuron,cook_si5_and_fenyves,1.0,1.0,1.0,Cook2019_SI5,no pred,-,fenyves_no_pred_default_inhibitory,True,True,True,True,True,1.0,True
AVKR__RMDR,AVKR,RMDR,neuron_to_neuron,cook_si5_and_fenyves,2.0,2.0,2.0,Cook2019_SI5,no pred,-,fenyves_no_pred_default_inhibitory,True,True,True,True,True,1.0,True
AVKR__RMFL,AVKR,RMFL,neuron_to_neuron,cook_si5_and_fenyves,2.0,2.0,2.0,Cook2019_SI5,no pred,-,fenyves_no_pred_default_inhibitory,True,True,True,True,True,1.0,True
AVKR__RMGL,AVKR,RMGL,neuron_to_neuron,cook_si5_and_fenyves,2.0,2.0,2.0,Cook2019_SI5,no pred,-,fenyves_no_pred_default_inhibitory,True,True,True,True,True,1.0,True
AVKR__RMHR,AVKR,RMHR,neuron_to_neuron,cook_si5_and_fenyves,1.0,1.0,1.0,Cook2019_SI5,no pred,-,fenyves_no_pred_default_inhibitory,True,True,True,True,True,1.0,True
AVKR__SAADL,AVKR,SAADL,neuron_to_neuron,cook_si5_and_fenyves,2.0,2.0,2.0,Cook2019_SI5,no pred,-,fenyves_no_pred_default_inhibitory,True,True,True,True,True,1.0,True
AVKR__SIADL,AVKR,SIADL,neuron_to_neuron,cook_si5_and_fenyves,3.0,3.0,3.0,Cook2019_SI5,no pred,-,fenyves_no_pred_default_inhibitory,True,True,True,True,True,1.0,True
AVKR__SMBDL,AVKR,SMBDL,neuron_to_neuron,cook_si5_and_fenyves,3.0,3.0,3.0,Cook2019_SI5,no pred,-,fenyves_no_pred_default_inhibitory,True,True,True,True,True,1.0,True
AVKR__SMDDR,AVKR,SMDDR,neuron_to_neuron,cook_si5_and_fenyves,3.0,3.0,3.0,Cook2019_SI5,no pred,-,fenyves_no_pred_default_inhibitory,True,True,True,True,True,2.0,True
AVKR__SMDVR,AVKR,SMDVR,neuron_to_neuron,cook_si5_and_fenyves,1.0,1.0,1.0,Cook2019_SI5,no pred,-,fenyves_no_pred_default_inhibitory,True,True,True,True,True,1.0,True
AVKR__hyp,AVKR,hyp,neuron_to_non_neuron_or_muscle,cook_si5_only,2.0,2.0,,Cook2019_SI5,,-,missing_fenyves_default_inhibitory,True,True,False,True,False,4.0,True
AVKR__vBWML11,AVKR,vBWML11,neuron_to_non_neuron_or_muscle,cook_si5_only,1.0,1.0,,Cook2019_SI5,,-,missing_fenyves_default_inhibitory,True,True,False,True,False,1.0,True
AVKR__vBWML9,AVKR,vBWML9,neuron_to_non_neuron_or_muscle,cook_si5_only,2.0,2.0,,Cook2019_SI5,,-,missing_fenyves_default_inhibitory,True,True,False,True,False,1.0,True
AVKR__vBWMR22,AVKR,vBWMR22,neuron_to_non_neuron_or_muscle,cook_si5_only,3.0,3.0,,Cook2019_SI5,,-,missing_fenyves_default_inhibitory,True,True,False,True,False,2.0,True
AVKR__vBWMR9,AVKR,vBWMR9,neuron_to_non_neuron_or_muscle,cook_si5_only,1.0,1.0,,Cook2019_SI5,,-,missing_fenyves_default_inhibitory,True,True,False,True,False,1.0,True
AVL__AVEL,AVL,AVEL,neuron_to_neuron,cook_si5_and_fenyves,3.0,3.0,3.0,Cook2019_SI5,-,-,fenyves_sign_prediction,True,True,True,True,True,0.0,False
AVL__AVKR,AVL,AVKR,neuron_to_neuron,cook_si5_and_fenyves,2.0,2.0,2.0,Cook2019_SI5,no pred,-,fenyves_no_pred_default_inhibitory,True,True,True,True,True,0.0,False
AVL__DD01,AVL,DD01,neuron_to_neuron,cook_si5_and_fenyves,4.0,4.0,4.0,Cook2019_SI5,no pred,-,fenyves_no_pred_default_inhibitory,True,True,True,True,True,0.0,False
AVL__DD06,AVL,DD06,neuron_to_neuron,cook_si5_and_fenyves,1.0,1.0,1.0,Cook2019_SI5,no pred,-,fenyves_no_pred_default_inhibitory,True,True,True,True,True,0.0,False
AVL__DVB,AVL,DVB,neuron_to_neuron,cook_si5_and_fenyves,1.0,1.0,1.0,Cook2019_SI5,no pred,-,fenyves_no_pred_default_inhibitory,True,True,True,True,True,0.0,False
AVL__DVC,AVL,DVC,neuron_to_neuron,cook_si5_and_fenyves,2.0,2.0,2.0,Cook2019_SI5,no pred,-,fenyves_no_pred_default_inhibitory,True,True,True,True,True,0.0,False
AVL__HSNR,AVL,HSNR,neuron_to_neuron,cook_si5_and_fenyves,2.0,2.0,2.0,Cook2019_SI5,-,-,fenyves_sign_prediction,True,True,True,True,True,0.0,False
AVL__PVPR,AVL,PVPR,neuron_to_neuron,cook_si5_and_fenyves,2.0,2.0,2.0,Cook2019_SI5,no pred,-,fenyves_no_pred_default_inhibitory,True,True,True,True,True,0.0,False
AVL__PVWL,AVL,PVWL,neuron_to_neuron,cook_si5_and_fenyves,1.0,1.0,1.0,Cook2019_SI5,-,-,fenyves_sign_prediction,True,True,True,True,True,0.0,False
AVL__RIMR,AVL,RIMR,neuron_to_neuron,cook_si5_and_fenyves,2.0,2.0,2.0,Cook2019_SI5,no pred,-,fenyves_no_pred_default_inhibitory,True,True,True,True,True,0.0,False
AVL__RIS,AVL,RIS,neuron_to_neuron,cook_si5_and_fenyves,1.0,1.0,1.0,Cook2019_SI5,-,-,fenyves_sign_prediction,True,True,True,True,True,0.0,False
AVL__SABD,AVL,SABD,neuron_to_neuron,cook_si5_and_fenyves,9.0,9.0,9.0,Cook2019_SI5,complex,complex,fenyves_sign_prediction,True,True,True,True,True,0.0,False
AVL__SABVL,AVL,SABVL,neuron_to_neuron,cook_si5_and_fenyves,9.0,9.0,9.0,Cook2019_SI5,-,-,fenyves_sign_prediction,True,True,True,True,True,0.0,False
AVL__SABVR,AVL,SABVR,neuron_to_neuron,cook_si5_and_fenyves,6.0,6.0,6.0,Cook2019_SI5,-,-,fenyves_sign_prediction,True,True,True,True,True,0.0,False
AVL__VC01,AVL,VC01,neuron_to_neuron,cook_si5_and_fenyves,2.0,2.0,2.0,Cook2019_SI5,-,-,fenyves_sign_prediction,True,True,True,True,True,0.0,False
AVL__VC02,AVL,VC02,neuron_to_neuron,cook_si5_and_fenyves,2.0,2.0,2.0,Cook2019_SI5,-,-,fenyves_sign_prediction,True,True,True,True,True,0.0,False
AVL__VC06,AVL,VC06,neuron_to_neuron,cook_si5_and_fenyves,1.0,1.0,1.0,Cook2019_SI5,-,-,fenyves_sign_prediction,True,True,True,True,True,0.0,False
AVL__VD12,AVL,VD12,neuron_to_neuron,cook_si5_and_fenyves,3.0,3.0,3.0,Cook2019_SI5,no pred,-,fenyves_no_pred_default_inhibitory,True,True,True,True,True,0.0,False
AVL__hyp,AVL,hyp,neuron_to_non_neuron_or_muscle,cook_si5_only,2.0,2.0,,Cook2019_SI5,,-,missing_fenyves_default_inhibitory,True,True,False,True,False,0.0,False
AVL__int,AVL,int,neuron_to_non_neuron_or_muscle,cook_si5_only,4.0,4.0,,Cook2019_SI5,,-,missing_fenyves_default_inhibitory,True,True,False,True,False,0.0,False
AVL__vBWML10,AVL,vBWML10,neuron_to_non_neuron_or_muscle,cook_si5_only,5.0,5.0,,Cook2019_SI5,,-,missing_fenyves_default_inhibitory,True,True,False,True,False,0.0,False
AVL__vBWML11,AVL,vBWML11,neuron_to_non_neuron_or_muscle,cook_si5_only,4.0,4.0,,Cook2019_SI5,,-,missing_fenyves_default_inhibitory,True,True,False,True,False,0.0,False
AVL__vBWML12,AVL,vBWML12,neuron_to_non_neuron_or_muscle,cook_si5_only,1.0,1.0,,Cook2019_SI5,,-,missing_fenyves_default_inhibitory,True,True,False,True,False,0.0,False
AVL__vBWML15,AVL,vBWML15,neuron_to_non_neuron_or_muscle,cook_si5_only,1.0,1.0,,Cook2019_SI5,,-,missing_fenyves_default_inhibitory,True,True,False,True,False,0.0,False
AVL__vBWMR11,AVL,vBWMR11,neuron_to_non_neuron_or_muscle,cook_si5_only,2.0,2.0,,Cook2019_SI5,,-,missing_fenyves_default_inhibitory,True,True,False,True,False,0.0,False
AVL__vBWMR8,AVL,vBWMR8,neuron_to_non_neuron_or_muscle,cook_si5_only,4.0,4.0,,Cook2019_SI5,,-,missing_fenyves_default_inhibitory,True,True,False,True,False,0.0,False
AVM__ADER,AVM,ADER,neuron_to_neuron,cook_si5_and_fenyves,4.0,4.0,4.0,Cook2019_SI5,no pred,-,fenyves_no_pred_default_inhibitory,True,True,True,True,True,2.0,True
AVM__AVBL,AVM,AVBL,neuron_to_neuron,cook_si5_and_fenyves,13.0,13.0,13.0,Cook2019_SI5,+,+,fenyves_sign_prediction,True,True,True,True,True,10.0,True
AVM__AVBR,AVM,AVBR,neuron_to_neuron,cook_si5_and_fenyves,9.0,9.0,9.0,Cook2019_SI5,+,+,fenyves_sign_prediction,True,True,True,True,True,5.0,True
AVM__AVDL,AVM,AVDL,neuron_to_neuron,cook_si5_and_fenyves,1.0,1.0,1.0,Cook2019_SI5,+,+,fenyves_sign_prediction,True,True,True,True,True,1.0,True
AVM__AVDR,AVM,AVDR,neuron_to_neuron,cook_si5_and_fenyves,1.0,1.0,1.0,Cook2019_SI5,+,+,fenyves_sign_prediction,True,True,True,True,True,1.0,True
AVM__AVHL,AVM,AVHL,neuron_to_neuron,cook_si5_and_fenyves,3.0,3.0,3.0,Cook2019_SI5,+,+,fenyves_sign_prediction,True,True,True,True,True,1.0,True
AVM__AVJR,AVM,AVJR,neuron_to_neuron,cook_si5_and_fenyves,1.0,1.0,1.0,Cook2019_SI5,+,+,fenyves_sign_prediction,True,True,True,True,True,1.0,True
AVM__AVKL,AVM,AVKL,neuron_to_neuron,cook_si5_and_fenyves,1.0,1.0,1.0,Cook2019_SI5,+,+,fenyves_sign_prediction,True,True,True,True,True,1.0,True
AVM__BDUL,AVM,BDUL,neuron_to_neuron,cook_si5_and_fenyves,3.0,3.0,3.0,Cook2019_SI5,+,+,fenyves_sign_prediction,True,True,True,True,True,3.0,True
AVM__BDUR,AVM,BDUR,neuron_to_neuron,cook_si5_and_fenyves,5.0,5.0,5.0,Cook2019_SI5,+,+,fenyves_sign_prediction,True,True,True,True,True,4.0,True
AVM__DA01,AVM,DA01,neuron_to_neuron,cook_si5_and_fenyves,2.0,2.0,2.0,Cook2019_SI5,no pred,-,fenyves_no_pred_default_inhibitory,True,True,True,True,True,1.0,True
AVM__PVCL,AVM,PVCL,neuron_to_neuron,cook_si5_and_fenyves,10.0,10.0,10.0,Cook2019_SI5,+,+,fenyves_sign_prediction,True,True,True,True,True,8.0,True
AVM__PVCR,AVM,PVCR,neuron_to_neuron,cook_si5_and_fenyves,17.0,17.0,17.0,Cook2019_SI5,+,+,fenyves_sign_prediction,True,True,True,True,True,10.0,True
AVM__PVNL,AVM,PVNL,neuron_to_neuron,cook_si5_and_fenyves,4.0,4.0,4.0,Cook2019_SI5,+,+,fenyves_sign_prediction,True,True,True,True,True,3.0,True
AVM__PVNR,AVM,PVNR,neuron_to_neuron,cook_si5_and_fenyves,3.0,3.0,3.0,Cook2019_SI5,+,+,fenyves_sign_prediction,True,True,True,True,True,1.0,True
AVM__PVR,AVM,PVR,neuron_to_neuron,cook_si5_and_fenyves,6.0,6.0,6.0,Cook2019_SI5,no pred,-,fenyves_no_pred_default_inhibitory,True,True,True,True,True,0.0,False
AVM__RID,AVM,RID,neuron_to_neuron,cook_si5_and_fenyves,2.0,2.0,2.0,Cook2019_SI5,no pred,-,fenyves_no_pred_default_inhibitory,True,True,True,True,True,1.0,True
AVM__SIBVL,AVM,SIBVL,neuron_to_neuron,cook_si5_and_fenyves,4.0,4.0,4.0,Cook2019_SI5,+,+,fenyves_sign_prediction,True,True,True,True,True,3.0,True
AVM__VA02,AVM,VA02,neuron_to_neuron,cook_si5_and_fenyves,1.0,1.0,1.0,Cook2019_SI5,no pred,-,fenyves_no_pred_default_inhibitory,True,True,True,True,True,1.0,True
AVM__VB03,AVM,VB03,neuron_to_neuron,cook_si5_and_fenyves,1.0,1.0,1.0,Cook2019_SI5,+,+,fenyves_sign_prediction,True,True,True,True,True,1.0,True
AVM__hyp,AVM,hyp,neuron_to_non_neuron_or_muscle,cook_si5_only,1.0,1.0,,Cook2019_SI5,,-,missing_fenyves_default_inhibitory,True,True,False,True,False,1.0,True
AWAL__ADAL,AWAL,ADAL,neuron_to_neuron,cook_si5_and_fenyves,2.0,2.0,2.0,Cook2019_SI5,no pred,-,fenyves_no_pred_default_inhibitory,True,True,True,True,True,2.0,True
AWAL__AFDL,AWAL,AFDL,neuron_to_neuron,cook_si5_and_fenyves,7.0,7.0,7.0,Cook2019_SI5,no pred,-,fenyves_no_pred_default_inhibitory,True,True,True,True,True,5.0,True
AWAL__AIYL,AWAL,AIYL,neuron_to_neuron,cook_si5_and_fenyves,3.0,3.0,3.0,Cook2019_SI5,no pred,-,fenyves_no_pred_default_inhibitory,True,True,True,True,True,3.0,True
AWAL__AIZL,AWAL,AIZL,neuron_to_neuron,cook_si5_and_fenyves,23.0,23.0,23.0,Cook2019_SI5,no pred,-,fenyves_no_pred_default_inhibitory,True,True,True,True,True,16.0,True
AWAL__ASEL,AWAL,ASEL,neuron_to_neuron,cook_si5_and_fenyves,7.0,7.0,7.0,Cook2019_SI5,no pred,-,fenyves_no_pred_default_inhibitory,True,True,True,True,True,5.0,True
AWAL__ASGL,AWAL,ASGL,neuron_to_neuron,cook_si5_and_fenyves,1.0,1.0,1.0,Cook2019_SI5,no pred,-,fenyves_no_pred_default_inhibitory,True,True,True,True,True,1.0,True
AWAL__ASHL,AWAL,ASHL,neuron_to_neuron,cook_si5_and_fenyves,2.0,2.0,2.0,Cook2019_SI5,no pred,-,fenyves_no_pred_default_inhibitory,True,True,True,True,True,2.0,True
AWAL__AWBL,AWAL,AWBL,neuron_to_neuron,cook_si5_and_fenyves,9.0,9.0,9.0,Cook2019_SI5,no pred,-,fenyves_no_pred_default_inhibitory,True,True,True,True,True,6.0,True
AWAR__ADFR,AWAR,ADFR,neuron_to_neuron,cook_si5_and_fenyves,9.0,9.0,9.0,Cook2019_SI5,no pred,-,fenyves_no_pred_default_inhibitory,True,True,True,True,True,4.0,True
AWAR__AFDR,AWAR,AFDR,neuron_to_neuron,cook_si5_and_fenyves,23.0,23.0,23.0,Cook2019_SI5,no pred,-,fenyves_no_pred_default_inhibitory,True,True,True,True,True,13.0,True
AWAR__AIAR,AWAR,AIAR,neuron_to_neuron,cook_si5_and_fenyves,3.0,3.0,3.0,Cook2019_SI5,no pred,-,fenyves_no_pred_default_inhibitory,True,True,True,True,True,3.0,True
AWAR__AIYR,AWAR,AIYR,neuron_to_neuron,cook_si5_and_fenyves,8.0,8.0,8.0,Cook2019_SI5,no pred,-,fenyves_no_pred_default_inhibitory,True,True,True,True,True,4.0,True
AWAR__AIZR,AWAR,AIZR,neuron_to_neuron,cook_si5_and_fenyves,25.0,25.0,25.0,Cook2019_SI5,no pred,-,fenyves_no_pred_default_inhibitory,True,True,True,True,True,13.0,True
AWAR__ASER,AWAR,ASER,neuron_to_neuron,cook_si5_and_fenyves,5.0,5.0,5.0,Cook2019_SI5,no pred,-,fenyves_no_pred_default_inhibitory,True,True,True,True,True,4.0,True
AWAR__ASGR,AWAR,ASGR,neuron_to_neuron,cook_si5_and_fenyves,1.0,1.0,1.0,Cook2019_SI5,no pred,-,fenyves_no_pred_default_inhibitory,True,True,True,True,True,1.0,True
AWAR__ASIL,AWAR,ASIL,neuron_to_neuron,cook_si5_and_fenyves,2.0,2.0,2.0,Cook2019_SI5,no pred,-,fenyves_no_pred_default_inhibitory,True,True,True,True,True,1.0,True
AWAR__AUAR,AWAR,AUAR,neuron_to_neuron,cook_si5_and_fenyves,1.0,1.0,1.0,Cook2019_SI5,no pred,-,fenyves_no_pred_default_inhibitory,True,True,True,True,True,1.0,True
AWAR__AWBR,AWAR,AWBR,neuron_to_neuron,cook_si5_and_fenyves,3.0,3.0,3.0,Cook2019_SI5,no pred,-,fenyves_no_pred_default_inhibitory,True,True,True,True,True,1.0,True
AWAR__RIFR,AWAR,RIFR,neuron_to_neuron,cook_si5_and_fenyves,5.0,5.0,5.0,Cook2019_SI5,no pred,-,fenyves_no_pred_default_inhibitory,True,True,True,True,True,3.0,True
AWAR__RIGR,AWAR,RIGR,neuron_to_neuron,cook_si5_and_fenyves,6.0,6.0,6.0,Cook2019_SI5,no pred,-,fenyves_no_pred_default_inhibitory,True,True,True,True,True,1.0,True
AWAR__RIR,AWAR,RIR,neuron_to_neuron,cook_si5_and_fenyves,2.0,2.0,2.0,Cook2019_SI5,no pred,-,fenyves_no_pred_default_inhibitory,True,True,True,True,True,2.0,True
AWBL__ADFL,AWBL,ADFL,neuron_to_neuron,cook_si5_and_fenyves,25.0,25.0,25.0,Cook2019_SI5,no pred,-,fenyves_no_pred_default_inhibitory,True,True,True,True,True,12.0,True
AWBL__AIAL,AWBL,AIAL,neuron_to_neuron,cook_si5_and_fenyves,4.0,4.0,4.0,Cook2019_SI5,no pred,-,fenyves_no_pred_default_inhibitory,True,True,True,True,True,0.0,False
AWBL__AIBR,AWBL,AIBR,neuron_to_neuron,cook_si5_and_fenyves,1.0,1.0,1.0,Cook2019_SI5,-,-,fenyves_sign_prediction,True,True,True,True,True,1.0,True
AWBL__AIYL,AWBL,AIYL,neuron_to_neuron,cook_si5_and_fenyves,1.0,1.0,1.0,Cook2019_SI5,complex,complex,fenyves_sign_prediction,True,True,True,True,True,1.0,True
AWBL__AIZL,AWBL,AIZL,neuron_to_neuron,cook_si5_and_fenyves,15.0,15.0,15.0,Cook2019_SI5,-,-,fenyves_sign_prediction,True,True,True,True,True,9.0,True
AWBL__ASEL,AWBL,ASEL,neuron_to_neuron,cook_si5_and_fenyves,1.0,1.0,1.0,Cook2019_SI5,no pred,-,fenyves_no_pred_default_inhibitory,True,True,True,True,True,1.0,True
AWBL__ASHL,AWBL,ASHL,neuron_to_neuron,cook_si5_and_fenyves,2.0,2.0,2.0,Cook2019_SI5,no pred,-,fenyves_no_pred_default_inhibitory,True,True,True,True,True,1.0,True
AWBL__AVBL,AWBL,AVBL,neuron_to_neuron,cook_si5_and_fenyves,2.0,2.0,2.0,Cook2019_SI5,+,+,fenyves_sign_prediction,True,True,True,True,True,1.0,True
AWBL__AVHR,AWBL,AVHR,neuron_to_neuron,cook_si5_and_fenyves,2.0,2.0,2.0,Cook2019_SI5,no pred,-,fenyves_no_pred_default_inhibitory,True,True,True,True,True,1.0,True
AWBL__AWAL,AWBL,AWAL,neuron_to_neuron,cook_si5_and_fenyves,2.0,2.0,2.0,Cook2019_SI5,no pred,-,fenyves_no_pred_default_inhibitory,True,True,True,True,True,2.0,True
AWBL__AWCL,AWBL,AWCL,neuron_to_neuron,cook_si5_and_fenyves,1.0,1.0,1.0,Cook2019_SI5,no pred,-,fenyves_no_pred_default_inhibitory,True,True,True,True,True,1.0,True
AWBL__HSNL,AWBL,HSNL,neuron_to_neuron,cook_si5_and_fenyves,1.0,1.0,1.0,Cook2019_SI5,+,+,fenyves_sign_prediction,True,True,True,True,True,1.0,True
AWBL__RIAL,AWBL,RIAL,neuron_to_neuron,cook_si5_and_fenyves,10.0,10.0,10.0,Cook2019_SI5,-,-,fenyves_sign_prediction,True,True,True,True,True,3.0,True
AWBL__RIGL,AWBL,RIGL,neuron_to_neuron,cook_si5_and_fenyves,2.0,2.0,2.0,Cook2019_SI5,complex,complex,fenyves_sign_prediction,True,True,True,True,True,2.0,True
AWBL__SMBDL,AWBL,SMBDL,neuron_to_neuron,cook_si5_and_fenyves,2.0,2.0,2.0,Cook2019_SI5,-,-,fenyves_sign_prediction,True,True,True,True,True,1.0,True
AWBL__SMBVL,AWBL,SMBVL,neuron_to_neuron,cook_si5_and_fenyves,3.0,3.0,3.0,Cook2019_SI5,-,-,fenyves_sign_prediction,True,True,True,True,True,2.0,True
AWBR__ADFR,AWBR,ADFR,neuron_to_neuron,cook_si5_and_fenyves,7.0,7.0,7.0,Cook2019_SI5,no pred,-,fenyves_no_pred_default_inhibitory,True,True,True,True,True,4.0,True
AWBR__AIMR,AWBR,AIMR,neuron_to_neuron,cook_si5_and_fenyves,1.0,1.0,1.0,Cook2019_SI5,no pred,-,fenyves_no_pred_default_inhibitory,True,True,True,True,True,1.0,True
AWBR__AIYR,AWBR,AIYR,neuron_to_neuron,cook_si5_and_fenyves,1.0,1.0,1.0,Cook2019_SI5,complex,complex,fenyves_sign_prediction,True,True,True,True,True,1.0,True
AWBR__AIZR,AWBR,AIZR,neuron_to_neuron,cook_si5_and_fenyves,8.0,8.0,8.0,Cook2019_SI5,-,-,fenyves_sign_prediction,True,True,True,True,True,7.0,True
AWBR__ASER,AWBR,ASER,neuron_to_neuron,cook_si5_and_fenyves,1.0,1.0,1.0,Cook2019_SI5,no pred,-,fenyves_no_pred_default_inhibitory,True,True,True,True,True,1.0,True
AWBR__ASGR,AWBR,ASGR,neuron_to_neuron,cook_si5_and_fenyves,1.0,1.0,1.0,Cook2019_SI5,no pred,-,fenyves_no_pred_default_inhibitory,True,True,True,True,True,1.0,True
AWBR__ASHR,AWBR,ASHR,neuron_to_neuron,cook_si5_and_fenyves,2.0,2.0,2.0,Cook2019_SI5,no pred,-,fenyves_no_pred_default_inhibitory,True,True,True,True,True,2.0,True
AWBR__AVBR,AWBR,AVBR,neuron_to_neuron,cook_si5_and_fenyves,2.0,2.0,2.0,Cook2019_SI5,+,+,fenyves_sign_prediction,True,True,True,True,True,2.0,True
AWBR__HSNL,AWBR,HSNL,neuron_to_neuron,cook_si5_and_fenyves,2.0,2.0,2.0,Cook2019_SI5,+,+,fenyves_sign_prediction,True,True,True,True,True,2.0,True
AWBR__HSNR,AWBR,HSNR,neuron_to_neuron,cook_si5_and_fenyves,2.0,2.0,2.0,Cook2019_SI5,+,+,fenyves_sign_prediction,True,True,True,True,True,2.0,True
AWBR__OLQVR,AWBR,OLQVR,neuron_to_neuron,cook_si5_and_fenyves,1.0,1.0,1.0,Cook2019_SI5,no pred,-,fenyves_no_pred_default_inhibitory,True,True,True,True,True,1.0,True
AWBR__RIAR,AWBR,RIAR,neuron_to_neuron,cook_si5_and_fenyves,3.0,3.0,3.0,Cook2019_SI5,-,-,fenyves_sign_prediction,True,True,True,True,True,1.0,True
AWBR__RIFR,AWBR,RIFR,neuron_to_neuron,cook_si5_and_fenyves,1.0,1.0,1.0,Cook2019_SI5,no pred,-,fenyves_no_pred_default_inhibitory,True,True,True,True,True,1.0,True
AWBR__RIR,AWBR,RIR,neuron_to_neuron,cook_si5_and_fenyves,7.0,7.0,7.0,Cook2019_SI5,no pred,-,fenyves_no_pred_default_inhibitory,True,True,True,True,True,6.0,True
AWBR__URYVR,AWBR,URYVR,neuron_to_neuron,cook_si5_and_fenyves,1.0,1.0,1.0,Cook2019_SI5,no pred,-,fenyves_no_pred_default_inhibitory,True,True,True,True,True,1.0,True
AWCL__AFDL,AWCL,AFDL,neuron_to_neuron,cook_si5_and_fenyves,2.0,2.0,2.0,Cook2019_SI5,no pred,-,fenyves_no_pred_default_inhibitory,True,True,True,True,True,2.0,True
AWCL__AIAL,AWCL,AIAL,neuron_to_neuron,cook_si5_and_fenyves,2.0,2.0,2.0,Cook2019_SI5,complex,complex,fenyves_sign_prediction,True,True,True,True,True,0.0,False
AWCL__AIAR,AWCL,AIAR,neuron_to_neuron,cook_si5_and_fenyves,4.0,4.0,4.0,Cook2019_SI5,complex,complex,fenyves_sign_prediction,True,True,True,True,True,3.0,True
AWCL__AIBL,AWCL,AIBL,neuron_to_neuron,cook_si5_and_fenyves,12.0,12.0,12.0,Cook2019_SI5,+,+,fenyves_sign_prediction,True,True,True,True,True,9.0,True
AWCL__AIBR,AWCL,AIBR,neuron_to_neuron,cook_si5_and_fenyves,2.0,2.0,2.0,Cook2019_SI5,+,+,fenyves_sign_prediction,True,True,True,True,True,2.0,True
AWCL__AIYL,AWCL,AIYL,neuron_to_neuron,cook_si5_and_fenyves,22.0,22.0,22.0,Cook2019_SI5,-,-,fenyves_sign_prediction,True,True,True,True,True,16.0,True
AWCL__AIZL,AWCL,AIZL,neuron_to_neuron,cook_si5_and_fenyves,1.0,1.0,1.0,Cook2019_SI5,no pred,-,fenyves_no_pred_default_inhibitory,True,True,True,True,True,1.0,True
AWCL__ASER,AWCL,ASER,neuron_to_neuron,cook_si5_and_fenyves,1.0,1.0,1.0,Cook2019_SI5,no pred,-,fenyves_no_pred_default_inhibitory,True,True,True,True,True,1.0,True
AWCL__ASGR,AWCL,ASGR,neuron_to_neuron,cook_si5_and_fenyves,1.0,1.0,1.0,Cook2019_SI5,no pred,-,fenyves_no_pred_default_inhibitory,True,True,True,True,True,1.0,True
AWCL__ASIL,AWCL,ASIL,neuron_to_neuron,cook_si5_and_fenyves,1.0,1.0,1.0,Cook2019_SI5,no pred,-,fenyves_no_pred_default_inhibitory,True,True,True,True,True,1.0,True
AWCL__AVAL,AWCL,AVAL,neuron_to_neuron,cook_si5_and_fenyves,1.0,1.0,1.0,Cook2019_SI5,+,+,fenyves_sign_prediction,True,True,True,True,True,1.0,True
AWCL__AWCR,AWCL,AWCR,neuron_to_neuron,cook_si5_and_fenyves,11.0,11.0,11.0,Cook2019_SI5,no pred,-,fenyves_no_pred_default_inhibitory,True,True,True,True,True,8.0,True
AWCL__RIAL,AWCL,RIAL,neuron_to_neuron,cook_si5_and_fenyves,6.0,6.0,6.0,Cook2019_SI5,complex,complex,fenyves_sign_prediction,True,True,True,True,True,3.0,True
AWCL__SMDVL,AWCL,SMDVL,neuron_to_neuron,cook_si5_and_fenyves,1.0,1.0,1.0,Cook2019_SI5,+,+,fenyves_sign_prediction,True,True,True,True,True,1.0,True
AWCR__ADFR,AWCR,ADFR,neuron_to_neuron,cook_si5_and_fenyves,1.0,1.0,1.0,Cook2019_SI5,no pred,-,fenyves_no_pred_default_inhibitory,True,True,True,True,True,1.0,True
AWCR__AIAL,AWCR,AIAL,neuron_to_neuron,cook_si5_and_fenyves,1.0,1.0,1.0,Cook2019_SI5,complex,complex,fenyves_sign_prediction,True,True,True,True,True,0.0,False
AWCR__AIAR,AWCR,AIAR,neuron_to_neuron,cook_si5_and_fenyves,8.0,8.0,8.0,Cook2019_SI5,complex,complex,fenyves_sign_prediction,True,True,True,True,True,4.0,True
AWCR__AIBL,AWCR,AIBL,neuron_to_neuron,cook_si5_and_fenyves,3.0,3.0,3.0,Cook2019_SI5,+,+,fenyves_sign_prediction,True,True,True,True,True,2.0,True
AWCR__AIBR,AWCR,AIBR,neuron_to_neuron,cook_si5_and_fenyves,18.0,18.0,18.0,Cook2019_SI5,+,+,fenyves_sign_prediction,True,True,True,True,True,8.0,True
AWCR__AIYL,AWCR,AIYL,neuron_to_neuron,cook_si5_and_fenyves,12.0,12.0,12.0,Cook2019_SI5,-,-,fenyves_sign_prediction,True,True,True,True,True,6.0,True
AWCR__AIYR,AWCR,AIYR,neuron_to_neuron,cook_si5_and_fenyves,22.0,22.0,22.0,Cook2019_SI5,-,-,fenyves_sign_prediction,True,True,True,True,True,11.0,True
AWCR__ASEL,AWCR,ASEL,neuron_to_neuron,cook_si5_and_fenyves,8.0,8.0,8.0,Cook2019_SI5,no pred,-,fenyves_no_pred_default_inhibitory,True,True,True,True,True,4.0,True
AWCR__ASER,AWCR,ASER,neuron_to_neuron,cook_si5_and_fenyves,5.0,5.0,5.0,Cook2019_SI5,no pred,-,fenyves_no_pred_default_inhibitory,True,True,True,True,True,2.0,True
AWCR__ASGR,AWCR,ASGR,neuron_to_neuron,cook_si5_and_fenyves,3.0,3.0,3.0,Cook2019_SI5,no pred,-,fenyves_no_pred_default_inhibitory,True,True,True,True,True,1.0,True
AWCR__ASHR,AWCR,ASHR,neuron_to_neuron,cook_si5_and_fenyves,1.0,1.0,1.0,Cook2019_SI5,no pred,-,fenyves_no_pred_default_inhibitory,True,True,True,True,True,1.0,True
AWCR__ASIL,AWCR,ASIL,neuron_to_neuron,cook_si5_and_fenyves,2.0,2.0,2.0,Cook2019_SI5,no pred,-,fenyves_no_pred_default_inhibitory,True,True,True,True,True,1.0,True
AWCR__ASIR,AWCR,ASIR,neuron_to_neuron,cook_si5_and_fenyves,2.0,2.0,2.0,Cook2019_SI5,no pred,-,fenyves_no_pred_default_inhibitory,True,True,True,True,True,1.0,True
AWCR__AWCL,AWCR,AWCL,neuron_to_neuron,cook_si5_and_fenyves,17.0,17.0,17.0,Cook2019_SI5,no pred,-,fenyves_no_pred_default_inhibitory,True,True,True,True,True,9.0,True
AWCR__IL2L,AWCR,IL2L,neuron_to_neuron,cook_si5_and_fenyves,2.0,2.0,2.0,Cook2019_SI5,no pred,-,fenyves_no_pred_default_inhibitory,True,True,True,True,True,1.0,True
AWCR__RIAL,AWCR,RIAL,neuron_to_neuron,cook_si5_and_fenyves,3.0,3.0,3.0,Cook2019_SI5,complex,complex,fenyves_sign_prediction,True,True,True,True,True,1.0,True
AWCR__RIVL,AWCR,RIVL,neuron_to_neuron,cook_si5_and_fenyves,3.0,3.0,3.0,Cook2019_SI5,no pred,-,fenyves_no_pred_default_inhibitory,True,True,True,True,True,1.0,True
BAGL__ADFR,BAGL,ADFR,neuron_to_neuron,cook_si5_and_fenyves,1.0,1.0,1.0,Cook2019_SI5,no pred,-,fenyves_no_pred_default_inhibitory,True,True,True,True,True,1.0,True
BAGL__AIBL,BAGL,AIBL,neuron_to_neuron,cook_si5_and_fenyves,2.0,2.0,2.0,Cook2019_SI5,+,+,fenyves_sign_prediction,True,True,True,True,True,2.0,True
BAGL__AINL,BAGL,AINL,neuron_to_neuron,cook_si5_and_fenyves,1.0,1.0,1.0,Cook2019_SI5,no pred,-,fenyves_no_pred_default_inhibitory,True,True,True,True,True,1.0,True
BAGL__AIZR,BAGL,AIZR,neuron_to_neuron,cook_si5_and_fenyves,2.0,2.0,2.0,Cook2019_SI5,no pred,-,fenyves_no_pred_default_inhibitory,True,True,True,True,True,2.0,True
BAGL__AUAR,BAGL,AUAR,neuron_to_neuron,cook_si5_and_fenyves,2.0,2.0,2.0,Cook2019_SI5,+,+,fenyves_sign_prediction,True,True,True,True,True,1.0,True
BAGL__AVAR,BAGL,AVAR,neuron_to_neuron,cook_si5_and_fenyves,3.0,3.0,3.0,Cook2019_SI5,+,+,fenyves_sign_prediction,True,True,True,True,True,2.0,True
BAGL__AVEL,BAGL,AVEL,neuron_to_neuron,cook_si5_and_fenyves,2.0,2.0,2.0,Cook2019_SI5,+,+,fenyves_sign_prediction,True,True,True,True,True,2.0,True
BAGL__AVER,BAGL,AVER,neuron_to_neuron,cook_si5_and_fenyves,7.0,7.0,7.0,Cook2019_SI5,+,+,fenyves_sign_prediction,True,True,True,True,True,4.0,True
BAGL__BAGR,BAGL,BAGR,neuron_to_neuron,cook_si5_and_fenyves,1.0,1.0,1.0,Cook2019_SI5,no pred,-,fenyves_no_pred_default_inhibitory,True,True,True,True,True,1.0,True
BAGL__CEPVR,BAGL,CEPVR,neuron_to_neuron,cook_si5_and_fenyves,2.0,2.0,2.0,Cook2019_SI5,no pred,-,fenyves_no_pred_default_inhibitory,True,True,True,True,True,1.0,True
BAGL__CEPshVR,BAGL,CEPshVR,neuron_to_non_neuron_or_muscle,cook_si5_only,3.0,3.0,,Cook2019_SI5,,-,missing_fenyves_default_inhibitory,True,True,False,True,False,2.0,True
BAGL__RIAR,BAGL,RIAR,neuron_to_neuron,cook_si5_and_fenyves,18.0,18.0,18.0,Cook2019_SI5,complex,complex,fenyves_sign_prediction,True,True,True,True,True,15.0,True
BAGL__RIBR,BAGL,RIBR,neuron_to_neuron,cook_si5_and_fenyves,19.0,19.0,19.0,Cook2019_SI5,complex,complex,fenyves_sign_prediction,True,True,True,True,True,14.0,True
BAGL__RID,BAGL,RID,neuron_to_neuron,cook_si5_and_fenyves,3.0,3.0,3.0,Cook2019_SI5,no pred,-,fenyves_no_pred_default_inhibitory,True,True,True,True,True,1.0,True
BAGL__RIGL,BAGL,RIGL,neuron_to_neuron,cook_si5_and_fenyves,3.0,3.0,3.0,Cook2019_SI5,+,+,fenyves_sign_prediction,True,True,True,True,True,1.0,True
BAGL__RIGR,BAGL,RIGR,neuron_to_neuron,cook_si5_and_fenyves,7.0,7.0,7.0,Cook2019_SI5,+,+,fenyves_sign_prediction,True,True,True,True,True,7.0,True
BAGL__RIPR,BAGL,RIPR,neuron_to_neuron,cook_si5_and_fenyves,1.0,1.0,1.0,Cook2019_SI5,no pred,-,fenyves_no_pred_default_inhibitory,True,True,True,True,True,1.0,True
BAGL__RIVR,BAGL,RIVR,neuron_to_neuron,cook_si5_and_fenyves,2.0,2.0,2.0,Cook2019_SI5,no pred,-,fenyves_no_pred_default_inhibitory,True,True,True,True,True,1.0,True
BAGL__URAVR,BAGL,URAVR,neuron_to_neuron,cook_si5_and_fenyves,1.0,1.0,1.0,Cook2019_SI5,+,+,fenyves_sign_prediction,True,True,True,True,True,1.0,True
BAGL__URXR,BAGL,URXR,neuron_to_neuron,cook_si5_and_fenyves,1.0,1.0,1.0,Cook2019_SI5,no pred,-,fenyves_no_pred_default_inhibitory,True,True,True,True,True,1.0,True
BAGR__AIYL,BAGR,AIYL,neuron_to_neuron,cook_si5_and_fenyves,3.0,3.0,3.0,Cook2019_SI5,-,-,fenyves_sign_prediction,True,True,True,True,True,1.0,True
BAGR__AQR,BAGR,AQR,neuron_to_neuron,cook_si5_and_fenyves,3.0,3.0,3.0,Cook2019_SI5,no pred,-,fenyves_no_pred_default_inhibitory,True,True,True,True,True,1.0,True
BAGR__AVAL,BAGR,AVAL,neuron_to_neuron,cook_si5_and_fenyves,4.0,4.0,4.0,Cook2019_SI5,+,+,fenyves_sign_prediction,True,True,True,True,True,2.0,True
BAGR__AVEL,BAGR,AVEL,neuron_to_neuron,cook_si5_and_fenyves,8.0,8.0,8.0,Cook2019_SI5,+,+,fenyves_sign_prediction,True,True,True,True,True,6.0,True
BAGR__BAGL,BAGR,BAGL,neuron_to_neuron,cook_si5_and_fenyves,3.0,3.0,3.0,Cook2019_SI5,no pred,-,fenyves_no_pred_default_inhibitory,True,True,True,True,True,1.0,True
BAGR__OLQVL,BAGR,OLQVL,neuron_to_neuron,cook_si5_and_fenyves,2.0,2.0,2.0,Cook2019_SI5,no pred,-,fenyves_no_pred_default_inhibitory,True,True,True,True,True,1.0,True
BAGR__RIAL,BAGR,RIAL,neuron_to_neuron,cook_si5_and_fenyves,18.0,18.0,18.0,Cook2019_SI5,complex,complex,fenyves_sign_prediction,True,True,True,True,True,11.0,True
BAGR__RIBL,BAGR,RIBL,neuron_to_neuron,cook_si5_and_fenyves,22.0,22.0,22.0,Cook2019_SI5,complex,complex,fenyves_sign_prediction,True,True,True,True,True,13.0,True
BAGR__RIBR,BAGR,RIBR,neuron_to_neuron,cook_si5_and_fenyves,1.0,1.0,1.0,Cook2019_SI5,complex,complex,fenyves_sign_prediction,True,True,True,True,True,1.0,True
BAGR__RIGL,BAGR,RIGL,neuron_to_neuron,cook_si5_and_fenyves,10.0,10.0,10.0,Cook2019_SI5,+,+,fenyves_sign_prediction,True,True,True,True,True,5.0,True
BAGR__SMDVL,BAGR,SMDVL,neuron_to_neuron,cook_si5_and_fenyves,1.0,1.0,1.0,Cook2019_SI5,+,+,fenyves_sign_prediction,True,True,True,True,True,1.0,True
BDUL__ADAL,BDUL,ADAL,neuron_to_neuron,cook_si5_and_fenyves,2.0,2.0,2.0,Cook2019_SI5,no pred,-,fenyves_no_pred_default_inhibitory,True,True,True,True,True,1.0,True
BDUL__ADEL,BDUL,ADEL,neuron_to_neuron,cook_si5_and_fenyves,6.0,6.0,6.0,Cook2019_SI5,no pred,-,fenyves_no_pred_default_inhibitory,True,True,True,True,True,4.0,True
BDUL__ALML,BDUL,ALML,neuron_to_neuron,cook_si5_and_fenyves,1.0,1.0,1.0,Cook2019_SI5,no pred,-,fenyves_no_pred_default_inhibitory,True,True,True,True,True,1.0,True
BDUL__AVHL,BDUL,AVHL,neuron_to_neuron,cook_si5_and_fenyves,2.0,2.0,2.0,Cook2019_SI5,no pred,-,fenyves_no_pred_default_inhibitory,True,True,True,True,True,2.0,True
BDUL__AVJR,BDUL,AVJR,neuron_to_neuron,cook_si5_and_fenyves,2.0,2.0,2.0,Cook2019_SI5,no pred,-,fenyves_no_pred_default_inhibitory,True,True,True,True,True,2.0,True
BDUL__CEPshVL,BDUL,CEPshVL,neuron_to_non_neuron_or_muscle,cook_si5_only,2.0,2.0,,Cook2019_SI5,,-,missing_fenyves_default_inhibitory,True,True,False,True,False,1.0,True
BDUL__HSNL,BDUL,HSNL,neuron_to_neuron,cook_si5_and_fenyves,3.0,3.0,3.0,Cook2019_SI5,no pred,-,fenyves_no_pred_default_inhibitory,True,True,True,True,True,1.0,True
BDUL__PVNL,BDUL,PVNL,neuron_to_neuron,cook_si5_and_fenyves,2.0,2.0,2.0,Cook2019_SI5,no pred,-,fenyves_no_pred_default_inhibitory,True,True,True,True,True,2.0,True
BDUL__PVNR,BDUL,PVNR,neuron_to_neuron,cook_si5_and_fenyves,4.0,4.0,4.0,Cook2019_SI5,no pred,-,fenyves_no_pred_default_inhibitory,True,True,True,True,True,3.0,True
BDUL__RIFL,BDUL,RIFL,neuron_to_neuron,cook_si5_and_fenyves,2.0,2.0,2.0,Cook2019_SI5,no pred,-,fenyves_no_pred_default_inhibitory,True,True,True,True,True,1.0,True
BDUL__RMGL,BDUL,RMGL,neuron_to_neuron,cook_si5_and_fenyves,3.0,3.0,3.0,Cook2019_SI5,no pred,-,fenyves_no_pred_default_inhibitory,True,True,True,True,True,1.0,True
BDUL__SAADL,BDUL,SAADL,neuron_to_neuron,cook_si5_and_fenyves,3.0,3.0,3.0,Cook2019_SI5,no pred,-,fenyves_no_pred_default_inhibitory,True,True,True,True,True,1.0,True
BDUL__URADL,BDUL,URADL,neuron_to_neuron,cook_si5_and_fenyves,3.0,3.0,3.0,Cook2019_SI5,no pred,-,fenyves_no_pred_default_inhibitory,True,True,True,True,True,3.0,True
BDUL__dBWML5,BDUL,dBWML5,neuron_to_non_neuron_or_muscle,cook_si5_only,3.0,3.0,,Cook2019_SI5,,-,missing_fenyves_default_inhibitory,True,True,False,True,False,2.0,True
BDUL__hyp,BDUL,hyp,neuron_to_non_neuron_or_muscle,cook_si5_only,2.0,2.0,,Cook2019_SI5,,-,missing_fenyves_default_inhibitory,True,True,False,True,False,1.0,True
BDUR__ADER,BDUR,ADER,neuron_to_neuron,cook_si5_and_fenyves,4.0,4.0,4.0,Cook2019_SI5,no pred,-,fenyves_no_pred_default_inhibitory,True,True,True,True,True,2.0,True
BDUR__ALMR,BDUR,ALMR,neuron_to_neuron,cook_si5_and_fenyves,4.0,4.0,4.0,Cook2019_SI5,no pred,-,fenyves_no_pred_default_inhibitory,True,True,True,True,True,3.0,True
BDUR__AVAL,BDUR,AVAL,neuron_to_neuron,cook_si5_and_fenyves,7.0,7.0,7.0,Cook2019_SI5,no pred,-,fenyves_no_pred_default_inhibitory,True,True,True,True,True,3.0,True
BDUR__AVBR,BDUR,AVBR,neuron_to_neuron,cook_si5_and_fenyves,1.0,1.0,1.0,Cook2019_SI5,no pred,-,fenyves_no_pred_default_inhibitory,True,True,True,True,True,1.0,True
BDUR__AVHL,BDUR,AVHL,neuron_to_neuron,cook_si5_and_fenyves,2.0,2.0,2.0,Cook2019_SI5,no pred,-,fenyves_no_pred_default_inhibitory,True,True,True,True,True,1.0,True
BDUR__AVJL,BDUR,AVJL,neuron_to_neuron,cook_si5_and_fenyves,5.0,5.0,5.0,Cook2019_SI5,no pred,-,fenyves_no_pred_default_inhibitory,True,True,True,True,True,3.0,True
BDUR__CEPVR,BDUR,CEPVR,neuron_to_neuron,cook_si5_and_fenyves,1.0,1.0,1.0,Cook2019_SI5,no pred,-,fenyves_no_pred_default_inhibitory,True,True,True,True,True,1.0,True
BDUR__HSNR,BDUR,HSNR,neuron_to_neuron,cook_si5_and_fenyves,8.0,8.0,8.0,Cook2019_SI5,no pred,-,fenyves_no_pred_default_inhibitory,True,True,True,True,True,4.0,True
BDUR__PVCL,BDUR,PVCL,neuron_to_neuron,cook_si5_and_fenyves,3.0,3.0,3.0,Cook2019_SI5,no pred,-,fenyves_no_pred_default_inhibitory,True,True,True,True,True,2.0,True
BDUR__PVNL,BDUR,PVNL,neuron_to_neuron,cook_si5_and_fenyves,11.0,11.0,11.0,Cook2019_SI5,no pred,-,fenyves_no_pred_default_inhibitory,True,True,True,True,True,5.0,True
BDUR__PVNR,BDUR,PVNR,neuron_to_neuron,cook_si5_and_fenyves,5.0,5.0,5.0,Cook2019_SI5,no pred,-,fenyves_no_pred_default_inhibitory,True,True,True,True,True,3.0,True
BDUR__SDQL,BDUR,SDQL,neuron_to_neuron,cook_si5_and_fenyves,2.0,2.0,2.0,Cook2019_SI5,no pred,-,fenyves_no_pred_default_inhibitory,True,True,True,True,True,1.0,True
BDUR__URADR,BDUR,URADR,neuron_to_neuron,cook_si5_and_fenyves,3.0,3.0,3.0,Cook2019_SI5,no pred,-,fenyves_no_pred_default_inhibitory,True,True,True,True,True,1.0,True
BDUR__dBWMR6,BDUR,dBWMR6,neuron_to_non_neuron_or_muscle,cook_si5_only,1.0,1.0,,Cook2019_SI5,,-,missing_fenyves_default_inhibitory,True,True,False,True,False,1.0,True
BDUR__exc_gl,BDUR,exc_gl,neuron_to_non_neuron_or_muscle,cook_si5_only,2.0,2.0,,Cook2019_SI5,,-,missing_fenyves_default_inhibitory,True,True,False,True,False,1.0,True
CEPDL__AFDL,CEPDL,AFDL,neuron_to_neuron,cook_si5_and_fenyves,2.0,2.0,2.0,Cook2019_SI5,no pred,-,fenyves_no_pred_default_inhibitory,True,True,True,True,True,1.0,True
CEPDL__AINL,CEPDL,AINL,neuron_to_neuron,cook_si5_and_fenyves,2.0,2.0,2.0,Cook2019_SI5,no pred,-,fenyves_no_pred_default_inhibitory,True,True,True,True,True,1.0,True
CEPDL__ALML,CEPDL,ALML,neuron_to_neuron,cook_si5_and_fenyves,2.0,2.0,2.0,Cook2019_SI5,no pred,-,fenyves_no_pred_default_inhibitory,True,True,True,True,True,2.0,True
CEPDL__AVER,CEPDL,AVER,neuron_to_neuron,cook_si5_and_fenyves,13.0,13.0,13.0,Cook2019_SI5,no pred,-,fenyves_no_pred_default_inhibitory,True,True,True,True,True,8.0,True
CEPDL__CEPDR,CEPDL,CEPDR,neuron_to_neuron,cook_si5_and_fenyves,1.0,1.0,1.0,Cook2019_SI5,no pred,-,fenyves_no_pred_default_inhibitory,True,True,True,True,True,1.0,True
CEPDL__IL1DL,CEPDL,IL1DL,neuron_to_neuron,cook_si5_and_fenyves,18.0,18.0,18.0,Cook2019_SI5,no pred,-,fenyves_no_pred_default_inhibitory,True,True,True,True,True,6.0,True
CEPDL__IL2DL,CEPDL,IL2DL,neuron_to_neuron,cook_si5_and_fenyves,1.0,1.0,1.0,Cook2019_SI5,no pred,-,fenyves_no_pred_default_inhibitory,True,True,True,True,True,1.0,True
CEPDL__OLLL,CEPDL,OLLL,neuron_to_neuron,cook_si5_and_fenyves,8.0,8.0,8.0,Cook2019_SI5,no pred,-,fenyves_no_pred_default_inhibitory,True,True,True,True,True,4.0,True
CEPDL__OLQDL,CEPDL,OLQDL,neuron_to_neuron,cook_si5_and_fenyves,27.0,27.0,27.0,Cook2019_SI5,no pred,-,fenyves_no_pred_default_inhibitory,True,True,True,True,True,8.0,True
CEPDL__RIBL,CEPDL,RIBL,neuron_to_neuron,cook_si5_and_fenyves,3.0,3.0,3.0,Cook2019_SI5,no pred,-,fenyves_no_pred_default_inhibitory,True,True,True,True,True,2.0,True
CEPDL__RICL,CEPDL,RICL,neuron_to_neuron,cook_si5_and_fenyves,11.0,11.0,11.0,Cook2019_SI5,no pred,-,fenyves_no_pred_default_inhibitory,True,True,True,True,True,7.0,True
CEPDL__RICR,CEPDL,RICR,neuron_to_neuron,cook_si5_and_fenyves,8.0,8.0,8.0,Cook2019_SI5,no pred,-,fenyves_no_pred_default_inhibitory,True,True,True,True,True,4.0,True
CEPDL__RIH,CEPDL,RIH,neuron_to_neuron,cook_si5_and_fenyves,1.0,1.0,1.0,Cook2019_SI5,no pred,-,fenyves_no_pred_default_inhibitory,True,True,True,True,True,1.0,True
CEPDL__RIPL,CEPDL,RIPL,neuron_to_neuron,cook_si5_and_fenyves,8.0,8.0,8.0,Cook2019_SI5,no pred,-,fenyves_no_pred_default_inhibitory,True,True,True,True,True,3.0,True
CEPDL__RIS,CEPDL,RIS,neuron_to_neuron,cook_si5_and_fenyves,3.0,3.0,3.0,Cook2019_SI5,no pred,-,fenyves_no_pred_default_inhibitory,True,True,True,True,True,2.0,True
CEPDL__RMDDL,CEPDL,RMDDL,neuron_to_neuron,cook_si5_only,2.0,2.0,,Cook2019_SI5,,-,missing_fenyves_default_inhibitory,True,True,True,True,False,1.0,True
CEPDL__RMDVL,CEPDL,RMDVL,neuron_to_neuron,cook_si5_and_fenyves,13.0,13.0,13.0,Cook2019_SI5,no pred,-,fenyves_no_pred_default_inhibitory,True,True,True,True,True,9.0,True
CEPDL__RMGL,CEPDL,RMGL,neuron_to_neuron,cook_si5_and_fenyves,6.0,6.0,6.0,Cook2019_SI5,no pred,-,fenyves_no_pred_default_inhibitory,True,True,True,True,True,4.0,True
CEPDL__RMHL,CEPDL,RMHL,neuron_to_neuron,cook_si5_and_fenyves,1.0,1.0,1.0,Cook2019_SI5,no pred,-,fenyves_no_pred_default_inhibitory,True,True,True,True,True,1.0,True
CEPDL__RMHR,CEPDL,RMHR,neuron_to_neuron,cook_si5_and_fenyves,8.0,8.0,8.0,Cook2019_SI5,no pred,-,fenyves_no_pred_default_inhibitory,True,True,True,True,True,6.0,True
CEPDL__SIADR,CEPDL,SIADR,neuron_to_neuron,cook_si5_and_fenyves,4.0,4.0,4.0,Cook2019_SI5,no pred,-,fenyves_no_pred_default_inhibitory,True,True,True,True,True,2.0,True
CEPDL__SIBDL,CEPDL,SIBDL,neuron_to_neuron,fenyves_only,2.0,,2.0,Fenyves2020_only,no pred,-,fenyves_no_pred_default_inhibitory,True,True,True,False,True,0.0,False
CEPDL__SIBDR,CEPDL,SIBDR,neuron_to_neuron,cook_si5_only,2.0,2.0,,Cook2019_SI5,,-,missing_fenyves_default_inhibitory,True,True,True,True,False,0.0,False
CEPDL__SIBVR,CEPDL,SIBVR,neuron_to_neuron,fenyves_only,2.0,,2.0,Fenyves2020_only,no pred,-,fenyves_no_pred_default_inhibitory,True,True,True,False,True,0.0,False
CEPDL__SMBDR,CEPDL,SMBDR,neuron_to_neuron,cook_si5_and_fenyves,5.0,5.0,5.0,Cook2019_SI5,no pred,-,fenyves_no_pred_default_inhibitory,True,True,True,True,True,3.0,True
CEPDL__URADL,CEPDL,URADL,neuron_to_neuron,cook_si5_and_fenyves,8.0,8.0,8.0,Cook2019_SI5,no pred,-,fenyves_no_pred_default_inhibitory,True,True,True,True,True,3.0,True
CEPDL__URBL,CEPDL,URBL,neuron_to_neuron,cook_si5_and_fenyves,11.0,11.0,11.0,Cook2019_SI5,no pred,-,fenyves_no_pred_default_inhibitory,True,True,True,True,True,6.0,True
CEPDL__URYDL,CEPDL,URYDL,neuron_to_neuron,cook_si5_and_fenyves,7.0,7.0,7.0,Cook2019_SI5,no pred,-,fenyves_no_pred_default_inhibitory,True,True,True,True,True,3.0,True
CEPDL__dBWML5,CEPDL,dBWML5,neuron_to_non_neuron_or_muscle,cook_si5_only,2.0,2.0,,Cook2019_SI5,,-,missing_fenyves_default_inhibitory,True,True,False,True,False,1.0,True
CEPDR__AVEL,CEPDR,AVEL,neuron_to_neuron,cook_si5_and_fenyves,9.0,9.0,9.0,Cook2019_SI5,no pred,-,fenyves_no_pred_default_inhibitory,True,True,True,True,True,6.0,True
CEPDR__BDUR,CEPDR,BDUR,neuron_to_neuron,cook_si5_and_fenyves,5.0,5.0,5.0,Cook2019_SI5,no pred,-,fenyves_no_pred_default_inhibitory,True,True,True,True,True,3.0,True
CEPDR__CEPDR,CEPDR,CEPDR,neuron_to_neuron,cook_si5_and_fenyves,6.0,6.0,6.0,Cook2019_SI5,no pred,-,fenyves_no_pred_default_inhibitory,True,True,True,True,True,3.0,True
CEPDR__IL1DR,CEPDR,IL1DR,neuron_to_neuron,cook_si5_and_fenyves,15.0,15.0,15.0,Cook2019_SI5,no pred,-,fenyves_no_pred_default_inhibitory,True,True,True,True,True,7.0,True
CEPDR__IL1R,CEPDR,IL1R,neuron_to_neuron,cook_si5_and_fenyves,1.0,1.0,1.0,Cook2019_SI5,no pred,-,fenyves_no_pred_default_inhibitory,True,True,True,True,True,1.0,True
CEPDR__OLLR,CEPDR,OLLR,neuron_to_neuron,cook_si5_and_fenyves,13.0,13.0,13.0,Cook2019_SI5,no pred,-,fenyves_no_pred_default_inhibitory,True,True,True,True,True,7.0,True
CEPDR__OLQDR,CEPDR,OLQDR,neuron_to_neuron,cook_si5_and_fenyves,20.0,20.0,20.0,Cook2019_SI5,no pred,-,fenyves_no_pred_default_inhibitory,True,True,True,True,True,9.0,True
CEPDR__RIBR,CEPDR,RIBR,neuron_to_neuron,cook_si5_only,3.0,3.0,,Cook2019_SI5,,-,missing_fenyves_default_inhibitory,True,True,True,True,False,1.0,True
CEPDR__RICL,CEPDR,RICL,neuron_to_neuron,cook_si5_and_fenyves,13.0,13.0,13.0,Cook2019_SI5,no pred,-,fenyves_no_pred_default_inhibitory,True,True,True,True,True,8.0,True
CEPDR__RICR,CEPDR,RICR,neuron_to_neuron,cook_si5_and_fenyves,19.0,19.0,19.0,Cook2019_SI5,no pred,-,fenyves_no_pred_default_inhibitory,True,True,True,True,True,9.0,True
CEPDR__RIFR,CEPDR,RIFR,neuron_to_neuron,cook_si5_and_fenyves,2.0,2.0,2.0,Cook2019_SI5,no pred,-,fenyves_no_pred_default_inhibitory,True,True,True,True,True,1.0,True
CEPDR__RIH,CEPDR,RIH,neuron_to_neuron,cook_si5_and_fenyves,4.0,4.0,4.0,Cook2019_SI5,no pred,-,fenyves_no_pred_default_inhibitory,True,True,True,True,True,1.0,True
CEPDR__RMDR,CEPDR,RMDR,neuron_to_neuron,cook_si5_and_fenyves,1.0,1.0,1.0,Cook2019_SI5,no pred,-,fenyves_no_pred_default_inhibitory,True,True,True,True,True,1.0,True
CEPDR__RMDVR,CEPDR,RMDVR,neuron_to_neuron,cook_si5_and_fenyves,3.0,3.0,3.0,Cook2019_SI5,no pred,-,fenyves_no_pred_default_inhibitory,True,True,True,True,True,2.0,True
CEPDR__RMGR,CEPDR,RMGR,neuron_to_neuron,cook_si5_and_fenyves,1.0,1.0,1.0,Cook2019_SI5,no pred,-,fenyves_no_pred_default_inhibitory,True,True,True,True,True,1.0,True
CEPDR__RMHL,CEPDR,RMHL,neuron_to_neuron,cook_si5_and_fenyves,7.0,7.0,7.0,Cook2019_SI5,no pred,-,fenyves_no_pred_default_inhibitory,True,True,True,True,True,3.0,True
CEPDR__RMHR,CEPDR,RMHR,neuron_to_neuron,cook_si5_and_fenyves,1.0,1.0,1.0,Cook2019_SI5,no pred,-,fenyves_no_pred_default_inhibitory,True,True,True,True,True,1.0,True
CEPDR__SIBDR,CEPDR,SIBDR,neuron_to_neuron,fenyves_only,1.0,,1.0,Fenyves2020_only,no pred,-,fenyves_no_pred_default_inhibitory,True,True,True,False,True,0.0,False
CEPDR__SIBVR,CEPDR,SIBVR,neuron_to_neuron,cook_si5_only,1.0,1.0,,Cook2019_SI5,,-,missing_fenyves_default_inhibitory,True,True,True,True,False,0.0,False
CEPDR__SMBDL,CEPDR,SMBDL,neuron_to_neuron,cook_si5_and_fenyves,1.0,1.0,1.0,Cook2019_SI5,no pred,-,fenyves_no_pred_default_inhibitory,True,True,True,True,True,1.0,True
CEPDR__URADR,CEPDR,URADR,neuron_to_neuron,cook_si5_and_fenyves,3.0,3.0,3.0,Cook2019_SI5,no pred,-,fenyves_no_pred_default_inhibitory,True,True,True,True,True,2.0,True
CEPDR__URBR,CEPDR,URBR,neuron_to_neuron,cook_si5_and_fenyves,14.0,14.0,14.0,Cook2019_SI5,no pred,-,fenyves_no_pred_default_inhibitory,True,True,True,True,True,7.0,True
CEPDR__URXR,CEPDR,URXR,neuron_to_neuron,cook_si5_and_fenyves,2.0,2.0,2.0,Cook2019_SI5,no pred,-,fenyves_no_pred_default_inhibitory,True,True,True,True,True,2.0,True
CEPDR__URYDR,CEPDR,URYDR,neuron_to_neuron,cook_si5_and_fenyves,3.0,3.0,3.0,Cook2019_SI5,no pred,-,fenyves_no_pred_default_inhibitory,True,True,True,True,True,1.0,True
CEPDR__dBWMR3,CEPDR,dBWMR3,neuron_to_non_neuron_or_muscle,cook_si5_only,5.0,5.0,,Cook2019_SI5,,-,missing_fenyves_default_inhibitory,True,True,False,True,False,3.0,True
CEPDR__dBWMR5,CEPDR,dBWMR5,neuron_to_non_neuron_or_muscle,cook_si5_only,2.0,2.0,,Cook2019_SI5,,-,missing_fenyves_default_inhibitory,True,True,False,True,False,2.0,True
CEPVL__AVER,CEPVL,AVER,neuron_to_neuron,cook_si5_and_fenyves,5.0,5.0,5.0,Cook2019_SI5,no pred,-,fenyves_no_pred_default_inhibitory,True,True,True,True,True,3.0,True
CEPVL__CEPshVL,CEPVL,CEPshVL,neuron_to_non_neuron_or_muscle,cook_si5_only,1.0,1.0,,Cook2019_SI5,,-,missing_fenyves_default_inhibitory,True,True,False,True,False,1.0,True
CEPVL__IL1VL,CEPVL,IL1VL,neuron_to_neuron,cook_si5_and_fenyves,9.0,9.0,9.0,Cook2019_SI5,no pred,-,fenyves_no_pred_default_inhibitory,True,True,True,True,True,2.0,True
CEPVL__OLLL,CEPVL,OLLL,neuron_to_neuron,cook_si5_and_fenyves,4.0,4.0,4.0,Cook2019_SI5,no pred,-,fenyves_no_pred_default_inhibitory,True,True,True,True,True,3.0,True
CEPVL__OLQVL,CEPVL,OLQVL,neuron_to_neuron,cook_si5_and_fenyves,19.0,19.0,19.0,Cook2019_SI5,no pred,-,fenyves_no_pred_default_inhibitory,True,True,True,True,True,5.0,True
CEPVL__PVR,CEPVL,PVR,neuron_to_neuron,cook_si5_and_fenyves,3.0,3.0,3.0,Cook2019_SI5,no pred,-,fenyves_no_pred_default_inhibitory,True,True,True,True,True,0.0,False
CEPVL__RIAL,CEPVL,RIAL,neuron_to_neuron,cook_si5_and_fenyves,1.0,1.0,1.0,Cook2019_SI5,no pred,-,fenyves_no_pred_default_inhibitory,True,True,True,True,True,1.0,True
CEPVL__RIBL,CEPVL,RIBL,neuron_to_neuron,cook_si5_and_fenyves,3.0,3.0,3.0,Cook2019_SI5,no pred,-,fenyves_no_pred_default_inhibitory,True,True,True,True,True,1.0,True
CEPVL__RICL,CEPVL,RICL,neuron_to_neuron,cook_si5_and_fenyves,20.0,20.0,20.0,Cook2019_SI5,no pred,-,fenyves_no_pred_default_inhibitory,True,True,True,True,True,6.0,True
CEPVL__RICR,CEPVL,RICR,neuron_to_neuron,cook_si5_and_fenyves,17.0,17.0,17.0,Cook2019_SI5,no pred,-,fenyves_no_pred_default_inhibitory,True,True,True,True,True,4.0,True
CEPVL__RIPL,CEPVL,RIPL,neuron_to_neuron,cook_si5_and_fenyves,4.0,4.0,4.0,Cook2019_SI5,no pred,-,fenyves_no_pred_default_inhibitory,True,True,True,True,True,2.0,True
CEPVL__RMDDL,CEPVL,RMDDL,neuron_to_neuron,cook_si5_and_fenyves,7.0,7.0,7.0,Cook2019_SI5,no pred,-,fenyves_no_pred_default_inhibitory,True,True,True,True,True,6.0,True
CEPVL__RMDVR,CEPVL,RMDVR,neuron_to_neuron,cook_si5_and_fenyves,8.0,8.0,8.0,Cook2019_SI5,no pred,-,fenyves_no_pred_default_inhibitory,True,True,True,True,True,1.0,True
CEPVL__RMGL,CEPVL,RMGL,neuron_to_neuron,cook_si5_and_fenyves,2.0,2.0,2.0,Cook2019_SI5,no pred,-,fenyves_no_pred_default_inhibitory,True,True,True,True,True,1.0,True
CEPVL__RMHL,CEPVL,RMHL,neuron_to_neuron,cook_si5_and_fenyves,10.0,10.0,10.0,Cook2019_SI5,no pred,-,fenyves_no_pred_default_inhibitory,True,True,True,True,True,3.0,True
CEPVL__RMHR,CEPVL,RMHR,neuron_to_neuron,cook_si5_and_fenyves,5.0,5.0,5.0,Cook2019_SI5,no pred,-,fenyves_no_pred_default_inhibitory,True,True,True,True,True,4.0,True
CEPVL__SIAVL,CEPVL,SIAVL,neuron_to_neuron,cook_si5_and_fenyves,6.0,6.0,6.0,Cook2019_SI5,no pred,-,fenyves_no_pred_default_inhibitory,True,True,True,True,True,1.0,True
CEPVL__SMBVL,CEPVL,SMBVL,neuron_to_neuron,cook_si5_and_fenyves,1.0,1.0,1.0,Cook2019_SI5,no pred,-,fenyves_no_pred_default_inhibitory,True,True,True,True,True,1.0,True
CEPVL__SMDVR,CEPVL,SMDVR,neuron_to_neuron,cook_si5_and_fenyves,1.0,1.0,1.0,Cook2019_SI5,no pred,-,fenyves_no_pred_default_inhibitory,True,True,True,True,True,1.0,True
CEPVL__URAVL,CEPVL,URAVL,neuron_to_neuron,cook_si5_and_fenyves,6.0,6.0,6.0,Cook2019_SI5,no pred,-,fenyves_no_pred_default_inhibitory,True,True,True,True,True,2.0,True
CEPVL__URXL,CEPVL,URXL,neuron_to_neuron,cook_si5_and_fenyves,2.0,2.0,2.0,Cook2019_SI5,no pred,-,fenyves_no_pred_default_inhibitory,True,True,True,True,True,1.0,True
CEPVL__URYVL,CEPVL,URYVL,neuron_to_neuron,cook_si5_and_fenyves,5.0,5.0,5.0,Cook2019_SI5,no pred,-,fenyves_no_pred_default_inhibitory,True,True,True,True,True,3.0,True
CEPVL__exc_gl,CEPVL,exc_gl,neuron_to_non_neuron_or_muscle,cook_si5_only,2.0,2.0,,Cook2019_SI5,,-,missing_fenyves_default_inhibitory,True,True,False,True,False,1.0,True
CEPVL__vBWML5,CEPVL,vBWML5,neuron_to_non_neuron_or_muscle,cook_si5_only,1.0,1.0,,Cook2019_SI5,,-,missing_fenyves_default_inhibitory,True,True,False,True,False,1.0,True
CEPVL__vBWML7,CEPVL,vBWML7,neuron_to_non_neuron_or_muscle,cook_si5_only,2.0,2.0,,Cook2019_SI5,,-,missing_fenyves_default_inhibitory,True,True,False,True,False,2.0,True
CEPVR__ADLR,CEPVR,ADLR,neuron_to_neuron,cook_si5_and_fenyves,3.0,3.0,3.0,Cook2019_SI5,no pred,-,fenyves_no_pred_default_inhibitory,True,True,True,True,True,2.0,True
CEPVR__ASGR,CEPVR,ASGR,neuron_to_neuron,cook_si5_and_fenyves,2.0,2.0,2.0,Cook2019_SI5,no pred,-,fenyves_no_pred_default_inhibitory,True,True,True,True,True,2.0,True
CEPVR__AVEL,CEPVR,AVEL,neuron_to_neuron,cook_si5_and_fenyves,13.0,13.0,13.0,Cook2019_SI5,no pred,-,fenyves_no_pred_default_inhibitory,True,True,True,True,True,7.0,True
CEPVR__CEPDR,CEPVR,CEPDR,neuron_to_neuron,cook_si5_and_fenyves,1.0,1.0,1.0,Cook2019_SI5,no pred,-,fenyves_no_pred_default_inhibitory,True,True,True,True,True,1.0,True
CEPVR__CEPshVR,CEPVR,CEPshVR,neuron_to_non_neuron_or_muscle,cook_si5_only,2.0,2.0,,Cook2019_SI5,,-,missing_fenyves_default_inhibitory,True,True,False,True,False,2.0,True
CEPVR__IL1VR,CEPVR,IL1VR,neuron_to_neuron,cook_si5_and_fenyves,8.0,8.0,8.0,Cook2019_SI5,no pred,-,fenyves_no_pred_default_inhibitory,True,True,True,True,True,4.0,True
CEPVR__IL2VR,CEPVR,IL2VR,neuron_to_neuron,cook_si5_and_fenyves,3.0,3.0,3.0,Cook2019_SI5,no pred,-,fenyves_no_pred_default_inhibitory,True,True,True,True,True,1.0,True
CEPVR__OLLR,CEPVR,OLLR,neuron_to_neuron,cook_si5_and_fenyves,14.0,14.0,14.0,Cook2019_SI5,no pred,-,fenyves_no_pred_default_inhibitory,True,True,True,True,True,8.0,True
CEPVR__OLQVR,CEPVR,OLQVR,neuron_to_neuron,cook_si5_and_fenyves,11.0,11.0,11.0,Cook2019_SI5,no pred,-,fenyves_no_pred_default_inhibitory,True,True,True,True,True,6.0,True
CEPVR__RIAL,CEPVR,RIAL,neuron_to_neuron,cook_si5_and_fenyves,1.0,1.0,1.0,Cook2019_SI5,no pred,-,fenyves_no_pred_default_inhibitory,True,True,True,True,True,1.0,True
CEPVR__RIAR,CEPVR,RIAR,neuron_to_neuron,cook_si5_and_fenyves,1.0,1.0,1.0,Cook2019_SI5,no pred,-,fenyves_no_pred_default_inhibitory,True,True,True,True,True,1.0,True
CEPVR__RICL,CEPVR,RICL,neuron_to_neuron,cook_si5_and_fenyves,13.0,13.0,13.0,Cook2019_SI5,no pred,-,fenyves_no_pred_default_inhibitory,True,True,True,True,True,3.0,True
CEPVR__RICR,CEPVR,RICR,neuron_to_neuron,cook_si5_and_fenyves,12.0,12.0,12.0,Cook2019_SI5,no pred,-,fenyves_no_pred_default_inhibitory,True,True,True,True,True,3.0,True
CEPVR__RIPR,CEPVR,RIPR,neuron_to_neuron,cook_si5_and_fenyves,3.0,3.0,3.0,Cook2019_SI5,no pred,-,fenyves_no_pred_default_inhibitory,True,True,True,True,True,1.0,True
CEPVR__RIVL,CEPVR,RIVL,neuron_to_neuron,cook_si5_and_fenyves,2.0,2.0,2.0,Cook2019_SI5,no pred,-,fenyves_no_pred_default_inhibitory,True,True,True,True,True,1.0,True
CEPVR__RMDDR,CEPVR,RMDDR,neuron_to_neuron,cook_si5_and_fenyves,4.0,4.0,4.0,Cook2019_SI5,no pred,-,fenyves_no_pred_default_inhibitory,True,True,True,True,True,3.0,True
CEPVR__RMHR,CEPVR,RMHR,neuron_to_neuron,cook_si5_and_fenyves,15.0,15.0,15.0,Cook2019_SI5,no pred,-,fenyves_no_pred_default_inhibitory,True,True,True,True,True,4.0,True
CEPVR__SIAVR,CEPVR,SIAVR,neuron_to_neuron,cook_si5_and_fenyves,7.0,7.0,7.0,Cook2019_SI5,no pred,-,fenyves_no_pred_default_inhibitory,True,True,True,True,True,4.0,True
CEPVR__SMBVR,CEPVR,SMBVR,neuron_to_neuron,cook_si5_and_fenyves,2.0,2.0,2.0,Cook2019_SI5,no pred,-,fenyves_no_pred_default_inhibitory,True,True,True,True,True,1.0,True
CEPVR__SMDDR,CEPVR,SMDDR,neuron_to_neuron,cook_si5_and_fenyves,2.0,2.0,2.0,Cook2019_SI5,no pred,-,fenyves_no_pred_default_inhibitory,True,True,True,True,True,1.0,True
CEPVR__URAVR,CEPVR,URAVR,neuron_to_neuron,cook_si5_and_fenyves,3.0,3.0,3.0,Cook2019_SI5,no pred,-,fenyves_no_pred_default_inhibitory,True,True,True,True,True,2.0,True
CEPVR__URYVR,CEPVR,URYVR,neuron_to_neuron,cook_si5_and_fenyves,2.0,2.0,2.0,Cook2019_SI5,no pred,-,fenyves_no_pred_default_inhibitory,True,True,True,True,True,1.0,True
CEPVR__vBWMR3,CEPVR,vBWMR3,neuron_to_non_neuron_or_muscle,cook_si5_only,1.0,1.0,,Cook2019_SI5,,-,missing_fenyves_default_inhibitory,True,True,False,True,False,1.0,True
CEPVR__vBWMR5,CEPVR,vBWMR5,neuron_to_non_neuron_or_muscle,cook_si5_only,2.0,2.0,,Cook2019_SI5,,-,missing_fenyves_default_inhibitory,True,True,False,True,False,2.0,True
CEPVR__vBWMR8,CEPVR,vBWMR8,neuron_to_non_neuron_or_muscle,cook_si5_only,2.0,2.0,,Cook2019_SI5,,-,missing_fenyves_default_inhibitory,True,True,False,True,False,2.0,True
DA01__AS01,DA01,AS01,neuron_to_neuron,cook_si5_and_fenyves,13.0,13.0,13.0,Cook2019_SI5,+,+,fenyves_sign_prediction,True,True,True,True,True,0.0,False
DA01__DB01,DA01,DB01,neuron_to_neuron,cook_si5_and_fenyves,1.0,1.0,1.0,Cook2019_SI5,+,+,fenyves_sign_prediction,True,True,True,True,True,1.0,True
DA01__DD01,DA01,DD01,neuron_to_neuron,cook_si5_and_fenyves,12.0,12.0,12.0,Cook2019_SI5,+,+,fenyves_sign_prediction,True,True,True,True,True,9.0,True
DA01__FLPR,DA01,FLPR,neuron_to_neuron,cook_si5_and_fenyves,2.0,2.0,2.0,Cook2019_SI5,+,+,fenyves_sign_prediction,True,True,True,True,True,1.0,True
DA01__VD01,DA01,VD01,neuron_to_neuron,cook_si5_only,13.0,13.0,,Cook2019_SI5,,-,missing_fenyves_default_inhibitory,True,True,True,True,False,8.0,True
DA01__VD02,DA01,VD02,neuron_to_neuron,cook_si5_and_fenyves,4.0,4.0,4.0,Cook2019_SI5,+,+,fenyves_sign_prediction,True,True,True,True,True,3.0,True
DA01__dBWML6,DA01,dBWML6,neuron_to_non_neuron_or_muscle,cook_si5_only,9.0,9.0,,Cook2019_SI5,,-,missing_fenyves_default_inhibitory,True,True,False,True,False,5.0,True
DA01__dBWML7,DA01,dBWML7,neuron_to_non_neuron_or_muscle,cook_si5_only,8.0,8.0,,Cook2019_SI5,,-,missing_fenyves_default_inhibitory,True,True,False,True,False,6.0,True
DA01__dBWML8,DA01,dBWML8,neuron_to_non_neuron_or_muscle,cook_si5_only,3.0,3.0,,Cook2019_SI5,,-,missing_fenyves_default_inhibitory,True,True,False,True,False,0.0,False
DA01__dBWMR6,DA01,dBWMR6,neuron_to_non_neuron_or_muscle,cook_si5_only,8.0,8.0,,Cook2019_SI5,,-,missing_fenyves_default_inhibitory,True,True,False,True,False,5.0,True
DA01__dBWMR7,DA01,dBWMR7,neuron_to_non_neuron_or_muscle,cook_si5_only,9.0,9.0,,Cook2019_SI5,,-,missing_fenyves_default_inhibitory,True,True,False,True,False,6.0,True
DA02__AS02,DA02,AS02,neuron_to_neuron,cook_si5_and_fenyves,1.0,1.0,1.0,Cook2019_SI5,+,+,fenyves_sign_prediction,True,True,True,True,True,1.0,True
DA02__DA03,DA02,DA03,neuron_to_neuron,cook_si5_and_fenyves,1.0,1.0,1.0,Cook2019_SI5,+,+,fenyves_sign_prediction,True,True,True,True,True,1.0,True
DA02__DB01,DA02,DB01,neuron_to_neuron,cook_si5_and_fenyves,1.0,1.0,1.0,Cook2019_SI5,+,+,fenyves_sign_prediction,True,True,True,True,True,1.0,True
DA02__DD01,DA02,DD01,neuron_to_neuron,cook_si5_and_fenyves,7.0,7.0,7.0,Cook2019_SI5,+,+,fenyves_sign_prediction,True,True,True,True,True,5.0,True
DA02__VD02,DA02,VD02,neuron_to_neuron,cook_si5_and_fenyves,17.0,17.0,17.0,Cook2019_SI5,+,+,fenyves_sign_prediction,True,True,True,True,True,16.0,True
DA02__VD03,DA02,VD03,neuron_to_neuron,cook_si5_and_fenyves,11.0,11.0,11.0,Cook2019_SI5,+,+,fenyves_sign_prediction,True,True,True,True,True,6.0,True
DA02__dBWML10,DA02,dBWML10,neuron_to_non_neuron_or_muscle,cook_si5_only,2.0,2.0,,Cook2019_SI5,,-,missing_fenyves_default_inhibitory,True,True,False,True,False,0.0,False
DA02__dBWML7,DA02,dBWML7,neuron_to_non_neuron_or_muscle,cook_si5_only,1.0,1.0,,Cook2019_SI5,,-,missing_fenyves_default_inhibitory,True,True,False,True,False,1.0,True
DA02__dBWML8,DA02,dBWML8,neuron_to_non_neuron_or_muscle,cook_si5_only,5.0,5.0,,Cook2019_SI5,,-,missing_fenyves_default_inhibitory,True,True,False,True,False,0.0,False
DA02__dBWML9,DA02,dBWML9,neuron_to_non_neuron_or_muscle,cook_si5_only,4.0,4.0,,Cook2019_SI5,,-,missing_fenyves_default_inhibitory,True,True,False,True,False,0.0,False
DA02__dBWMR7,DA02,dBWMR7,neuron_to_non_neuron_or_muscle,cook_si5_only,3.0,3.0,,Cook2019_SI5,,-,missing_fenyves_default_inhibitory,True,True,False,True,False,3.0,True
DA02__dBWMR8,DA02,dBWMR8,neuron_to_non_neuron_or_muscle,cook_si5_only,6.0,6.0,,Cook2019_SI5,,-,missing_fenyves_default_inhibitory,True,True,False,True,False,5.0,True
DA02__dBWMR9,DA02,dBWMR9,neuron_to_non_neuron_or_muscle,cook_si5_only,7.0,7.0,,Cook2019_SI5,,-,missing_fenyves_default_inhibitory,True,True,False,True,False,0.0,False
DA03__AS04,DA03,AS04,neuron_to_neuron,cook_si5_and_fenyves,2.0,2.0,2.0,Cook2019_SI5,+,+,fenyves_sign_prediction,True,True,True,True,True,2.0,True
DA03__DA04,DA03,DA04,neuron_to_neuron,cook_si5_and_fenyves,2.0,2.0,2.0,Cook2019_SI5,+,+,fenyves_sign_prediction,True,True,True,True,True,2.0,True
DA03__DB03,DA03,DB03,neuron_to_neuron,cook_si5_and_fenyves,2.0,2.0,2.0,Cook2019_SI5,+,+,fenyves_sign_prediction,True,True,True,True,True,2.0,True
DA03__DD02,DA03,DD02,neuron_to_neuron,cook_si5_and_fenyves,3.0,3.0,3.0,Cook2019_SI5,+,+,fenyves_sign_prediction,True,True,True,True,True,2.0,True
DA03__VD03,DA03,VD03,neuron_to_neuron,cook_si5_and_fenyves,43.0,43.0,43.0,Cook2019_SI5,+,+,fenyves_sign_prediction,True,True,True,True,True,25.0,True
DA03__VD04,DA03,VD04,neuron_to_neuron,cook_si5_and_fenyves,13.0,13.0,13.0,Cook2019_SI5,+,+,fenyves_sign_prediction,True,True,True,True,True,7.0,True
DA03__dBWML10,DA03,dBWML10,neuron_to_non_neuron_or_muscle,cook_si5_only,17.0,17.0,,Cook2019_SI5,,-,missing_fenyves_default_inhibitory,True,True,False,True,False,0.0,False
DA03__dBWML11,DA03,dBWML11,neuron_to_non_neuron_or_muscle,cook_si5_only,12.0,12.0,,Cook2019_SI5,,-,missing_fenyves_default_inhibitory,True,True,False,True,False,0.0,False
DA03__dBWML9,DA03,dBWML9,neuron_to_non_neuron_or_muscle,cook_si5_only,3.0,3.0,,Cook2019_SI5,,-,missing_fenyves_default_inhibitory,True,True,False,True,False,0.0,False
DA03__dBWMR10,DA03,dBWMR10,neuron_to_non_neuron_or_muscle,cook_si5_only,14.0,14.0,,Cook2019_SI5,,-,missing_fenyves_default_inhibitory,True,True,False,True,False,0.0,False
DA03__dBWMR11,DA03,dBWMR11,neuron_to_non_neuron_or_muscle,cook_si5_only,4.0,4.0,,Cook2019_SI5,,-,missing_fenyves_default_inhibitory,True,True,False,True,False,0.0,False
DA03__dBWMR12,DA03,dBWMR12,neuron_to_non_neuron_or_muscle,cook_si5_only,2.0,2.0,,Cook2019_SI5,,-,missing_fenyves_default_inhibitory,True,True,False,True,False,0.0,False
DA03__dBWMR9,DA03,dBWMR9,neuron_to_non_neuron_or_muscle,cook_si5_only,3.0,3.0,,Cook2019_SI5,,-,missing_fenyves_default_inhibitory,True,True,False,True,False,0.0,False
DA04__DB02,DA04,DB02,neuron_to_neuron,cook_si5_and_fenyves,2.0,2.0,2.0,Cook2019_SI5,+,+,fenyves_sign_prediction,True,True,True,True,True,1.0,True
DA04__DD02,DA04,DD02,neuron_to_neuron,cook_si5_and_fenyves,4.0,4.0,4.0,Cook2019_SI5,+,+,fenyves_sign_prediction,True,True,True,True,True,3.0,True
DA04__VD04,DA04,VD04,neuron_to_neuron,cook_si5_and_fenyves,11.0,11.0,11.0,Cook2019_SI5,+,+,fenyves_sign_prediction,True,True,True,True,True,8.0,True
DA04__VD05,DA04,VD05,neuron_to_neuron,cook_si5_and_fenyves,21.0,21.0,21.0,Cook2019_SI5,+,+,fenyves_sign_prediction,True,True,True,True,True,14.0,True
DA04__dBWML11,DA04,dBWML11,neuron_to_non_neuron_or_muscle,cook_si5_only,6.0,6.0,,Cook2019_SI5,,-,missing_fenyves_default_inhibitory,True,True,False,True,False,0.0,False
DA04__dBWML12,DA04,dBWML12,neuron_to_non_neuron_or_muscle,cook_si5_only,10.0,10.0,,Cook2019_SI5,,-,missing_fenyves_default_inhibitory,True,True,False,True,False,0.0,False
DA04__dBWML13,DA04,dBWML13,neuron_to_non_neuron_or_muscle,cook_si5_only,1.0,1.0,,Cook2019_SI5,,-,missing_fenyves_default_inhibitory,True,True,False,True,False,0.0,False
DA04__dBWMR11,DA04,dBWMR11,neuron_to_non_neuron_or_muscle,cook_si5_only,5.0,5.0,,Cook2019_SI5,,-,missing_fenyves_default_inhibitory,True,True,False,True,False,0.0,False
DA04__dBWMR12,DA04,dBWMR12,neuron_to_non_neuron_or_muscle,cook_si5_only,4.0,4.0,,Cook2019_SI5,,-,missing_fenyves_default_inhibitory,True,True,False,True,False,0.0,False
DA04__dBWMR13,DA04,dBWMR13,neuron_to_non_neuron_or_muscle,cook_si5_only,9.0,9.0,,Cook2019_SI5,,-,missing_fenyves_default_inhibitory,True,True,False,True,False,0.0,False
DA05__DA04,DA05,DA04,neuron_to_neuron,cook_si5_and_fenyves,1.0,1.0,1.0,Cook2019_SI5,+,+,fenyves_sign_prediction,True,True,True,True,True,1.0,True
DA05__DB04,DA05,DB04,neuron_to_neuron,cook_si5_and_fenyves,1.0,1.0,1.0,Cook2019_SI5,+,+,fenyves_sign_prediction,True,True,True,True,True,1.0,True
DA05__DD03,DA05,DD03,neuron_to_neuron,cook_si5_and_fenyves,12.0,12.0,12.0,Cook2019_SI5,+,+,fenyves_sign_prediction,True,True,True,True,True,0.0,False
DA05__VD05,DA05,VD05,neuron_to_neuron,cook_si5_and_fenyves,1.0,1.0,1.0,Cook2019_SI5,+,+,fenyves_sign_prediction,True,True,True,True,True,1.0,True
DA05__VD06,DA05,VD06,neuron_to_neuron,cook_si5_and_fenyves,22.0,22.0,22.0,Cook2019_SI5,+,+,fenyves_sign_prediction,True,True,True,True,True,17.0,True
DA05__dBWML12,DA05,dBWML12,neuron_to_non_neuron_or_muscle,cook_si5_only,1.0,1.0,,Cook2019_SI5,,-,missing_fenyves_default_inhibitory,True,True,False,True,False,0.0,False
DA05__dBWML13,DA05,dBWML13,neuron_to_non_neuron_or_muscle,cook_si5_only,10.0,10.0,,Cook2019_SI5,,-,missing_fenyves_default_inhibitory,True,True,False,True,False,0.0,False
DA05__dBWML14,DA05,dBWML14,neuron_to_non_neuron_or_muscle,cook_si5_only,7.0,7.0,,Cook2019_SI5,,-,missing_fenyves_default_inhibitory,True,True,False,True,False,0.0,False
DA05__dBWMR12,DA05,dBWMR12,neuron_to_non_neuron_or_muscle,cook_si5_only,2.0,2.0,,Cook2019_SI5,,-,missing_fenyves_default_inhibitory,True,True,False,True,False,0.0,False
DA05__dBWMR13,DA05,dBWMR13,neuron_to_non_neuron_or_muscle,cook_si5_only,7.0,7.0,,Cook2019_SI5,,-,missing_fenyves_default_inhibitory,True,True,False,True,False,0.0,False
DA05__dBWMR14,DA05,dBWMR14,neuron_to_non_neuron_or_muscle,cook_si5_only,8.0,8.0,,Cook2019_SI5,,-,missing_fenyves_default_inhibitory,True,True,False,True,False,0.0,False
DA06__DA05,DA06,DA05,neuron_to_neuron,cook_si5_and_fenyves,1.0,1.0,1.0,Cook2019_SI5,+,+,fenyves_sign_prediction,True,True,True,True,True,0.0,False
DA06__DB05,DA06,DB05,neuron_to_neuron,cook_si5_and_fenyves,1.0,1.0,1.0,Cook2019_SI5,+,+,fenyves_sign_prediction,True,True,True,True,True,0.0,False
DA06__DD03,DA06,DD03,neuron_to_neuron,cook_si5_and_fenyves,7.0,7.0,7.0,Cook2019_SI5,+,+,fenyves_sign_prediction,True,True,True,True,True,0.0,False
DA06__VD04,DA06,VD04,neuron_to_neuron,cook_si5_and_fenyves,3.0,3.0,3.0,Cook2019_SI5,+,+,fenyves_sign_prediction,True,True,True,True,True,4.0,True
DA06__VD05,DA06,VD05,neuron_to_neuron,cook_si5_and_fenyves,3.0,3.0,3.0,Cook2019_SI5,+,+,fenyves_sign_prediction,True,True,True,True,True,3.0,True
DA06__VD06,DA06,VD06,neuron_to_neuron,cook_si5_and_fenyves,13.0,13.0,13.0,Cook2019_SI5,+,+,fenyves_sign_prediction,True,True,True,True,True,3.0,True
DA06__VD07,DA06,VD07,neuron_to_neuron,cook_si5_and_fenyves,13.0,13.0,13.0,Cook2019_SI5,+,+,fenyves_sign_prediction,True,True,True,True,True,0.0,False
DA06__dBWML11,DA06,dBWML11,neuron_to_non_neuron_or_muscle,cook_si5_only,1.0,1.0,,Cook2019_SI5,,-,missing_fenyves_default_inhibitory,True,True,False,True,False,0.0,False
DA06__dBWML12,DA06,dBWML12,neuron_to_non_neuron_or_muscle,cook_si5_only,1.0,1.0,,Cook2019_SI5,,-,missing_fenyves_default_inhibitory,True,True,False,True,False,0.0,False
DA06__dBWML13,DA06,dBWML13,neuron_to_non_neuron_or_muscle,cook_si5_only,5.0,5.0,,Cook2019_SI5,,-,missing_fenyves_default_inhibitory,True,True,False,True,False,0.0,False
DA06__dBWML14,DA06,dBWML14,neuron_to_non_neuron_or_muscle,cook_si5_only,4.0,4.0,,Cook2019_SI5,,-,missing_fenyves_default_inhibitory,True,True,False,True,False,0.0,False
DA06__dBWML15,DA06,dBWML15,neuron_to_non_neuron_or_muscle,cook_si5_only,4.0,4.0,,Cook2019_SI5,,-,missing_fenyves_default_inhibitory,True,True,False,True,False,0.0,False
DA06__dBWML16,DA06,dBWML16,neuron_to_non_neuron_or_muscle,cook_si5_only,4.0,4.0,,Cook2019_SI5,,-,missing_fenyves_default_inhibitory,True,True,False,True,False,0.0,False
DA06__dBWMR10,DA06,dBWMR10,neuron_to_non_neuron_or_muscle,cook_si5_only,1.0,1.0,,Cook2019_SI5,,-,missing_fenyves_default_inhibitory,True,True,False,True,False,0.0,False
DA06__dBWMR11,DA06,dBWMR11,neuron_to_non_neuron_or_muscle,cook_si5_only,1.0,1.0,,Cook2019_SI5,,-,missing_fenyves_default_inhibitory,True,True,False,True,False,0.0,False
DA06__dBWMR12,DA06,dBWMR12,neuron_to_non_neuron_or_muscle,cook_si5_only,1.0,1.0,,Cook2019_SI5,,-,missing_fenyves_default_inhibitory,True,True,False,True,False,0.0,False
DA06__dBWMR13,DA06,dBWMR13,neuron_to_non_neuron_or_muscle,cook_si5_only,5.0,5.0,,Cook2019_SI5,,-,missing_fenyves_default_inhibitory,True,True,False,True,False,0.0,False
DA06__dBWMR14,DA06,dBWMR14,neuron_to_non_neuron_or_muscle,cook_si5_only,4.0,4.0,,Cook2019_SI5,,-,missing_fenyves_default_inhibitory,True,True,False,True,False,0.0,False
DA06__dBWMR15,DA06,dBWMR15,neuron_to_non_neuron_or_muscle,cook_si5_only,4.0,4.0,,Cook2019_SI5,,-,missing_fenyves_default_inhibitory,True,True,False,True,False,0.0,False
DA06__dBWMR16,DA06,dBWMR16,neuron_to_non_neuron_or_muscle,cook_si5_only,4.0,4.0,,Cook2019_SI5,,-,missing_fenyves_default_inhibitory,True,True,False,True,False,0.0,False
DA07__DA06,DA07,DA06,neuron_to_neuron,cook_si5_and_fenyves,1.0,1.0,1.0,Cook2019_SI5,+,+,fenyves_sign_prediction,True,True,True,True,True,0.0,False
DA07__DB06,DA07,DB06,neuron_to_neuron,cook_si5_and_fenyves,1.0,1.0,1.0,Cook2019_SI5,+,+,fenyves_sign_prediction,True,True,True,True,True,0.0,False
DA07__DD04,DA07,DD04,neuron_to_neuron,cook_si5_and_fenyves,3.0,3.0,3.0,Cook2019_SI5,+,+,fenyves_sign_prediction,True,True,True,True,True,0.0,False
DA07__VD07,DA07,VD07,neuron_to_neuron,cook_si5_and_fenyves,10.0,10.0,10.0,Cook2019_SI5,+,+,fenyves_sign_prediction,True,True,True,True,True,0.0,False
DA07__VD08,DA07,VD08,neuron_to_neuron,cook_si5_and_fenyves,12.0,12.0,12.0,Cook2019_SI5,+,+,fenyves_sign_prediction,True,True,True,True,True,0.0,False
DA07__VD09,DA07,VD09,neuron_to_neuron,cook_si5_and_fenyves,10.0,10.0,10.0,Cook2019_SI5,+,+,fenyves_sign_prediction,True,True,True,True,True,0.0,False
DA07__dBWML14,DA07,dBWML14,neuron_to_non_neuron_or_muscle,cook_si5_only,3.0,3.0,,Cook2019_SI5,,-,missing_fenyves_default_inhibitory,True,True,False,True,False,0.0,False
DA07__dBWML15,DA07,dBWML15,neuron_to_non_neuron_or_muscle,cook_si5_only,3.0,3.0,,Cook2019_SI5,,-,missing_fenyves_default_inhibitory,True,True,False,True,False,0.0,False
DA07__dBWML16,DA07,dBWML16,neuron_to_non_neuron_or_muscle,cook_si5_only,3.0,3.0,,Cook2019_SI5,,-,missing_fenyves_default_inhibitory,True,True,False,True,False,0.0,False
DA07__dBWML17,DA07,dBWML17,neuron_to_non_neuron_or_muscle,cook_si5_only,3.0,3.0,,Cook2019_SI5,,-,missing_fenyves_default_inhibitory,True,True,False,True,False,0.0,False
DA07__dBWML18,DA07,dBWML18,neuron_to_non_neuron_or_muscle,cook_si5_only,4.0,4.0,,Cook2019_SI5,,-,missing_fenyves_default_inhibitory,True,True,False,True,False,0.0,False
DA07__dBWML19,DA07,dBWML19,neuron_to_non_neuron_or_muscle,cook_si5_only,3.0,3.0,,Cook2019_SI5,,-,missing_fenyves_default_inhibitory,True,True,False,True,False,0.0,False
DA07__dBWMR14,DA07,dBWMR14,neuron_to_non_neuron_or_muscle,cook_si5_only,3.0,3.0,,Cook2019_SI5,,-,missing_fenyves_default_inhibitory,True,True,False,True,False,0.0,False
DA07__dBWMR15,DA07,dBWMR15,neuron_to_non_neuron_or_muscle,cook_si5_only,3.0,3.0,,Cook2019_SI5,,-,missing_fenyves_default_inhibitory,True,True,False,True,False,0.0,False
DA07__dBWMR16,DA07,dBWMR16,neuron_to_non_neuron_or_muscle,cook_si5_only,3.0,3.0,,Cook2019_SI5,,-,missing_fenyves_default_inhibitory,True,True,False,True,False,0.0,False
DA07__dBWMR17,DA07,dBWMR17,neuron_to_non_neuron_or_muscle,cook_si5_only,3.0,3.0,,Cook2019_SI5,,-,missing_fenyves_default_inhibitory,True,True,False,True,False,0.0,False
DA07__dBWMR18,DA07,dBWMR18,neuron_to_non_neuron_or_muscle,cook_si5_only,4.0,4.0,,Cook2019_SI5,,-,missing_fenyves_default_inhibitory,True,True,False,True,False,0.0,False
DA07__dBWMR19,DA07,dBWMR19,neuron_to_non_neuron_or_muscle,cook_si5_only,3.0,3.0,,Cook2019_SI5,,-,missing_fenyves_default_inhibitory,True,True,False,True,False,0.0,False
DA08__DA07,DA08,DA07,neuron_to_neuron,cook_si5_and_fenyves,1.0,1.0,1.0,Cook2019_SI5,+,+,fenyves_sign_prediction,True,True,True,True,True,0.0,False
DA08__DB07,DA08,DB07,neuron_to_neuron,cook_si5_and_fenyves,1.0,1.0,1.0,Cook2019_SI5,+,+,fenyves_sign_prediction,True,True,True,True,True,0.0,False
DA08__DD04,DA08,DD04,neuron_to_neuron,cook_si5_and_fenyves,4.0,4.0,4.0,Cook2019_SI5,+,+,fenyves_sign_prediction,True,True,True,True,True,0.0,False
DA08__DD05,DA08,DD05,neuron_to_neuron,cook_si5_and_fenyves,4.0,4.0,4.0,Cook2019_SI5,+,+,fenyves_sign_prediction,True,True,True,True,True,0.0,False
DA08__VD08,DA08,VD08,neuron_to_neuron,cook_si5_and_fenyves,5.0,5.0,5.0,Cook2019_SI5,+,+,fenyves_sign_prediction,True,True,True,True,True,0.0,False
DA08__VD09,DA08,VD09,neuron_to_neuron,cook_si5_and_fenyves,5.0,5.0,5.0,Cook2019_SI5,+,+,fenyves_sign_prediction,True,True,True,True,True,0.0,False
DA08__VD10,DA08,VD10,neuron_to_neuron,cook_si5_and_fenyves,7.0,7.0,7.0,Cook2019_SI5,+,+,fenyves_sign_prediction,True,True,True,True,True,0.0,False
DA08__VD11,DA08,VD11,neuron_to_neuron,cook_si5_and_fenyves,5.0,5.0,5.0,Cook2019_SI5,+,+,fenyves_sign_prediction,True,True,True,True,True,0.0,False
DA08__VD12,DA08,VD12,neuron_to_neuron,cook_si5_and_fenyves,5.0,5.0,5.0,Cook2019_SI5,+,+,fenyves_sign_prediction,True,True,True,True,True,0.0,False
DA08__VD13,DA08,VD13,neuron_to_neuron,cook_si5_and_fenyves,5.0,5.0,5.0,Cook2019_SI5,+,+,fenyves_sign_prediction,True,True,True,True,True,0.0,False
DA08__dBWML16,DA08,dBWML16,neuron_to_non_neuron_or_muscle,cook_si5_only,3.0,3.0,,Cook2019_SI5,,-,missing_fenyves_default_inhibitory,True,True,False,True,False,0.0,False
DA08__dBWML17,DA08,dBWML17,neuron_to_non_neuron_or_muscle,cook_si5_only,3.0,3.0,,Cook2019_SI5,,-,missing_fenyves_default_inhibitory,True,True,False,True,False,0.0,False
DA08__dBWML18,DA08,dBWML18,neuron_to_non_neuron_or_muscle,cook_si5_only,3.0,3.0,,Cook2019_SI5,,-,missing_fenyves_default_inhibitory,True,True,False,True,False,0.0,False
DA08__dBWML19,DA08,dBWML19,neuron_to_non_neuron_or_muscle,cook_si5_only,3.0,3.0,,Cook2019_SI5,,-,missing_fenyves_default_inhibitory,True,True,False,True,False,0.0,False
DA08__dBWML20,DA08,dBWML20,neuron_to_non_neuron_or_muscle,cook_si5_only,4.0,4.0,,Cook2019_SI5,,-,missing_fenyves_default_inhibitory,True,True,False,True,False,0.0,False
DA08__dBWML21,DA08,dBWML21,neuron_to_non_neuron_or_muscle,cook_si5_only,3.0,3.0,,Cook2019_SI5,,-,missing_fenyves_default_inhibitory,True,True,False,True,False,0.0,False
DA08__dBWMR16,DA08,dBWMR16,neuron_to_non_neuron_or_muscle,cook_si5_only,3.0,3.0,,Cook2019_SI5,,-,missing_fenyves_default_inhibitory,True,True,False,True,False,0.0,False
DA08__dBWMR17,DA08,dBWMR17,neuron_to_non_neuron_or_muscle,cook_si5_only,3.0,3.0,,Cook2019_SI5,,-,missing_fenyves_default_inhibitory,True,True,False,True,False,0.0,False
DA08__dBWMR18,DA08,dBWMR18,neuron_to_non_neuron_or_muscle,cook_si5_only,3.0,3.0,,Cook2019_SI5,,-,missing_fenyves_default_inhibitory,True,True,False,True,False,0.0,False
DA08__dBWMR19,DA08,dBWMR19,neuron_to_non_neuron_or_muscle,cook_si5_only,3.0,3.0,,Cook2019_SI5,,-,missing_fenyves_default_inhibitory,True,True,False,True,False,0.0,False
DA08__dBWMR20,DA08,dBWMR20,neuron_to_non_neuron_or_muscle,cook_si5_only,4.0,4.0,,Cook2019_SI5,,-,missing_fenyves_default_inhibitory,True,True,False,True,False,0.0,False
DA08__dBWMR21,DA08,dBWMR21,neuron_to_non_neuron_or_muscle,cook_si5_only,3.0,3.0,,Cook2019_SI5,,-,missing_fenyves_default_inhibitory,True,True,False,True,False,0.0,False
DA09__AS11,DA09,AS11,neuron_to_neuron,cook_si5_and_fenyves,1.0,1.0,1.0,Cook2019_SI5,+,+,fenyves_sign_prediction,True,True,True,True,True,1.0,True
DA09__DA08,DA09,DA08,neuron_to_neuron,cook_si5_and_fenyves,1.0,1.0,1.0,Cook2019_SI5,+,+,fenyves_sign_prediction,True,True,True,True,True,1.0,True
DA09__DB07,DA09,DB07,neuron_to_neuron,cook_si5_and_fenyves,2.0,2.0,1.0,Cook2019_SI5,+,+,fenyves_sign_prediction,True,True,True,True,True,1.0,True
DA09__DD06,DA09,DD06,neuron_to_neuron,cook_si5_and_fenyves,4.0,4.0,4.0,Cook2019_SI5,+,+,fenyves_sign_prediction,True,True,True,True,True,2.0,True
DA09__DVA,DA09,DVA,neuron_to_neuron,cook_si5_and_fenyves,1.0,1.0,1.0,Cook2019_SI5,+,+,fenyves_sign_prediction,True,True,True,True,True,1.0,True
DA09__VA11,DA09,VA11,neuron_to_neuron,cook_si5_only,1.0,1.0,,Cook2019_SI5,,-,missing_fenyves_default_inhibitory,True,True,True,True,False,1.0,True
DA09__VA12,DA09,VA12,neuron_to_neuron,cook_si5_and_fenyves,1.0,1.0,1.0,Cook2019_SI5,+,+,fenyves_sign_prediction,True,True,True,True,True,1.0,True
DA09__VD09,DA09,VD09,neuron_to_neuron,cook_si5_and_fenyves,5.0,5.0,5.0,Cook2019_SI5,+,+,fenyves_sign_prediction,True,True,True,True,True,0.0,False
DA09__VD10,DA09,VD10,neuron_to_neuron,cook_si5_and_fenyves,5.0,5.0,5.0,Cook2019_SI5,+,+,fenyves_sign_prediction,True,True,True,True,True,0.0,False
DA09__VD11,DA09,VD11,neuron_to_neuron,cook_si5_and_fenyves,11.0,11.0,11.0,Cook2019_SI5,+,+,fenyves_sign_prediction,True,True,True,True,True,0.0,False
DA09__VD12,DA09,VD12,neuron_to_neuron,cook_si5_and_fenyves,11.0,11.0,11.0,Cook2019_SI5,+,+,fenyves_sign_prediction,True,True,True,True,True,0.0,False
DA09__VD13,DA09,VD13,neuron_to_neuron,cook_si5_and_fenyves,4.0,4.0,1.0,Cook2019_SI5,+,+,fenyves_sign_prediction,True,True,True,True,True,0.0,False
DA09__dBWML19,DA09,dBWML19,neuron_to_non_neuron_or_muscle,cook_si5_only,3.0,3.0,,Cook2019_SI5,,-,missing_fenyves_default_inhibitory,True,True,False,True,False,0.0,False
DA09__dBWML20,DA09,dBWML20,neuron_to_non_neuron_or_muscle,cook_si5_only,3.0,3.0,,Cook2019_SI5,,-,missing_fenyves_default_inhibitory,True,True,False,True,False,0.0,False
DA09__dBWML21,DA09,dBWML21,neuron_to_non_neuron_or_muscle,cook_si5_only,3.0,3.0,,Cook2019_SI5,,-,missing_fenyves_default_inhibitory,True,True,False,True,False,0.0,False
DA09__dBWML22,DA09,dBWML22,neuron_to_non_neuron_or_muscle,cook_si5_only,6.0,6.0,,Cook2019_SI5,,-,missing_fenyves_default_inhibitory,True,True,False,True,False,3.0,True
DA09__dBWML23,DA09,dBWML23,neuron_to_non_neuron_or_muscle,cook_si5_only,3.0,3.0,,Cook2019_SI5,,-,missing_fenyves_default_inhibitory,True,True,False,True,False,0.0,False
DA09__dBWML24,DA09,dBWML24,neuron_to_non_neuron_or_muscle,cook_si5_only,4.0,4.0,,Cook2019_SI5,,-,missing_fenyves_default_inhibitory,True,True,False,True,False,0.0,False
DA09__dBWMR19,DA09,dBWMR19,neuron_to_non_neuron_or_muscle,cook_si5_only,3.0,3.0,,Cook2019_SI5,,-,missing_fenyves_default_inhibitory,True,True,False,True,False,0.0,False
DA09__dBWMR20,DA09,dBWMR20,neuron_to_non_neuron_or_muscle,cook_si5_only,3.0,3.0,,Cook2019_SI5,,-,missing_fenyves_default_inhibitory,True,True,False,True,False,0.0,False
DA09__dBWMR21,DA09,dBWMR21,neuron_to_non_neuron_or_muscle,cook_si5_only,3.0,3.0,,Cook2019_SI5,,-,missing_fenyves_default_inhibitory,True,True,False,True,False,0.0,False
DA09__dBWMR22,DA09,dBWMR22,neuron_to_non_neuron_or_muscle,cook_si5_only,3.0,3.0,,Cook2019_SI5,,-,missing_fenyves_default_inhibitory,True,True,False,True,False,0.0,False
DA09__dBWMR23,DA09,dBWMR23,neuron_to_non_neuron_or_muscle,cook_si5_only,3.0,3.0,,Cook2019_SI5,,-,missing_fenyves_default_inhibitory,True,True,False,True,False,0.0,False
DA09__dBWMR24,DA09,dBWMR24,neuron_to_non_neuron_or_muscle,cook_si5_only,4.0,4.0,,Cook2019_SI5,,-,missing_fenyves_default_inhibitory,True,True,False,True,False,0.0,False
DA09__hyp,DA09,hyp,neuron_to_non_neuron_or_muscle,cook_si5_only,2.0,2.0,,Cook2019_SI5,,-,missing_fenyves_default_inhibitory,True,True,False,True,False,3.0,True
DB01__AS01,DB01,AS01,neuron_to_neuron,cook_si5_and_fenyves,28.0,28.0,28.0,Cook2019_SI5,+,+,fenyves_sign_prediction,True,True,True,True,True,11.0,True
DB01__AS02,DB01,AS02,neuron_to_neuron,cook_si5_and_fenyves,4.0,4.0,4.0,Cook2019_SI5,+,+,fenyves_sign_prediction,True,True,True,True,True,3.0,True
DB01__DA01,DB01,DA01,neuron_to_neuron,cook_si5_and_fenyves,16.0,16.0,16.0,Cook2019_SI5,+,+,fenyves_sign_prediction,True,True,True,True,True,11.0,True
DB01__DA02,DB01,DA02,neuron_to_neuron,cook_si5_and_fenyves,2.0,2.0,2.0,Cook2019_SI5,+,+,fenyves_sign_prediction,True,True,True,True,True,2.0,True
DB01__DD01,DB01,DD01,neuron_to_neuron,cook_si5_and_fenyves,31.0,31.0,31.0,Cook2019_SI5,+,+,fenyves_sign_prediction,True,True,True,True,True,24.0,True
DB01__FLPR,DB01,FLPR,neuron_to_neuron,cook_si5_and_fenyves,1.0,1.0,1.0,Cook2019_SI5,+,+,fenyves_sign_prediction,True,True,True,True,True,1.0,True
DB01__RID,DB01,RID,neuron_to_neuron,cook_si5_and_fenyves,1.0,1.0,1.0,Cook2019_SI5,+,+,fenyves_sign_prediction,True,True,True,True,True,1.0,True
DB01__VD01,DB01,VD01,neuron_to_neuron,cook_si5_only,18.0,18.0,,Cook2019_SI5,,-,missing_fenyves_default_inhibitory,True,True,True,True,False,10.0,True
DB01__VD02,DB01,VD02,neuron_to_neuron,cook_si5_and_fenyves,24.0,24.0,24.0,Cook2019_SI5,+,+,fenyves_sign_prediction,True,True,True,True,True,17.0,True
DB01__VD03,DB01,VD03,neuron_to_neuron,cook_si5_and_fenyves,2.0,2.0,2.0,Cook2019_SI5,+,+,fenyves_sign_prediction,True,True,True,True,True,2.0,True
DB01__dBWML6,DB01,dBWML6,neuron_to_non_neuron_or_muscle,cook_si5_only,3.0,3.0,,Cook2019_SI5,,-,missing_fenyves_default_inhibitory,True,True,False,True,False,3.0,True
DB01__dBWML8,DB01,dBWML8,neuron_to_non_neuron_or_muscle,cook_si5_only,3.0,3.0,,Cook2019_SI5,,-,missing_fenyves_default_inhibitory,True,True,False,True,False,0.0,False
DB01__dBWML9,DB01,dBWML9,neuron_to_non_neuron_or_muscle,cook_si5_only,6.0,6.0,,Cook2019_SI5,,-,missing_fenyves_default_inhibitory,True,True,False,True,False,0.0,False
DB01__dBWMR8,DB01,dBWMR8,neuron_to_non_neuron_or_muscle,cook_si5_only,6.0,6.0,,Cook2019_SI5,,-,missing_fenyves_default_inhibitory,True,True,False,True,False,5.0,True
DB01__dBWMR9,DB01,dBWMR9,neuron_to_non_neuron_or_muscle,cook_si5_only,2.0,2.0,,Cook2019_SI5,,-,missing_fenyves_default_inhibitory,True,True,False,True,False,0.0,False
DB01__hyp,DB01,hyp,neuron_to_non_neuron_or_muscle,cook_si5_only,1.0,1.0,,Cook2019_SI5,,-,missing_fenyves_default_inhibitory,True,True,False,True,False,1.0,True
DB02__AS03,DB02,AS03,neuron_to_neuron,cook_si5_and_fenyves,3.0,3.0,3.0,Cook2019_SI5,+,+,fenyves_sign_prediction,True,True,True,True,True,3.0,True
DB02__AS04,DB02,AS04,neuron_to_neuron,cook_si5_and_fenyves,2.0,2.0,2.0,Cook2019_SI5,+,+,fenyves_sign_prediction,True,True,True,True,True,2.0,True
DB02__DA02,DB02,DA02,neuron_to_neuron,cook_si5_and_fenyves,3.0,3.0,3.0,Cook2019_SI5,+,+,fenyves_sign_prediction,True,True,True,True,True,2.0,True
DB02__DA03,DB02,DA03,neuron_to_neuron,cook_si5_and_fenyves,12.0,12.0,12.0,Cook2019_SI5,+,+,fenyves_sign_prediction,True,True,True,True,True,11.0,True
DB02__DA04,DB02,DA04,neuron_to_neuron,cook_si5_and_fenyves,1.0,1.0,1.0,Cook2019_SI5,+,+,fenyves_sign_prediction,True,True,True,True,True,1.0,True
DB02__DD01,DB02,DD01,neuron_to_neuron,cook_si5_and_fenyves,3.0,3.0,3.0,Cook2019_SI5,+,+,fenyves_sign_prediction,True,True,True,True,True,2.0,True
DB02__DD02,DB02,DD02,neuron_to_neuron,cook_si5_and_fenyves,16.0,16.0,16.0,Cook2019_SI5,+,+,fenyves_sign_prediction,True,True,True,True,True,10.0,True
DB02__VD03,DB02,VD03,neuron_to_neuron,cook_si5_and_fenyves,33.0,33.0,33.0,Cook2019_SI5,+,+,fenyves_sign_prediction,True,True,True,True,True,26.0,True
DB02__VD04,DB02,VD04,neuron_to_neuron,cook_si5_and_fenyves,15.0,15.0,15.0,Cook2019_SI5,+,+,fenyves_sign_prediction,True,True,True,True,True,12.0,True
DB02__dBWML10,DB02,dBWML10,neuron_to_non_neuron_or_muscle,cook_si5_only,4.0,4.0,,Cook2019_SI5,,-,missing_fenyves_default_inhibitory,True,True,False,True,False,0.0,False
DB02__dBWML11,DB02,dBWML11,neuron_to_non_neuron_or_muscle,cook_si5_only,5.0,5.0,,Cook2019_SI5,,-,missing_fenyves_default_inhibitory,True,True,False,True,False,0.0,False
DB02__dBWML12,DB02,dBWML12,neuron_to_non_neuron_or_muscle,cook_si5_only,1.0,1.0,,Cook2019_SI5,,-,missing_fenyves_default_inhibitory,True,True,False,True,False,0.0,False
DB02__dBWML9,DB02,dBWML9,neuron_to_non_neuron_or_muscle,cook_si5_only,2.0,2.0,,Cook2019_SI5,,-,missing_fenyves_default_inhibitory,True,True,False,True,False,0.0,False
DB02__dBWMR10,DB02,dBWMR10,neuron_to_non_neuron_or_muscle,cook_si5_only,6.0,6.0,,Cook2019_SI5,,-,missing_fenyves_default_inhibitory,True,True,False,True,False,0.0,False
DB02__dBWMR11,DB02,dBWMR11,neuron_to_non_neuron_or_muscle,cook_si5_only,8.0,8.0,,Cook2019_SI5,,-,missing_fenyves_default_inhibitory,True,True,False,True,False,0.0,False
DB02__dBWMR9,DB02,dBWMR9,neuron_to_non_neuron_or_muscle,cook_si5_only,1.0,1.0,,Cook2019_SI5,,-,missing_fenyves_default_inhibitory,True,True,False,True,False,0.0,False
DB03__AS04,DB03,AS04,neuron_to_neuron,cook_si5_and_fenyves,2.0,2.0,2.0,Cook2019_SI5,+,+,fenyves_sign_prediction,True,True,True,True,True,2.0,True
DB03__AS05,DB03,AS05,neuron_to_neuron,cook_si5_and_fenyves,1.0,1.0,1.0,Cook2019_SI5,+,+,fenyves_sign_prediction,True,True,True,True,True,1.0,True
DB03__DA04,DB03,DA04,neuron_to_neuron,cook_si5_and_fenyves,4.0,4.0,4.0,Cook2019_SI5,+,+,fenyves_sign_prediction,True,True,True,True,True,4.0,True
DB03__DA05,DB03,DA05,neuron_to_neuron,cook_si5_and_fenyves,1.0,1.0,1.0,Cook2019_SI5,+,+,fenyves_sign_prediction,True,True,True,True,True,1.0,True
DB03__DD02,DB03,DD02,neuron_to_neuron,cook_si5_and_fenyves,3.0,3.0,3.0,Cook2019_SI5,+,+,fenyves_sign_prediction,True,True,True,True,True,3.0,True
DB03__DD03,DB03,DD03,neuron_to_neuron,cook_si5_and_fenyves,14.0,14.0,14.0,Cook2019_SI5,+,+,fenyves_sign_prediction,True,True,True,True,True,13.0,True
DB03__DD05,DB03,DD05,neuron_to_neuron,cook_si5_and_fenyves,14.0,14.0,14.0,Cook2019_SI5,+,+,fenyves_sign_prediction,True,True,True,True,True,0.0,False
DB03__VD04,DB03,VD04,neuron_to_neuron,cook_si5_and_fenyves,9.0,9.0,9.0,Cook2019_SI5,+,+,fenyves_sign_prediction,True,True,True,True,True,7.0,True
DB03__VD05,DB03,VD05,neuron_to_neuron,cook_si5_and_fenyves,24.0,24.0,24.0,Cook2019_SI5,+,+,fenyves_sign_prediction,True,True,True,True,True,22.0,True
DB03__VD06,DB03,VD06,neuron_to_neuron,cook_si5_and_fenyves,4.0,4.0,4.0,Cook2019_SI5,+,+,fenyves_sign_prediction,True,True,True,True,True,4.0,True
DB03__dBWML11,DB03,dBWML11,neuron_to_non_neuron_or_muscle,cook_si5_only,6.0,6.0,,Cook2019_SI5,,-,missing_fenyves_default_inhibitory,True,True,False,True,False,0.0,False
DB03__dBWML12,DB03,dBWML12,neuron_to_non_neuron_or_muscle,cook_si5_only,1.0,1.0,,Cook2019_SI5,,-,missing_fenyves_default_inhibitory,True,True,False,True,False,0.0,False
DB03__dBWML13,DB03,dBWML13,neuron_to_non_neuron_or_muscle,cook_si5_only,3.0,3.0,,Cook2019_SI5,,-,missing_fenyves_default_inhibitory,True,True,False,True,False,0.0,False
DB03__dBWML14,DB03,dBWML14,neuron_to_non_neuron_or_muscle,cook_si5_only,1.0,1.0,,Cook2019_SI5,,-,missing_fenyves_default_inhibitory,True,True,False,True,False,0.0,False
DB03__dBWMR11,DB03,dBWMR11,neuron_to_non_neuron_or_muscle,cook_si5_only,2.0,2.0,,Cook2019_SI5,,-,missing_fenyves_default_inhibitory,True,True,False,True,False,0.0,False
DB03__dBWMR12,DB03,dBWMR12,neuron_to_non_neuron_or_muscle,cook_si5_only,13.0,13.0,,Cook2019_SI5,,-,missing_fenyves_default_inhibitory,True,True,False,True,False,0.0,False
DB03__dBWMR13,DB03,dBWMR13,neuron_to_non_neuron_or_muscle,cook_si5_only,1.0,1.0,,Cook2019_SI5,,-,missing_fenyves_default_inhibitory,True,True,False,True,False,0.0,False
DB04__AS06,DB04,AS06,neuron_to_neuron,cook_si5_and_fenyves,2.0,2.0,2.0,Cook2019_SI5,+,+,fenyves_sign_prediction,True,True,True,True,True,1.0,True
DB04__DA05,DB04,DA05,neuron_to_neuron,cook_si5_and_fenyves,3.0,3.0,3.0,Cook2019_SI5,+,+,fenyves_sign_prediction,True,True,True,True,True,3.0,True
DB04__DD03,DB04,DD03,neuron_to_neuron,cook_si5_and_fenyves,9.0,9.0,9.0,Cook2019_SI5,+,+,fenyves_sign_prediction,True,True,True,True,True,7.0,True
DB04__DD04,DB04,DD04,neuron_to_neuron,cook_si5_and_fenyves,2.0,2.0,2.0,Cook2019_SI5,+,+,fenyves_sign_prediction,True,True,True,True,True,0.0,False
DB04__DD05,DB04,DD05,neuron_to_neuron,cook_si5_and_fenyves,9.0,9.0,9.0,Cook2019_SI5,+,+,fenyves_sign_prediction,True,True,True,True,True,0.0,False
DB04__DD06,DB04,DD06,neuron_to_neuron,cook_si5_and_fenyves,2.0,2.0,2.0,Cook2019_SI5,+,+,fenyves_sign_prediction,True,True,True,True,True,0.0,False
DB04__VD06,DB04,VD06,neuron_to_neuron,cook_si5_and_fenyves,14.0,14.0,14.0,Cook2019_SI5,+,+,fenyves_sign_prediction,True,True,True,True,True,12.0,True
DB04__dBWML13,DB04,dBWML13,neuron_to_non_neuron_or_muscle,cook_si5_only,4.0,4.0,,Cook2019_SI5,,-,missing_fenyves_default_inhibitory,True,True,False,True,False,0.0,False
DB04__dBWML14,DB04,dBWML14,neuron_to_non_neuron_or_muscle,cook_si5_only,1.0,1.0,,Cook2019_SI5,,-,missing_fenyves_default_inhibitory,True,True,False,True,False,0.0,False
DB04__dBWML15,DB04,dBWML15,neuron_to_non_neuron_or_muscle,cook_si5_only,3.0,3.0,,Cook2019_SI5,,-,missing_fenyves_default_inhibitory,True,True,False,True,False,0.0,False
DB04__dBWML16,DB04,dBWML16,neuron_to_non_neuron_or_muscle,cook_si5_only,3.0,3.0,,Cook2019_SI5,,-,missing_fenyves_default_inhibitory,True,True,False,True,False,0.0,False
DB04__dBWMR13,DB04,dBWMR13,neuron_to_non_neuron_or_muscle,cook_si5_only,3.0,3.0,,Cook2019_SI5,,-,missing_fenyves_default_inhibitory,True,True,False,True,False,0.0,False
DB04__dBWMR14,DB04,dBWMR14,neuron_to_non_neuron_or_muscle,cook_si5_only,5.0,5.0,,Cook2019_SI5,,-,missing_fenyves_default_inhibitory,True,True,False,True,False,0.0,False
DB04__dBWMR15,DB04,dBWMR15,neuron_to_non_neuron_or_muscle,cook_si5_only,3.0,3.0,,Cook2019_SI5,,-,missing_fenyves_default_inhibitory,True,True,False,True,False,0.0,False
DB04__dBWMR16,DB04,dBWMR16,neuron_to_non_neuron_or_muscle,cook_si5_only,3.0,3.0,,Cook2019_SI5,,-,missing_fenyves_default_inhibitory,True,True,False,True,False,0.0,False
DB05__AS07,DB05,AS07,neuron_to_neuron,cook_si5_and_fenyves,3.0,3.0,3.0,Cook2019_SI5,+,+,fenyves_sign_prediction,True,True,True,True,True,0.0,False
DB05__AS08,DB05,AS08,neuron_to_neuron,cook_si5_and_fenyves,2.0,2.0,2.0,Cook2019_SI5,+,+,fenyves_sign_prediction,True,True,True,True,True,0.0,False
DB05__DA06,DB05,DA06,neuron_to_neuron,cook_si5_and_fenyves,3.0,3.0,3.0,Cook2019_SI5,+,+,fenyves_sign_prediction,True,True,True,True,True,0.0,False
DB05__DA07,DB05,DA07,neuron_to_neuron,cook_si5_and_fenyves,12.0,12.0,12.0,Cook2019_SI5,+,+,fenyves_sign_prediction,True,True,True,True,True,0.0,False
DB05__DA08,DB05,DA08,neuron_to_neuron,cook_si5_and_fenyves,1.0,1.0,1.0,Cook2019_SI5,+,+,fenyves_sign_prediction,True,True,True,True,True,0.0,False
DB05__VD04,DB05,VD04,neuron_to_neuron,cook_si5_and_fenyves,3.0,3.0,3.0,Cook2019_SI5,+,+,fenyves_sign_prediction,True,True,True,True,True,0.0,False
DB05__VD05,DB05,VD05,neuron_to_neuron,cook_si5_and_fenyves,3.0,3.0,3.0,Cook2019_SI5,+,+,fenyves_sign_prediction,True,True,True,True,True,0.0,False
DB05__VD06,DB05,VD06,neuron_to_neuron,cook_si5_and_fenyves,13.0,13.0,13.0,Cook2019_SI5,+,+,fenyves_sign_prediction,True,True,True,True,True,0.0,False
DB05__VD07,DB05,VD07,neuron_to_neuron,cook_si5_and_fenyves,13.0,13.0,13.0,Cook2019_SI5,+,+,fenyves_sign_prediction,True,True,True,True,True,0.0,False
DB05__dBWML14,DB05,dBWML14,neuron_to_non_neuron_or_muscle,cook_si5_only,2.0,2.0,,Cook2019_SI5,,-,missing_fenyves_default_inhibitory,True,True,False,True,False,0.0,False
DB05__dBWML15,DB05,dBWML15,neuron_to_non_neuron_or_muscle,cook_si5_only,2.0,2.0,,Cook2019_SI5,,-,missing_fenyves_default_inhibitory,True,True,False,True,False,0.0,False
DB05__dBWML16,DB05,dBWML16,neuron_to_non_neuron_or_muscle,cook_si5_only,2.0,2.0,,Cook2019_SI5,,-,missing_fenyves_default_inhibitory,True,True,False,True,False,0.0,False
DB05__dBWML17,DB05,dBWML17,neuron_to_non_neuron_or_muscle,cook_si5_only,2.0,2.0,,Cook2019_SI5,,-,missing_fenyves_default_inhibitory,True,True,False,True,False,0.0,False
DB05__dBWML18,DB05,dBWML18,neuron_to_non_neuron_or_muscle,cook_si5_only,2.0,2.0,,Cook2019_SI5,,-,missing_fenyves_default_inhibitory,True,True,False,True,False,0.0,False
DB05__dBWML19,DB05,dBWML19,neuron_to_non_neuron_or_muscle,cook_si5_only,2.0,2.0,,Cook2019_SI5,,-,missing_fenyves_default_inhibitory,True,True,False,True,False,0.0,False
DB05__dBWMR14,DB05,dBWMR14,neuron_to_non_neuron_or_muscle,cook_si5_only,2.0,2.0,,Cook2019_SI5,,-,missing_fenyves_default_inhibitory,True,True,False,True,False,0.0,False
DB05__dBWMR15,DB05,dBWMR15,neuron_to_non_neuron_or_muscle,cook_si5_only,2.0,2.0,,Cook2019_SI5,,-,missing_fenyves_default_inhibitory,True,True,False,True,False,0.0,False
DB05__dBWMR16,DB05,dBWMR16,neuron_to_non_neuron_or_muscle,cook_si5_only,2.0,2.0,,Cook2019_SI5,,-,missing_fenyves_default_inhibitory,True,True,False,True,False,0.0,False
DB05__dBWMR17,DB05,dBWMR17,neuron_to_non_neuron_or_muscle,cook_si5_only,2.0,2.0,,Cook2019_SI5,,-,missing_fenyves_default_inhibitory,True,True,False,True,False,0.0,False
DB05__dBWMR18,DB05,dBWMR18,neuron_to_non_neuron_or_muscle,cook_si5_only,2.0,2.0,,Cook2019_SI5,,-,missing_fenyves_default_inhibitory,True,True,False,True,False,0.0,False
DB05__dBWMR19,DB05,dBWMR19,neuron_to_non_neuron_or_muscle,cook_si5_only,2.0,2.0,,Cook2019_SI5,,-,missing_fenyves_default_inhibitory,True,True,False,True,False,0.0,False
DB06__AS08,DB06,AS08,neuron_to_neuron,cook_si5_and_fenyves,2.0,2.0,2.0,Cook2019_SI5,+,+,fenyves_sign_prediction,True,True,True,True,True,0.0,False
DB06__AS09,DB06,AS09,neuron_to_neuron,cook_si5_and_fenyves,1.0,1.0,1.0,Cook2019_SI5,+,+,fenyves_sign_prediction,True,True,True,True,True,0.0,False
DB06__DA08,DB06,DA08,neuron_to_neuron,cook_si5_and_fenyves,4.0,4.0,4.0,Cook2019_SI5,+,+,fenyves_sign_prediction,True,True,True,True,True,0.0,False
DB06__DA09,DB06,DA09,neuron_to_neuron,cook_si5_and_fenyves,1.0,1.0,1.0,Cook2019_SI5,+,+,fenyves_sign_prediction,True,True,True,True,True,0.0,False
DB06__VD07,DB06,VD07,neuron_to_neuron,cook_si5_and_fenyves,10.0,10.0,10.0,Cook2019_SI5,+,+,fenyves_sign_prediction,True,True,True,True,True,0.0,False
DB06__VD08,DB06,VD08,neuron_to_neuron,cook_si5_and_fenyves,12.0,12.0,12.0,Cook2019_SI5,+,+,fenyves_sign_prediction,True,True,True,True,True,0.0,False
DB06__VD09,DB06,VD09,neuron_to_neuron,cook_si5_and_fenyves,10.0,10.0,10.0,Cook2019_SI5,+,+,fenyves_sign_prediction,True,True,True,True,True,0.0,False
DB06__dBWML16,DB06,dBWML16,neuron_to_non_neuron_or_muscle,cook_si5_only,2.0,2.0,,Cook2019_SI5,,-,missing_fenyves_default_inhibitory,True,True,False,True,False,0.0,False
DB06__dBWML17,DB06,dBWML17,neuron_to_non_neuron_or_muscle,cook_si5_only,2.0,2.0,,Cook2019_SI5,,-,missing_fenyves_default_inhibitory,True,True,False,True,False,0.0,False
DB06__dBWML18,DB06,dBWML18,neuron_to_non_neuron_or_muscle,cook_si5_only,2.0,2.0,,Cook2019_SI5,,-,missing_fenyves_default_inhibitory,True,True,False,True,False,0.0,False
DB06__dBWML19,DB06,dBWML19,neuron_to_non_neuron_or_muscle,cook_si5_only,2.0,2.0,,Cook2019_SI5,,-,missing_fenyves_default_inhibitory,True,True,False,True,False,0.0,False
DB06__dBWML20,DB06,dBWML20,neuron_to_non_neuron_or_muscle,cook_si5_only,2.0,2.0,,Cook2019_SI5,,-,missing_fenyves_default_inhibitory,True,True,False,True,False,0.0,False
DB06__dBWML21,DB06,dBWML21,neuron_to_non_neuron_or_muscle,cook_si5_only,2.0,2.0,,Cook2019_SI5,,-,missing_fenyves_default_inhibitory,True,True,False,True,False,0.0,False
DB06__dBWMR16,DB06,dBWMR16,neuron_to_non_neuron_or_muscle,cook_si5_only,2.0,2.0,,Cook2019_SI5,,-,missing_fenyves_default_inhibitory,True,True,False,True,False,0.0,False
DB06__dBWMR17,DB06,dBWMR17,neuron_to_non_neuron_or_muscle,cook_si5_only,2.0,2.0,,Cook2019_SI5,,-,missing_fenyves_default_inhibitory,True,True,False,True,False,0.0,False
DB06__dBWMR18,DB06,dBWMR18,neuron_to_non_neuron_or_muscle,cook_si5_only,2.0,2.0,,Cook2019_SI5,,-,missing_fenyves_default_inhibitory,True,True,False,True,False,0.0,False
DB06__dBWMR19,DB06,dBWMR19,neuron_to_non_neuron_or_muscle,cook_si5_only,2.0,2.0,,Cook2019_SI5,,-,missing_fenyves_default_inhibitory,True,True,False,True,False,0.0,False
DB06__dBWMR20,DB06,dBWMR20,neuron_to_non_neuron_or_muscle,cook_si5_only,2.0,2.0,,Cook2019_SI5,,-,missing_fenyves_default_inhibitory,True,True,False,True,False,0.0,False
DB06__dBWMR21,DB06,dBWMR21,neuron_to_non_neuron_or_muscle,cook_si5_only,2.0,2.0,,Cook2019_SI5,,-,missing_fenyves_default_inhibitory,True,True,False,True,False,0.0,False
DB07__AS10,DB07,AS10,neuron_to_neuron,cook_si5_and_fenyves,2.0,2.0,2.0,Cook2019_SI5,+,+,fenyves_sign_prediction,True,True,True,True,True,0.0,False
DB07__AS11,DB07,AS11,neuron_to_neuron,cook_si5_and_fenyves,2.0,2.0,2.0,Cook2019_SI5,+,+,fenyves_sign_prediction,True,True,True,True,True,0.0,False
DB07__DA09,DB07,DA09,neuron_to_neuron,cook_si5_and_fenyves,3.0,3.0,3.0,Cook2019_SI5,+,+,fenyves_sign_prediction,True,True,True,True,True,0.0,False
DB07__DD06,DB07,DD06,neuron_to_neuron,cook_si5_only,1.0,1.0,,Cook2019_SI5,,-,missing_fenyves_default_inhibitory,True,True,True,True,False,0.0,False
DB07__VD08,DB07,VD08,neuron_to_neuron,cook_si5_and_fenyves,5.0,5.0,5.0,Cook2019_SI5,+,+,fenyves_sign_prediction,True,True,True,True,True,0.0,False
DB07__VD09,DB07,VD09,neuron_to_neuron,cook_si5_and_fenyves,5.0,5.0,5.0,Cook2019_SI5,+,+,fenyves_sign_prediction,True,True,True,True,True,0.0,False
DB07__VD10,DB07,VD10,neuron_to_neuron,cook_si5_and_fenyves,7.0,7.0,7.0,Cook2019_SI5,+,+,fenyves_sign_prediction,True,True,True,True,True,0.0,False
DB07__VD11,DB07,VD11,neuron_to_neuron,cook_si5_and_fenyves,5.0,5.0,5.0,Cook2019_SI5,+,+,fenyves_sign_prediction,True,True,True,True,True,0.0,False
DB07__VD12,DB07,VD12,neuron_to_neuron,cook_si5_and_fenyves,5.0,5.0,5.0,Cook2019_SI5,+,+,fenyves_sign_prediction,True,True,True,True,True,0.0,False
DB07__VD13,DB07,VD13,neuron_to_neuron,cook_si5_and_fenyves,1.0,1.0,5.0,Cook2019_SI5,+,+,fenyves_sign_prediction,True,True,True,True,True,0.0,False
DB07__dBWML19,DB07,dBWML19,neuron_to_non_neuron_or_muscle,cook_si5_only,2.0,2.0,,Cook2019_SI5,,-,missing_fenyves_default_inhibitory,True,True,False,True,False,0.0,False
DB07__dBWML20,DB07,dBWML20,neuron_to_non_neuron_or_muscle,cook_si5_only,2.0,2.0,,Cook2019_SI5,,-,missing_fenyves_default_inhibitory,True,True,False,True,False,0.0,False
DB07__dBWML21,DB07,dBWML21,neuron_to_non_neuron_or_muscle,cook_si5_only,2.0,2.0,,Cook2019_SI5,,-,missing_fenyves_default_inhibitory,True,True,False,True,False,0.0,False
DB07__dBWML22,DB07,dBWML22,neuron_to_non_neuron_or_muscle,cook_si5_only,2.0,2.0,,Cook2019_SI5,,-,missing_fenyves_default_inhibitory,True,True,False,True,False,0.0,False
DB07__dBWML23,DB07,dBWML23,neuron_to_non_neuron_or_muscle,cook_si5_only,2.0,2.0,,Cook2019_SI5,,-,missing_fenyves_default_inhibitory,True,True,False,True,False,0.0,False
DB07__dBWML24,DB07,dBWML24,neuron_to_non_neuron_or_muscle,cook_si5_only,2.0,2.0,,Cook2019_SI5,,-,missing_fenyves_default_inhibitory,True,True,False,True,False,0.0,False
DB07__dBWMR19,DB07,dBWMR19,neuron_to_non_neuron_or_muscle,cook_si5_only,2.0,2.0,,Cook2019_SI5,,-,missing_fenyves_default_inhibitory,True,True,False,True,False,0.0,False
DB07__dBWMR20,DB07,dBWMR20,neuron_to_non_neuron_or_muscle,cook_si5_only,2.0,2.0,,Cook2019_SI5,,-,missing_fenyves_default_inhibitory,True,True,False,True,False,0.0,False
DB07__dBWMR21,DB07,dBWMR21,neuron_to_non_neuron_or_muscle,cook_si5_only,2.0,2.0,,Cook2019_SI5,,-,missing_fenyves_default_inhibitory,True,True,False,True,False,0.0,False
DB07__dBWMR22,DB07,dBWMR22,neuron_to_non_neuron_or_muscle,cook_si5_only,1.0,1.0,,Cook2019_SI5,,-,missing_fenyves_default_inhibitory,True,True,False,True,False,0.0,False
DB07__dBWMR23,DB07,dBWMR23,neuron_to_non_neuron_or_muscle,cook_si5_only,2.0,2.0,,Cook2019_SI5,,-,missing_fenyves_default_inhibitory,True,True,False,True,False,0.0,False
DB07__dBWMR24,DB07,dBWMR24,neuron_to_non_neuron_or_muscle,cook_si5_only,2.0,2.0,,Cook2019_SI5,,-,missing_fenyves_default_inhibitory,True,True,False,True,False,0.0,False
DD01__DA02,DD01,DA02,neuron_to_neuron,cook_si5_and_fenyves,3.0,3.0,3.0,Cook2019_SI5,complex,complex,fenyves_sign_prediction,True,True,True,True,True,2.0,True
DD01__VB02,DD01,VB02,neuron_to_neuron,fenyves_only,1.0,,1.0,Fenyves2020_only,complex,complex,fenyves_only_connection_with_sign,True,True,True,False,True,0.0,False
DD01__VD02,DD01,VD02,neuron_to_neuron,cook_si5_and_fenyves,1.0,1.0,1.0,Cook2019_SI5,no pred,-,fenyves_no_pred_default_inhibitory,True,True,True,True,True,1.0,True
DD01__dBWML6,DD01,dBWML6,neuron_to_non_neuron_or_muscle,cook_si5_only,1.0,1.0,,Cook2019_SI5,,-,missing_fenyves_default_inhibitory,True,True,False,True,False,1.0,True
DD01__dBWML7,DD01,dBWML7,neuron_to_non_neuron_or_muscle,cook_si5_only,4.0,4.0,,Cook2019_SI5,,-,missing_fenyves_default_inhibitory,True,True,False,True,False,2.0,True
DD01__dBWML8,DD01,dBWML8,neuron_to_non_neuron_or_muscle,cook_si5_only,9.0,9.0,,Cook2019_SI5,,-,missing_fenyves_default_inhibitory,True,True,False,True,False,0.0,False
DD01__dBWML9,DD01,dBWML9,neuron_to_non_neuron_or_muscle,cook_si5_only,13.0,13.0,,Cook2019_SI5,,-,missing_fenyves_default_inhibitory,True,True,False,True,False,0.0,False
DD01__dBWMR10,DD01,dBWMR10,neuron_to_non_neuron_or_muscle,cook_si5_only,2.0,2.0,,Cook2019_SI5,,-,missing_fenyves_default_inhibitory,True,True,False,True,False,0.0,False
DD01__dBWMR6,DD01,dBWMR6,neuron_to_non_neuron_or_muscle,cook_si5_only,3.0,3.0,,Cook2019_SI5,,-,missing_fenyves_default_inhibitory,True,True,False,True,False,3.0,True
DD01__dBWMR7,DD01,dBWMR7,neuron_to_non_neuron_or_muscle,cook_si5_only,2.0,2.0,,Cook2019_SI5,,-,missing_fenyves_default_inhibitory,True,True,False,True,False,2.0,True
DD01__dBWMR8,DD01,dBWMR8,neuron_to_non_neuron_or_muscle,cook_si5_only,10.0,10.0,,Cook2019_SI5,,-,missing_fenyves_default_inhibitory,True,True,False,True,False,7.0,True
DD01__dBWMR9,DD01,dBWMR9,neuron_to_non_neuron_or_muscle,cook_si5_only,8.0,8.0,,Cook2019_SI5,,-,missing_fenyves_default_inhibitory,True,True,False,True,False,0.0,False
DD02__DA03,DD02,DA03,neuron_to_neuron,cook_si5_and_fenyves,2.0,2.0,2.0,Cook2019_SI5,complex,complex,fenyves_sign_prediction,True,True,True,True,True,2.0,True
DD02__VD03,DD02,VD03,neuron_to_neuron,cook_si5_and_fenyves,1.0,1.0,1.0,Cook2019_SI5,no pred,-,fenyves_no_pred_default_inhibitory,True,True,True,True,True,1.0,True
DD02__VD04,DD02,VD04,neuron_to_neuron,cook_si5_and_fenyves,1.0,1.0,1.0,Cook2019_SI5,no pred,-,fenyves_no_pred_default_inhibitory,True,True,True,True,True,1.0,True
DD02__dBWML10,DD02,dBWML10,neuron_to_non_neuron_or_muscle,cook_si5_only,4.0,4.0,,Cook2019_SI5,,-,missing_fenyves_default_inhibitory,True,True,False,True,False,0.0,False
DD02__dBWML11,DD02,dBWML11,neuron_to_non_neuron_or_muscle,cook_si5_only,9.0,9.0,,Cook2019_SI5,,-,missing_fenyves_default_inhibitory,True,True,False,True,False,0.0,False
DD02__dBWML12,DD02,dBWML12,neuron_to_non_neuron_or_muscle,cook_si5_only,6.0,6.0,,Cook2019_SI5,,-,missing_fenyves_default_inhibitory,True,True,False,True,False,0.0,False
DD02__dBWMR10,DD02,dBWMR10,neuron_to_non_neuron_or_muscle,cook_si5_only,2.0,2.0,,Cook2019_SI5,,-,missing_fenyves_default_inhibitory,True,True,False,True,False,0.0,False
DD02__dBWMR11,DD02,dBWMR11,neuron_to_non_neuron_or_muscle,cook_si5_only,10.0,10.0,,Cook2019_SI5,,-,missing_fenyves_default_inhibitory,True,True,False,True,False,0.0,False
DD02__dBWMR12,DD02,dBWMR12,neuron_to_non_neuron_or_muscle,cook_si5_only,1.0,1.0,,Cook2019_SI5,,-,missing_fenyves_default_inhibitory,True,True,False,True,False,0.0,False
DD03__DA05,DD03,DA05,neuron_to_neuron,cook_si5_and_fenyves,1.0,1.0,1.0,Cook2019_SI5,complex,complex,fenyves_sign_prediction,True,True,True,True,True,1.0,True
DD03__dBWML12,DD03,dBWML12,neuron_to_non_neuron_or_muscle,cook_si5_only,4.0,4.0,,Cook2019_SI5,,-,missing_fenyves_default_inhibitory,True,True,False,True,False,0.0,False
DD03__dBWML13,DD03,dBWML13,neuron_to_non_neuron_or_muscle,cook_si5_only,6.0,6.0,,Cook2019_SI5,,-,missing_fenyves_default_inhibitory,True,True,False,True,False,0.0,False
DD03__dBWML14,DD03,dBWML14,neuron_to_non_neuron_or_muscle,cook_si5_only,2.0,2.0,,Cook2019_SI5,,-,missing_fenyves_default_inhibitory,True,True,False,True,False,0.0,False
DD03__dBWML15,DD03,dBWML15,neuron_to_non_neuron_or_muscle,cook_si5_only,5.0,5.0,,Cook2019_SI5,,-,missing_fenyves_default_inhibitory,True,True,False,True,False,0.0,False
DD03__dBWMR11,DD03,dBWMR11,neuron_to_non_neuron_or_muscle,cook_si5_only,1.0,1.0,,Cook2019_SI5,,-,missing_fenyves_default_inhibitory,True,True,False,True,False,0.0,False
DD03__dBWMR12,DD03,dBWMR12,neuron_to_non_neuron_or_muscle,cook_si5_only,8.0,8.0,,Cook2019_SI5,,-,missing_fenyves_default_inhibitory,True,True,False,True,False,0.0,False
DD03__dBWMR13,DD03,dBWMR13,neuron_to_non_neuron_or_muscle,cook_si5_only,8.0,8.0,,Cook2019_SI5,,-,missing_fenyves_default_inhibitory,True,True,False,True,False,0.0,False
DD03__dBWMR14,DD03,dBWMR14,neuron_to_non_neuron_or_muscle,cook_si5_only,3.0,3.0,,Cook2019_SI5,,-,missing_fenyves_default_inhibitory,True,True,False,True,False,0.0,False
DD03__dBWMR15,DD03,dBWMR15,neuron_to_non_neuron_or_muscle,cook_si5_only,5.0,5.0,,Cook2019_SI5,,-,missing_fenyves_default_inhibitory,True,True,False,True,False,0.0,False
DD03__vBWML13,DD03,vBWML13,neuron_to_non_neuron_or_muscle,cook_si5_only,1.0,1.0,,Cook2019_SI5,,-,missing_fenyves_default_inhibitory,True,True,False,True,False,0.0,False
DD04__dBWML16,DD04,dBWML16,neuron_to_non_neuron_or_muscle,cook_si5_only,5.0,5.0,,Cook2019_SI5,,-,missing_fenyves_default_inhibitory,True,True,False,True,False,0.0,False
DD04__dBWML17,DD04,dBWML17,neuron_to_non_neuron_or_muscle,cook_si5_only,9.0,9.0,,Cook2019_SI5,,-,missing_fenyves_default_inhibitory,True,True,False,True,False,0.0,False
DD04__dBWML18,DD04,dBWML18,neuron_to_non_neuron_or_muscle,cook_si5_only,5.0,5.0,,Cook2019_SI5,,-,missing_fenyves_default_inhibitory,True,True,False,True,False,0.0,False
DD04__dBWMR13,DD04,dBWMR13,neuron_to_non_neuron_or_muscle,cook_si5_only,1.0,1.0,,Cook2019_SI5,,-,missing_fenyves_default_inhibitory,True,True,False,True,False,0.0,False
DD04__dBWMR14,DD04,dBWMR14,neuron_to_non_neuron_or_muscle,cook_si5_only,2.0,2.0,,Cook2019_SI5,,-,missing_fenyves_default_inhibitory,True,True,False,True,False,0.0,False
DD04__dBWMR15,DD04,dBWMR15,neuron_to_non_neuron_or_muscle,cook_si5_only,2.0,2.0,,Cook2019_SI5,,-,missing_fenyves_default_inhibitory,True,True,False,True,False,0.0,False
DD04__dBWMR16,DD04,dBWMR16,neuron_to_non_neuron_or_muscle,cook_si5_only,5.0,5.0,,Cook2019_SI5,,-,missing_fenyves_default_inhibitory,True,True,False,True,False,0.0,False
DD04__dBWMR17,DD04,dBWMR17,neuron_to_non_neuron_or_muscle,cook_si5_only,9.0,9.0,,Cook2019_SI5,,-,missing_fenyves_default_inhibitory,True,True,False,True,False,0.0,False
DD04__dBWMR18,DD04,dBWMR18,neuron_to_non_neuron_or_muscle,cook_si5_only,5.0,5.0,,Cook2019_SI5,,-,missing_fenyves_default_inhibitory,True,True,False,True,False,0.0,False
DD05__dBWML19,DD05,dBWML19,neuron_to_non_neuron_or_muscle,cook_si5_only,5.0,5.0,,Cook2019_SI5,,-,missing_fenyves_default_inhibitory,True,True,False,True,False,0.0,False
DD05__dBWML20,DD05,dBWML20,neuron_to_non_neuron_or_muscle,cook_si5_only,9.0,9.0,,Cook2019_SI5,,-,missing_fenyves_default_inhibitory,True,True,False,True,False,0.0,False
DD05__dBWML21,DD05,dBWML21,neuron_to_non_neuron_or_muscle,cook_si5_only,5.0,5.0,,Cook2019_SI5,,-,missing_fenyves_default_inhibitory,True,True,False,True,False,0.0,False
DD05__dBWMR19,DD05,dBWMR19,neuron_to_non_neuron_or_muscle,cook_si5_only,5.0,5.0,,Cook2019_SI5,,-,missing_fenyves_default_inhibitory,True,True,False,True,False,0.0,False
DD05__dBWMR20,DD05,dBWMR20,neuron_to_non_neuron_or_muscle,cook_si5_only,9.0,9.0,,Cook2019_SI5,,-,missing_fenyves_default_inhibitory,True,True,False,True,False,0.0,False
DD05__dBWMR21,DD05,dBWMR21,neuron_to_non_neuron_or_muscle,cook_si5_only,5.0,5.0,,Cook2019_SI5,,-,missing_fenyves_default_inhibitory,True,True,False,True,False,0.0,False
DD06__DB07,DD06,DB07,neuron_to_neuron,cook_si5_only,1.0,1.0,,Cook2019_SI5,,-,missing_fenyves_default_inhibitory,True,True,True,True,False,0.0,False
DD06__VD13,DD06,VD13,neuron_to_neuron,cook_si5_only,3.0,3.0,,Cook2019_SI5,,-,missing_fenyves_default_inhibitory,True,True,True,True,False,0.0,False
DD06__dBWML22,DD06,dBWML22,neuron_to_non_neuron_or_muscle,cook_si5_only,5.0,5.0,,Cook2019_SI5,,-,missing_fenyves_default_inhibitory,True,True,False,True,False,0.0,False
DD06__dBWML23,DD06,dBWML23,neuron_to_non_neuron_or_muscle,cook_si5_only,9.0,9.0,,Cook2019_SI5,,-,missing_fenyves_default_inhibitory,True,True,False,True,False,0.0,False
DD06__dBWML24,DD06,dBWML24,neuron_to_non_neuron_or_muscle,cook_si5_only,5.0,5.0,,Cook2019_SI5,,-,missing_fenyves_default_inhibitory,True,True,False,True,False,0.0,False
DD06__dBWMR22,DD06,dBWMR22,neuron_to_non_neuron_or_muscle,cook_si5_only,3.0,3.0,,Cook2019_SI5,,-,missing_fenyves_default_inhibitory,True,True,False,True,False,0.0,False
DD06__dBWMR23,DD06,dBWMR23,neuron_to_non_neuron_or_muscle,cook_si5_only,9.0,9.0,,Cook2019_SI5,,-,missing_fenyves_default_inhibitory,True,True,False,True,False,0.0,False
DD06__dBWMR24,DD06,dBWMR24,neuron_to_non_neuron_or_muscle,cook_si5_only,5.0,5.0,,Cook2019_SI5,,-,missing_fenyves_default_inhibitory,True,True,False,True,False,0.0,False
DVA__AIZL,DVA,AIZL,neuron_to_neuron,cook_si5_and_fenyves,5.0,5.0,5.0,Cook2019_SI5,-,-,fenyves_sign_prediction,True,True,True,True,True,3.0,True
DVA__AIZR,DVA,AIZR,neuron_to_neuron,cook_si5_and_fenyves,3.0,3.0,3.0,Cook2019_SI5,-,-,fenyves_sign_prediction,True,True,True,True,True,2.0,True
DVA__AQR,DVA,AQR,neuron_to_neuron,cook_si5_and_fenyves,6.0,6.0,6.0,Cook2019_SI5,no pred,-,fenyves_no_pred_default_inhibitory,True,True,True,True,True,5.0,True
DVA__AUAL,DVA,AUAL,neuron_to_neuron,cook_si5_and_fenyves,4.0,4.0,4.0,Cook2019_SI5,no pred,-,fenyves_no_pred_default_inhibitory,True,True,True,True,True,3.0,True
DVA__AUAR,DVA,AUAR,neuron_to_neuron,cook_si5_and_fenyves,8.0,8.0,8.0,Cook2019_SI5,no pred,-,fenyves_no_pred_default_inhibitory,True,True,True,True,True,4.0,True
DVA__AVAL,DVA,AVAL,neuron_to_neuron,cook_si5_and_fenyves,6.0,6.0,6.0,Cook2019_SI5,complex,complex,fenyves_sign_prediction,True,True,True,True,True,3.0,True
DVA__AVAR,DVA,AVAR,neuron_to_neuron,cook_si5_and_fenyves,2.0,2.0,2.0,Cook2019_SI5,complex,complex,fenyves_sign_prediction,True,True,True,True,True,1.0,True
DVA__AVBL,DVA,AVBL,neuron_to_neuron,cook_si5_and_fenyves,1.0,1.0,1.0,Cook2019_SI5,+,+,fenyves_sign_prediction,True,True,True,True,True,1.0,True
DVA__AVBR,DVA,AVBR,neuron_to_neuron,cook_si5_and_fenyves,1.0,1.0,1.0,Cook2019_SI5,+,+,fenyves_sign_prediction,True,True,True,True,True,1.0,True
DVA__AVDR,DVA,AVDR,neuron_to_neuron,cook_si5_and_fenyves,2.0,2.0,2.0,Cook2019_SI5,no pred,-,fenyves_no_pred_default_inhibitory,True,True,True,True,True,1.0,True
DVA__AVEL,DVA,AVEL,neuron_to_neuron,cook_si5_and_fenyves,19.0,19.0,19.0,Cook2019_SI5,-,-,fenyves_sign_prediction,True,True,True,True,True,9.0,True
DVA__AVER,DVA,AVER,neuron_to_neuron,cook_si5_and_fenyves,17.0,17.0,17.0,Cook2019_SI5,-,-,fenyves_sign_prediction,True,True,True,True,True,10.0,True
DVA__DA02,DVA,DA02,neuron_to_neuron,cook_si5_and_fenyves,1.0,1.0,1.0,Cook2019_SI5,+,+,fenyves_sign_prediction,True,True,True,True,True,1.0,True
DVA__DB02,DVA,DB02,neuron_to_neuron,cook_si5_and_fenyves,2.0,2.0,2.0,Cook2019_SI5,+,+,fenyves_sign_prediction,True,True,True,True,True,2.0,True
DVA__DB03,DVA,DB03,neuron_to_neuron,cook_si5_and_fenyves,3.0,3.0,3.0,Cook2019_SI5,+,+,fenyves_sign_prediction,True,True,True,True,True,3.0,True
DVA__DB04,DVA,DB04,neuron_to_neuron,cook_si5_and_fenyves,1.0,1.0,1.0,Cook2019_SI5,+,+,fenyves_sign_prediction,True,True,True,True,True,1.0,True
DVA__DB07,DVA,DB07,neuron_to_neuron,cook_si5_and_fenyves,1.0,1.0,1.0,Cook2019_SI5,+,+,fenyves_sign_prediction,True,True,True,True,True,2.0,True
DVA__PDEL,DVA,PDEL,neuron_to_neuron,cook_si5_only,2.0,2.0,,Cook2019_SI5,,-,missing_fenyves_default_inhibitory,True,True,True,True,False,2.0,True
DVA__PDER,DVA,PDER,neuron_to_neuron,fenyves_only,1.0,,1.0,Fenyves2020_only,-,-,fenyves_only_connection_with_sign,True,True,True,False,True,0.0,False
DVA__PVCL,DVA,PVCL,neuron_to_neuron,cook_si5_and_fenyves,4.0,4.0,4.0,Cook2019_SI5,+,+,fenyves_sign_prediction,True,True,True,True,True,4.0,True
DVA__PVCR,DVA,PVCR,neuron_to_neuron,cook_si5_and_fenyves,1.0,1.0,1.0,Cook2019_SI5,+,+,fenyves_sign_prediction,True,True,True,True,True,1.0,True
DVA__PVPR,DVA,PVPR,neuron_to_neuron,cook_si5_and_fenyves,3.0,3.0,3.0,Cook2019_SI5,no pred,-,fenyves_no_pred_default_inhibitory,True,True,True,True,True,2.0,True
DVA__PVR,DVA,PVR,neuron_to_neuron,cook_si5_and_fenyves,2.0,2.0,2.0,Cook2019_SI5,no pred,-,fenyves_no_pred_default_inhibitory,True,True,True,True,True,0.0,False
DVA__RIAL,DVA,RIAL,neuron_to_neuron,cook_si5_and_fenyves,3.0,3.0,3.0,Cook2019_SI5,-,-,fenyves_sign_prediction,True,True,True,True,True,1.0,True
DVA__RIAR,DVA,RIAR,neuron_to_neuron,cook_si5_and_fenyves,4.0,4.0,4.0,Cook2019_SI5,-,-,fenyves_sign_prediction,True,True,True,True,True,2.0,True
DVA__RIMR,DVA,RIMR,neuron_to_neuron,cook_si5_and_fenyves,5.0,5.0,5.0,Cook2019_SI5,complex,complex,fenyves_sign_prediction,True,True,True,True,True,1.0,True
DVA__RIR,DVA,RIR,neuron_to_neuron,cook_si5_and_fenyves,4.0,4.0,4.0,Cook2019_SI5,no pred,-,fenyves_no_pred_default_inhibitory,True,True,True,True,True,3.0,True
DVA__SAADR,DVA,SAADR,neuron_to_neuron,cook_si5_and_fenyves,5.0,5.0,5.0,Cook2019_SI5,complex,complex,fenyves_sign_prediction,True,True,True,True,True,1.0,True
DVA__SAAVL,DVA,SAAVL,neuron_to_neuron,cook_si5_and_fenyves,3.0,3.0,3.0,Cook2019_SI5,complex,complex,fenyves_sign_prediction,True,True,True,True,True,2.0,True
DVA__SAAVR,DVA,SAAVR,neuron_to_neuron,cook_si5_and_fenyves,1.0,1.0,1.0,Cook2019_SI5,complex,complex,fenyves_sign_prediction,True,True,True,True,True,1.0,True
DVA__SABD,DVA,SABD,neuron_to_neuron,cook_si5_and_fenyves,2.0,2.0,2.0,Cook2019_SI5,no pred,-,fenyves_no_pred_default_inhibitory,True,True,True,True,True,1.0,True
DVA__SMBDL,DVA,SMBDL,neuron_to_neuron,cook_si5_and_fenyves,6.0,6.0,6.0,Cook2019_SI5,-,-,fenyves_sign_prediction,True,True,True,True,True,4.0,True
DVA__SMBDR,DVA,SMBDR,neuron_to_neuron,cook_si5_and_fenyves,6.0,6.0,6.0,Cook2019_SI5,-,-,fenyves_sign_prediction,True,True,True,True,True,4.0,True
DVA__SMBVL,DVA,SMBVL,neuron_to_neuron,cook_si5_and_fenyves,5.0,5.0,5.0,Cook2019_SI5,-,-,fenyves_sign_prediction,True,True,True,True,True,3.0,True
DVA__SMBVR,DVA,SMBVR,neuron_to_neuron,cook_si5_and_fenyves,6.0,6.0,6.0,Cook2019_SI5,-,-,fenyves_sign_prediction,True,True,True,True,True,4.0,True
DVA__SMDVL,DVA,SMDVL,neuron_to_neuron,cook_si5_and_fenyves,1.0,1.0,1.0,Cook2019_SI5,complex,complex,fenyves_sign_prediction,True,True,True,True,True,1.0,True
DVA__URXL,DVA,URXL,neuron_to_neuron,cook_si5_and_fenyves,1.0,1.0,1.0,Cook2019_SI5,-,-,fenyves_sign_prediction,True,True,True,True,True,1.0,True
DVA__URYDL,DVA,URYDL,neuron_to_neuron,cook_si5_and_fenyves,3.0,3.0,3.0,Cook2019_SI5,no pred,-,fenyves_no_pred_default_inhibitory,True,True,True,True,True,1.0,True
DVA__VA02,DVA,VA02,neuron_to_neuron,cook_si5_and_fenyves,2.0,2.0,2.0,Cook2019_SI5,+,+,fenyves_sign_prediction,True,True,True,True,True,1.0,True
DVA__VA06,DVA,VA06,neuron_to_neuron,cook_si5_and_fenyves,1.0,1.0,1.0,Cook2019_SI5,+,+,fenyves_sign_prediction,True,True,True,True,True,1.0,True
DVA__VA08,DVA,VA08,neuron_to_neuron,cook_si5_and_fenyves,1.0,1.0,1.0,Cook2019_SI5,+,+,fenyves_sign_prediction,True,True,True,True,True,1.0,True
DVA__VA12,DVA,VA12,neuron_to_neuron,cook_si5_and_fenyves,1.0,1.0,1.0,Cook2019_SI5,+,+,fenyves_sign_prediction,True,True,True,True,True,1.0,True
DVA__VB01,DVA,VB01,neuron_to_neuron,cook_si5_and_fenyves,1.0,1.0,1.0,Cook2019_SI5,+,+,fenyves_sign_prediction,True,True,True,True,True,1.0,True
DVA__VB07,DVA,VB07,neuron_to_neuron,cook_si5_only,1.0,1.0,,Cook2019_SI5,,-,missing_fenyves_default_inhibitory,True,True,True,True,False,1.0,True
DVA__VB11,DVA,VB11,neuron_to_neuron,cook_si5_and_fenyves,2.0,2.0,2.0,Cook2019_SI5,+,+,fenyves_sign_prediction,True,True,True,True,True,2.0,True
DVA__hyp,DVA,hyp,neuron_to_non_neuron_or_muscle,cook_si5_only,1.0,1.0,,Cook2019_SI5,,-,missing_fenyves_default_inhibitory,True,True,False,True,False,3.0,True
DVA__vBWML22,DVA,vBWML22,neuron_to_non_neuron_or_muscle,cook_si5_only,2.0,2.0,,Cook2019_SI5,,-,missing_fenyves_default_inhibitory,True,True,False,True,False,1.0,True
DVB__AVL,DVB,AVL,neuron_to_neuron,cook_si5_and_fenyves,21.0,21.0,21.0,Cook2019_SI5,no pred,-,fenyves_no_pred_default_inhibitory,True,True,True,True,True,0.0,False
DVB__DA08,DVB,DA08,neuron_to_neuron,cook_si5_and_fenyves,10.0,10.0,10.0,Cook2019_SI5,complex,complex,fenyves_sign_prediction,True,True,True,True,True,4.0,True
DVB__DD06,DVB,DD06,neuron_to_neuron,cook_si5_and_fenyves,10.0,10.0,10.0,Cook2019_SI5,no pred,-,fenyves_no_pred_default_inhibitory,True,True,True,True,True,3.0,True
DVB__DVC,DVB,DVC,neuron_to_neuron,cook_si5_and_fenyves,5.0,5.0,5.0,Cook2019_SI5,no pred,-,fenyves_no_pred_default_inhibitory,True,True,True,True,True,3.0,True
DVB__PDA,DVB,PDA,neuron_to_neuron,cook_si5_and_fenyves,2.0,2.0,2.0,Cook2019_SI5,+,+,fenyves_sign_prediction,True,True,True,True,True,1.0,True
DVB__PHCL,DVB,PHCL,neuron_to_neuron,cook_si5_and_fenyves,2.0,2.0,2.0,Cook2019_SI5,no pred,-,fenyves_no_pred_default_inhibitory,True,True,True,True,True,1.0,True
DVB__PVPL,DVB,PVPL,neuron_to_neuron,cook_si5_and_fenyves,10.0,10.0,10.0,Cook2019_SI5,no pred,-,fenyves_no_pred_default_inhibitory,True,True,True,True,True,5.0,True
DVB__VD13,DVB,VD13,neuron_to_neuron,cook_si5_and_fenyves,1.0,1.0,1.0,Cook2019_SI5,no pred,-,fenyves_no_pred_default_inhibitory,True,True,True,True,True,1.0,True
DVB__hyp,DVB,hyp,neuron_to_non_neuron_or_muscle,cook_si5_only,12.0,12.0,,Cook2019_SI5,,-,missing_fenyves_default_inhibitory,True,True,False,True,False,2.0,True
DVB__int,DVB,int,neuron_to_non_neuron_or_muscle,cook_si5_only,13.0,13.0,,Cook2019_SI5,,-,missing_fenyves_default_inhibitory,True,True,False,True,False,0.0,False
DVB__mu_intL,DVB,mu_intL,neuron_to_non_neuron_or_muscle,cook_si5_only,3.0,3.0,,Cook2019_SI5,,-,missing_fenyves_default_inhibitory,True,True,False,True,False,0.0,False
DVB__mu_intR,DVB,mu_intR,neuron_to_non_neuron_or_muscle,cook_si5_only,1.0,1.0,,Cook2019_SI5,,-,missing_fenyves_default_inhibitory,True,True,False,True,False,0.0,False
DVC__AIBL,DVC,AIBL,neuron_to_neuron,cook_si5_and_fenyves,3.0,3.0,3.0,Cook2019_SI5,+,+,fenyves_sign_prediction,True,True,True,True,True,1.0,True
DVC__AIBR,DVC,AIBR,neuron_to_neuron,cook_si5_and_fenyves,3.0,3.0,3.0,Cook2019_SI5,+,+,fenyves_sign_prediction,True,True,True,True,True,3.0,True
DVC__AVAL,DVC,AVAL,neuron_to_neuron,cook_si5_and_fenyves,14.0,14.0,14.0,Cook2019_SI5,+,+,fenyves_sign_prediction,True,True,True,True,True,4.0,True
DVC__AVAR,DVC,AVAR,neuron_to_neuron,cook_si5_and_fenyves,16.0,16.0,16.0,Cook2019_SI5,+,+,fenyves_sign_prediction,True,True,True,True,True,6.0,True
DVC__AVBL,DVC,AVBL,neuron_to_neuron,cook_si5_and_fenyves,1.0,1.0,1.0,Cook2019_SI5,+,+,fenyves_sign_prediction,True,True,True,True,True,1.0,True
DVC__AVKL,DVC,AVKL,neuron_to_neuron,cook_si5_and_fenyves,2.0,2.0,2.0,Cook2019_SI5,+,+,fenyves_sign_prediction,True,True,True,True,True,2.0,True
DVC__CEPshVR,DVC,CEPshVR,neuron_to_non_neuron_or_muscle,cook_si5_only,2.0,2.0,,Cook2019_SI5,,-,missing_fenyves_default_inhibitory,True,True,False,True,False,1.0,True
DVC__PVDR,DVC,PVDR,neuron_to_neuron,cook_si5_and_fenyves,1.0,1.0,1.0,Cook2019_SI5,complex,complex,fenyves_sign_prediction,True,True,True,True,True,0.0,False
DVC__PVPL,DVC,PVPL,neuron_to_neuron,fenyves_only,4.0,,4.0,Fenyves2020_only,no pred,-,fenyves_no_pred_default_inhibitory,True,True,True,False,True,0.0,False
DVC__PVT,DVC,PVT,neuron_to_neuron,cook_si5_and_fenyves,1.0,1.0,1.0,Cook2019_SI5,no pred,-,fenyves_no_pred_default_inhibitory,True,True,True,True,True,1.0,True
DVC__RIBL,DVC,RIBL,neuron_to_neuron,cook_si5_and_fenyves,2.0,2.0,2.0,Cook2019_SI5,complex,complex,fenyves_sign_prediction,True,True,True,True,True,1.0,True
DVC__RIBR,DVC,RIBR,neuron_to_neuron,cook_si5_and_fenyves,6.0,6.0,6.0,Cook2019_SI5,complex,complex,fenyves_sign_prediction,True,True,True,True,True,3.0,True
DVC__RIGL,DVC,RIGL,neuron_to_neuron,cook_si5_and_fenyves,16.0,16.0,16.0,Cook2019_SI5,+,+,fenyves_sign_prediction,True,True,True,True,True,9.0,True
DVC__RIGR,DVC,RIGR,neuron_to_neuron,cook_si5_and_fenyves,13.0,13.0,13.0,Cook2019_SI5,+,+,fenyves_sign_prediction,True,True,True,True,True,6.0,True
DVC__RIVR,DVC,RIVR,neuron_to_neuron,cook_si5_and_fenyves,2.0,2.0,2.0,Cook2019_SI5,no pred,-,fenyves_no_pred_default_inhibitory,True,True,True,True,True,1.0,True
DVC__RMFL,DVC,RMFL,neuron_to_neuron,cook_si5_and_fenyves,14.0,14.0,14.0,Cook2019_SI5,+,+,fenyves_sign_prediction,True,True,True,True,True,7.0,True
DVC__RMFR,DVC,RMFR,neuron_to_neuron,cook_si5_and_fenyves,9.0,9.0,9.0,Cook2019_SI5,+,+,fenyves_sign_prediction,True,True,True,True,True,6.0,True
DVC__URAVL,DVC,URAVL,neuron_to_neuron,cook_si5_and_fenyves,1.0,1.0,1.0,Cook2019_SI5,+,+,fenyves_sign_prediction,True,True,True,True,True,1.0,True
DVC__VD09,DVC,VD09,neuron_to_neuron,cook_si5_and_fenyves,2.0,2.0,2.0,Cook2019_SI5,no pred,-,fenyves_no_pred_default_inhibitory,True,True,True,True,True,0.0,False
DVC__vBWMR20,DVC,vBWMR20,neuron_to_non_neuron_or_muscle,cook_si5_only,2.0,2.0,,Cook2019_SI5,,-,missing_fenyves_default_inhibitory,True,True,False,True,False,0.0,False
FLPL__ADEL,FLPL,ADEL,neuron_to_neuron,cook_si5_and_fenyves,22.0,22.0,22.0,Cook2019_SI5,no pred,-,fenyves_no_pred_default_inhibitory,True,True,True,True,True,3.0,True
FLPL__ADER,FLPL,ADER,neuron_to_neuron,cook_si5_and_fenyves,3.0,3.0,3.0,Cook2019_SI5,no pred,-,fenyves_no_pred_default_inhibitory,True,True,True,True,True,1.0,True
FLPL__AIBL,FLPL,AIBL,neuron_to_neuron,cook_si5_and_fenyves,3.0,3.0,3.0,Cook2019_SI5,+,+,fenyves_sign_prediction,True,True,True,True,True,1.0,True
FLPL__AIBR,FLPL,AIBR,neuron_to_neuron,cook_si5_and_fenyves,3.0,3.0,3.0,Cook2019_SI5,+,+,fenyves_sign_prediction,True,True,True,True,True,2.0,True
FLPL__AVAL,FLPL,AVAL,neuron_to_neuron,cook_si5_and_fenyves,33.0,33.0,33.0,Cook2019_SI5,+,+,fenyves_sign_prediction,True,True,True,True,True,14.0,True
FLPL__AVAR,FLPL,AVAR,neuron_to_neuron,cook_si5_and_fenyves,48.0,48.0,48.0,Cook2019_SI5,+,+,fenyves_sign_prediction,True,True,True,True,True,18.0,True
FLPL__AVBL,FLPL,AVBL,neuron_to_neuron,cook_si5_and_fenyves,22.0,22.0,22.0,Cook2019_SI5,+,+,fenyves_sign_prediction,True,True,True,True,True,3.0,True
FLPL__AVBR,FLPL,AVBR,neuron_to_neuron,cook_si5_and_fenyves,22.0,22.0,22.0,Cook2019_SI5,+,+,fenyves_sign_prediction,True,True,True,True,True,7.0,True
FLPL__AVDL,FLPL,AVDL,neuron_to_neuron,cook_si5_and_fenyves,30.0,30.0,30.0,Cook2019_SI5,+,+,fenyves_sign_prediction,True,True,True,True,True,5.0,True
FLPL__AVDR,FLPL,AVDR,neuron_to_neuron,cook_si5_and_fenyves,34.0,34.0,34.0,Cook2019_SI5,+,+,fenyves_sign_prediction,True,True,True,True,True,12.0,True
FLPL__DD01,FLPL,DD01,neuron_to_neuron,cook_si5_and_fenyves,6.0,6.0,6.0,Cook2019_SI5,no pred,-,fenyves_no_pred_default_inhibitory,True,True,True,True,True,1.0,True
FLPL__DVA,FLPL,DVA,neuron_to_neuron,cook_si5_and_fenyves,1.0,1.0,1.0,Cook2019_SI5,+,+,fenyves_sign_prediction,True,True,True,True,True,1.0,True
FLPL__FLPR,FLPL,FLPR,neuron_to_neuron,cook_si5_and_fenyves,2.0,2.0,2.0,Cook2019_SI5,+,+,fenyves_sign_prediction,True,True,True,True,True,2.0,True
FLPL__PVCR,FLPL,PVCR,neuron_to_neuron,cook_si5_and_fenyves,6.0,6.0,6.0,Cook2019_SI5,+,+,fenyves_sign_prediction,True,True,True,True,True,1.0,True
FLPL__RIS,FLPL,RIS,neuron_to_neuron,cook_si5_and_fenyves,1.0,1.0,1.0,Cook2019_SI5,complex,complex,fenyves_sign_prediction,True,True,True,True,True,1.0,True
FLPL__VA01,FLPL,VA01,neuron_to_neuron,cook_si5_and_fenyves,5.0,5.0,5.0,Cook2019_SI5,no pred,-,fenyves_no_pred_default_inhibitory,True,True,True,True,True,1.0,True
FLPL__hyp,FLPL,hyp,neuron_to_non_neuron_or_muscle,cook_si5_only,4.0,4.0,,Cook2019_SI5,,-,missing_fenyves_default_inhibitory,True,True,False,True,False,2.0,True
FLPR__ADAL,FLPR,ADAL,neuron_to_neuron,cook_si5_and_fenyves,1.0,1.0,1.0,Cook2019_SI5,no pred,-,fenyves_no_pred_default_inhibitory,True,True,True,True,True,1.0,True
FLPR__ADAR,FLPR,ADAR,neuron_to_neuron,cook_si5_and_fenyves,1.0,1.0,1.0,Cook2019_SI5,no pred,-,fenyves_no_pred_default_inhibitory,True,True,True,True,True,1.0,True
FLPR__ADER,FLPR,ADER,neuron_to_neuron,cook_si5_and_fenyves,6.0,6.0,6.0,Cook2019_SI5,no pred,-,fenyves_no_pred_default_inhibitory,True,True,True,True,True,2.0,True
FLPR__AVAL,FLPR,AVAL,neuron_to_neuron,cook_si5_and_fenyves,23.0,23.0,23.0,Cook2019_SI5,+,+,fenyves_sign_prediction,True,True,True,True,True,12.0,True
FLPR__AVAR,FLPR,AVAR,neuron_to_neuron,cook_si5_and_fenyves,10.0,10.0,10.0,Cook2019_SI5,+,+,fenyves_sign_prediction,True,True,True,True,True,4.0,True
FLPR__AVBL,FLPR,AVBL,neuron_to_neuron,cook_si5_and_fenyves,30.0,30.0,30.0,Cook2019_SI5,+,+,fenyves_sign_prediction,True,True,True,True,True,5.0,True
FLPR__AVBR,FLPR,AVBR,neuron_to_neuron,cook_si5_and_fenyves,11.0,11.0,11.0,Cook2019_SI5,+,+,fenyves_sign_prediction,True,True,True,True,True,5.0,True
FLPR__AVDL,FLPR,AVDL,neuron_to_neuron,cook_si5_and_fenyves,25.0,25.0,25.0,Cook2019_SI5,+,+,fenyves_sign_prediction,True,True,True,True,True,10.0,True
FLPR__AVDR,FLPR,AVDR,neuron_to_neuron,cook_si5_and_fenyves,8.0,8.0,8.0,Cook2019_SI5,+,+,fenyves_sign_prediction,True,True,True,True,True,3.0,True
FLPR__AVEL,FLPR,AVEL,neuron_to_neuron,cook_si5_and_fenyves,21.0,21.0,21.0,Cook2019_SI5,+,+,fenyves_sign_prediction,True,True,True,True,True,4.0,True
FLPR__AVER,FLPR,AVER,neuron_to_neuron,cook_si5_and_fenyves,7.0,7.0,7.0,Cook2019_SI5,+,+,fenyves_sign_prediction,True,True,True,True,True,4.0,True
FLPR__AVJL,FLPR,AVJL,neuron_to_neuron,cook_si5_and_fenyves,2.0,2.0,2.0,Cook2019_SI5,+,+,fenyves_sign_prediction,True,True,True,True,True,1.0,True
FLPR__AVJR,FLPR,AVJR,neuron_to_neuron,cook_si5_and_fenyves,2.0,2.0,2.0,Cook2019_SI5,+,+,fenyves_sign_prediction,True,True,True,True,True,1.0,True
FLPR__DVA,FLPR,DVA,neuron_to_neuron,cook_si5_and_fenyves,6.0,6.0,6.0,Cook2019_SI5,+,+,fenyves_sign_prediction,True,True,True,True,True,3.0,True
FLPR__FLPL,FLPR,FLPL,neuron_to_neuron,cook_si5_and_fenyves,14.0,14.0,14.0,Cook2019_SI5,+,+,fenyves_sign_prediction,True,True,True,True,True,8.0,True
FLPR__PVCL,FLPR,PVCL,neuron_to_neuron,cook_si5_and_fenyves,2.0,2.0,2.0,Cook2019_SI5,+,+,fenyves_sign_prediction,True,True,True,True,True,2.0,True
FLPR__VB01,FLPR,VB01,neuron_to_neuron,cook_si5_and_fenyves,1.0,1.0,1.0,Cook2019_SI5,+,+,fenyves_sign_prediction,True,True,True,True,True,1.0,True
FLPR__hyp,FLPR,hyp,neuron_to_non_neuron_or_muscle,cook_si5_only,3.0,3.0,,Cook2019_SI5,,-,missing_fenyves_default_inhibitory,True,True,False,True,False,2.0,True
HSNL__ADLL,HSNL,ADLL,neuron_to_neuron,cook_si5_and_fenyves,1.0,1.0,1.0,Cook2019_SI5,no pred,-,fenyves_no_pred_default_inhibitory,True,True,True,True,True,1.0,True
HSNL__ADLR,HSNL,ADLR,neuron_to_neuron,cook_si5_and_fenyves,1.0,1.0,1.0,Cook2019_SI5,no pred,-,fenyves_no_pred_default_inhibitory,True,True,True,True,True,1.0,True
HSNL__AIAL,HSNL,AIAL,neuron_to_neuron,cook_si5_and_fenyves,8.0,8.0,8.0,Cook2019_SI5,no pred,-,fenyves_no_pred_default_inhibitory,True,True,True,True,True,0.0,False
HSNL__AIMR,HSNL,AIMR,neuron_to_neuron,cook_si5_and_fenyves,2.0,2.0,2.0,Cook2019_SI5,no pred,-,fenyves_no_pred_default_inhibitory,True,True,True,True,True,1.0,True
HSNL__AIZL,HSNL,AIZL,neuron_to_neuron,cook_si5_and_fenyves,6.0,6.0,6.0,Cook2019_SI5,-,-,fenyves_sign_prediction,True,True,True,True,True,3.0,True
HSNL__AIZR,HSNL,AIZR,neuron_to_neuron,cook_si5_and_fenyves,3.0,3.0,3.0,Cook2019_SI5,-,-,fenyves_sign_prediction,True,True,True,True,True,2.0,True
HSNL__ASHL,HSNL,ASHL,neuron_to_neuron,cook_si5_and_fenyves,3.0,3.0,3.0,Cook2019_SI5,no pred,-,fenyves_no_pred_default_inhibitory,True,True,True,True,True,1.0,True
HSNL__ASHR,HSNL,ASHR,neuron_to_neuron,cook_si5_and_fenyves,1.0,1.0,1.0,Cook2019_SI5,no pred,-,fenyves_no_pred_default_inhibitory,True,True,True,True,True,1.0,True
HSNL__ASJR,HSNL,ASJR,neuron_to_neuron,cook_si5_and_fenyves,2.0,2.0,2.0,Cook2019_SI5,no pred,-,fenyves_no_pred_default_inhibitory,True,True,True,True,True,1.0,True
HSNL__ASKL,HSNL,ASKL,neuron_to_neuron,cook_si5_and_fenyves,3.0,3.0,3.0,Cook2019_SI5,no pred,-,fenyves_no_pred_default_inhibitory,True,True,True,True,True,2.0,True
HSNL__ASKR,HSNL,ASKR,neuron_to_neuron,cook_si5_and_fenyves,2.0,2.0,2.0,Cook2019_SI5,no pred,-,fenyves_no_pred_default_inhibitory,True,True,True,True,True,1.0,True
HSNL__AVFL,HSNL,AVFL,neuron_to_neuron,cook_si5_and_fenyves,11.0,11.0,11.0,Cook2019_SI5,no pred,-,fenyves_no_pred_default_inhibitory,True,True,True,True,True,7.0,True
HSNL__AVFR,HSNL,AVFR,neuron_to_neuron,cook_si5_and_fenyves,4.0,4.0,4.0,Cook2019_SI5,no pred,-,fenyves_no_pred_default_inhibitory,True,True,True,True,True,3.0,True
HSNL__AVJL,HSNL,AVJL,neuron_to_neuron,cook_si5_and_fenyves,3.0,3.0,3.0,Cook2019_SI5,no pred,-,fenyves_no_pred_default_inhibitory,True,True,True,True,True,2.0,True
HSNL__AWAR,HSNL,AWAR,neuron_to_neuron,cook_si5_and_fenyves,3.0,3.0,3.0,Cook2019_SI5,no pred,-,fenyves_no_pred_default_inhibitory,True,True,True,True,True,2.0,True
HSNL__AWBL,HSNL,AWBL,neuron_to_neuron,cook_si5_and_fenyves,5.0,5.0,5.0,Cook2019_SI5,no pred,-,fenyves_no_pred_default_inhibitory,True,True,True,True,True,2.0,True
HSNL__AWBR,HSNL,AWBR,neuron_to_neuron,cook_si5_and_fenyves,3.0,3.0,3.0,Cook2019_SI5,no pred,-,fenyves_no_pred_default_inhibitory,True,True,True,True,True,2.0,True
HSNL__HSNL,HSNL,HSNL,neuron_to_neuron,cook_si5_and_fenyves,1.0,1.0,1.0,Cook2019_SI5,+,+,fenyves_sign_prediction,True,True,True,True,True,1.0,True
HSNL__HSNR,HSNL,HSNR,neuron_to_neuron,cook_si5_and_fenyves,5.0,5.0,5.0,Cook2019_SI5,+,+,fenyves_sign_prediction,True,True,True,True,True,3.0,True
HSNL__PVQL,HSNL,PVQL,neuron_to_neuron,cook_si5_and_fenyves,1.0,1.0,1.0,Cook2019_SI5,+,+,fenyves_sign_prediction,True,True,True,True,True,1.0,True
HSNL__RIFL,HSNL,RIFL,neuron_to_neuron,cook_si5_and_fenyves,9.0,9.0,9.0,Cook2019_SI5,no pred,-,fenyves_no_pred_default_inhibitory,True,True,True,True,True,4.0,True
HSNL__RIML,HSNL,RIML,neuron_to_neuron,cook_si5_and_fenyves,4.0,4.0,4.0,Cook2019_SI5,complex,complex,fenyves_sign_prediction,True,True,True,True,True,2.0,True
HSNL__RIR,HSNL,RIR,neuron_to_neuron,cook_si5_and_fenyves,3.0,3.0,3.0,Cook2019_SI5,no pred,-,fenyves_no_pred_default_inhibitory,True,True,True,True,True,1.0,True
HSNL__RMGR,HSNL,RMGR,neuron_to_neuron,cook_si5_and_fenyves,1.0,1.0,1.0,Cook2019_SI5,no pred,-,fenyves_no_pred_default_inhibitory,True,True,True,True,True,1.0,True
HSNL__VC05,HSNL,VC05,neuron_to_neuron,cook_si5_and_fenyves,9.0,9.0,9.0,Cook2019_SI5,+,+,fenyves_sign_prediction,True,True,True,True,True,7.0,True
HSNL__hyp,HSNL,hyp,neuron_to_non_neuron_or_muscle,cook_si5_only,1.0,1.0,,Cook2019_SI5,,-,missing_fenyves_default_inhibitory,True,True,False,True,False,1.0,True
HSNL__vBWML11,HSNL,vBWML11,neuron_to_non_neuron_or_muscle,cook_si5_only,1.0,1.0,,Cook2019_SI5,,-,missing_fenyves_default_inhibitory,True,True,False,True,False,0.0,False
HSNL__vBWML15,HSNL,vBWML15,neuron_to_non_neuron_or_muscle,cook_si5_only,3.0,3.0,,Cook2019_SI5,,-,missing_fenyves_default_inhibitory,True,True,False,True,False,0.0,False
HSNL__vBWML16,HSNL,vBWML16,neuron_to_non_neuron_or_muscle,cook_si5_only,1.0,1.0,,Cook2019_SI5,,-,missing_fenyves_default_inhibitory,True,True,False,True,False,0.0,False
HSNL__vBWMR11,HSNL,vBWMR11,neuron_to_non_neuron_or_muscle,cook_si5_only,1.0,1.0,,Cook2019_SI5,,-,missing_fenyves_default_inhibitory,True,True,False,True,False,1.0,True
HSNL__vm2AL,HSNL,vm2AL,neuron_to_non_neuron_or_muscle,cook_si5_only,6.0,6.0,,Cook2019_SI5,,-,missing_fenyves_default_inhibitory,True,True,False,True,False,0.0,False
HSNL__vm2AR,HSNL,vm2AR,neuron_to_non_neuron_or_muscle,cook_si5_only,6.0,6.0,,Cook2019_SI5,,-,missing_fenyves_default_inhibitory,True,True,False,True,False,0.0,False
HSNL__vm2PL,HSNL,vm2PL,neuron_to_non_neuron_or_muscle,cook_si5_only,6.0,6.0,,Cook2019_SI5,,-,missing_fenyves_default_inhibitory,True,True,False,True,False,0.0,False
HSNL__vm2PR,HSNL,vm2PR,neuron_to_non_neuron_or_muscle,cook_si5_only,6.0,6.0,,Cook2019_SI5,,-,missing_fenyves_default_inhibitory,True,True,False,True,False,0.0,False
HSNR__AIAL,HSNR,AIAL,neuron_to_neuron,cook_si5_and_fenyves,3.0,3.0,3.0,Cook2019_SI5,no pred,-,fenyves_no_pred_default_inhibitory,True,True,True,True,True,0.0,False
HSNR__AIBL,HSNR,AIBL,neuron_to_neuron,cook_si5_and_fenyves,2.0,2.0,2.0,Cook2019_SI5,-,-,fenyves_sign_prediction,True,True,True,True,True,1.0,True
HSNR__AIZL,HSNR,AIZL,neuron_to_neuron,cook_si5_and_fenyves,3.0,3.0,3.0,Cook2019_SI5,-,-,fenyves_sign_prediction,True,True,True,True,True,2.0,True
HSNR__AIZR,HSNR,AIZR,neuron_to_neuron,cook_si5_and_fenyves,1.0,1.0,1.0,Cook2019_SI5,-,-,fenyves_sign_prediction,True,True,True,True,True,1.0,True
HSNR__AS05,HSNR,AS05,neuron_to_neuron,cook_si5_and_fenyves,2.0,2.0,2.0,Cook2019_SI5,+,+,fenyves_sign_prediction,True,True,True,True,True,1.0,True
HSNR__ASHL,HSNR,ASHL,neuron_to_neuron,cook_si5_and_fenyves,4.0,4.0,4.0,Cook2019_SI5,no pred,-,fenyves_no_pred_default_inhibitory,True,True,True,True,True,3.0,True
HSNR__AVBR,HSNR,AVBR,neuron_to_neuron,fenyves_only,1.0,,1.0,Fenyves2020_only,+,+,fenyves_only_connection_with_sign,True,True,True,False,True,0.0,False
HSNR__AVDR,HSNR,AVDR,neuron_to_neuron,cook_si5_and_fenyves,1.0,1.0,1.0,Cook2019_SI5,no pred,-,fenyves_no_pred_default_inhibitory,True,True,True,True,True,1.0,True
HSNR__AVEL,HSNR,AVEL,neuron_to_neuron,cook_si5_only,1.0,1.0,,Cook2019_SI5,,-,missing_fenyves_default_inhibitory,True,True,True,True,False,1.0,True
HSNR__AVER,HSNR,AVER,neuron_to_neuron,cook_si5_and_fenyves,1.0,1.0,1.0,Cook2019_SI5,-,-,fenyves_sign_prediction,True,True,True,True,True,1.0,True
HSNR__AVFL,HSNR,AVFL,neuron_to_neuron,cook_si5_and_fenyves,4.0,4.0,4.0,Cook2019_SI5,no pred,-,fenyves_no_pred_default_inhibitory,True,True,True,True,True,3.0,True
HSNR__AVFR,HSNR,AVFR,neuron_to_neuron,cook_si5_and_fenyves,2.0,2.0,2.0,Cook2019_SI5,no pred,-,fenyves_no_pred_default_inhibitory,True,True,True,True,True,1.0,True
HSNR__AVHL,HSNR,AVHL,neuron_to_neuron,cook_si5_and_fenyves,2.0,2.0,2.0,Cook2019_SI5,no pred,-,fenyves_no_pred_default_inhibitory,True,True,True,True,True,1.0,True
HSNR__AVHR,HSNR,AVHR,neuron_to_neuron,cook_si5_and_fenyves,2.0,2.0,2.0,Cook2019_SI5,no pred,-,fenyves_no_pred_default_inhibitory,True,True,True,True,True,1.0,True
HSNR__AVJL,HSNR,AVJL,neuron_to_neuron,cook_si5_and_fenyves,3.0,3.0,3.0,Cook2019_SI5,no pred,-,fenyves_no_pred_default_inhibitory,True,True,True,True,True,2.0,True
HSNR__AWBL,HSNR,AWBL,neuron_to_neuron,cook_si5_and_fenyves,2.0,2.0,2.0,Cook2019_SI5,no pred,-,fenyves_no_pred_default_inhibitory,True,True,True,True,True,1.0,True
HSNR__BDUR,HSNR,BDUR,neuron_to_neuron,cook_si5_and_fenyves,2.0,2.0,2.0,Cook2019_SI5,no pred,-,fenyves_no_pred_default_inhibitory,True,True,True,True,True,1.0,True
HSNR__DA05,HSNR,DA05,neuron_to_neuron,cook_si5_and_fenyves,2.0,2.0,2.0,Cook2019_SI5,+,+,fenyves_sign_prediction,True,True,True,True,True,1.0,True
HSNR__DA06,HSNR,DA06,neuron_to_neuron,cook_si5_and_fenyves,1.0,1.0,1.0,Cook2019_SI5,+,+,fenyves_sign_prediction,True,True,True,True,True,1.0,True
HSNR__DB05,HSNR,DB05,neuron_to_neuron,cook_si5_only,1.0,1.0,,Cook2019_SI5,,-,missing_fenyves_default_inhibitory,True,True,True,True,False,0.0,False
HSNR__HSNL,HSNR,HSNL,neuron_to_neuron,cook_si5_and_fenyves,1.0,1.0,1.0,Cook2019_SI5,+,+,fenyves_sign_prediction,True,True,True,True,True,1.0,True
HSNR__PVNR,HSNR,PVNR,neuron_to_neuron,cook_si5_and_fenyves,2.0,2.0,2.0,Cook2019_SI5,+,+,fenyves_sign_prediction,True,True,True,True,True,2.0,True
HSNR__PVPR,HSNR,PVPR,neuron_to_neuron,cook_si5_and_fenyves,1.0,1.0,1.0,Cook2019_SI5,no pred,-,fenyves_no_pred_default_inhibitory,True,True,True,True,True,1.0,True
HSNR__PVQR,HSNR,PVQR,neuron_to_neuron,cook_si5_and_fenyves,1.0,1.0,1.0,Cook2019_SI5,+,+,fenyves_sign_prediction,True,True,True,True,True,1.0,True
HSNR__PVT,HSNR,PVT,neuron_to_neuron,cook_si5_and_fenyves,1.0,1.0,1.0,Cook2019_SI5,+,+,fenyves_sign_prediction,True,True,True,True,True,1.0,True
HSNR__RIFR,HSNR,RIFR,neuron_to_neuron,cook_si5_and_fenyves,6.0,6.0,6.0,Cook2019_SI5,no pred,-,fenyves_no_pred_default_inhibitory,True,True,True,True,True,4.0,True
HSNR__RIML,HSNR,RIML,neuron_to_neuron,cook_si5_and_fenyves,1.0,1.0,1.0,Cook2019_SI5,complex,complex,fenyves_sign_prediction,True,True,True,True,True,1.0,True
HSNR__RIMR,HSNR,RIMR,neuron_to_neuron,cook_si5_and_fenyves,1.0,1.0,1.0,Cook2019_SI5,complex,complex,fenyves_sign_prediction,True,True,True,True,True,1.0,True
HSNR__RMDDR,HSNR,RMDDR,neuron_to_neuron,cook_si5_and_fenyves,1.0,1.0,1.0,Cook2019_SI5,-,-,fenyves_sign_prediction,True,True,True,True,True,1.0,True
HSNR__RMGR,HSNR,RMGR,neuron_to_neuron,cook_si5_and_fenyves,1.0,1.0,1.0,Cook2019_SI5,no pred,-,fenyves_no_pred_default_inhibitory,True,True,True,True,True,1.0,True
HSNR__SABD,HSNR,SABD,neuron_to_neuron,cook_si5_and_fenyves,1.0,1.0,1.0,Cook2019_SI5,no pred,-,fenyves_no_pred_default_inhibitory,True,True,True,True,True,1.0,True
HSNR__SABVR,HSNR,SABVR,neuron_to_neuron,cook_si5_and_fenyves,1.0,1.0,1.0,Cook2019_SI5,no pred,-,fenyves_no_pred_default_inhibitory,True,True,True,True,True,1.0,True
HSNR__VA06,HSNR,VA06,neuron_to_neuron,cook_si5_and_fenyves,2.0,2.0,2.0,Cook2019_SI5,+,+,fenyves_sign_prediction,True,True,True,True,True,1.0,True
HSNR__VC02,HSNR,VC02,neuron_to_neuron,cook_si5_and_fenyves,6.0,6.0,6.0,Cook2019_SI5,+,+,fenyves_sign_prediction,True,True,True,True,True,2.0,True
HSNR__VC03,HSNR,VC03,neuron_to_neuron,cook_si5_and_fenyves,1.0,1.0,1.0,Cook2019_SI5,+,+,fenyves_sign_prediction,True,True,True,True,True,1.0,True
HSNR__VC04,HSNR,VC04,neuron_to_neuron,cook_si5_and_fenyves,1.0,1.0,1.0,Cook2019_SI5,+,+,fenyves_sign_prediction,True,True,True,True,True,1.0,True
HSNR__VC05,HSNR,VC05,neuron_to_neuron,cook_si5_and_fenyves,2.0,2.0,2.0,Cook2019_SI5,+,+,fenyves_sign_prediction,True,True,True,True,True,2.0,True
HSNR__vBWMR10,HSNR,vBWMR10,neuron_to_non_neuron_or_muscle,cook_si5_only,4.0,4.0,,Cook2019_SI5,,-,missing_fenyves_default_inhibitory,True,True,False,True,False,1.0,True
HSNR__vBWMR15,HSNR,vBWMR15,neuron_to_non_neuron_or_muscle,cook_si5_only,1.0,1.0,,Cook2019_SI5,,-,missing_fenyves_default_inhibitory,True,True,False,True,False,0.0,False
HSNR__vBWMR16,HSNR,vBWMR16,neuron_to_non_neuron_or_muscle,cook_si5_only,2.0,2.0,,Cook2019_SI5,,-,missing_fenyves_default_inhibitory,True,True,False,True,False,0.0,False
HSNR__vBWMR9,HSNR,vBWMR9,neuron_to_non_neuron_or_muscle,cook_si5_only,1.0,1.0,,Cook2019_SI5,,-,missing_fenyves_default_inhibitory,True,True,False,True,False,1.0,True
HSNR__vm2AL,HSNR,vm2AL,neuron_to_non_neuron_or_muscle,cook_si5_only,6.0,6.0,,Cook2019_SI5,,-,missing_fenyves_default_inhibitory,True,True,False,True,False,0.0,False
HSNR__vm2AR,HSNR,vm2AR,neuron_to_non_neuron_or_muscle,cook_si5_only,6.0,6.0,,Cook2019_SI5,,-,missing_fenyves_default_inhibitory,True,True,False,True,False,0.0,False
HSNR__vm2PL,HSNR,vm2PL,neuron_to_non_neuron_or_muscle,cook_si5_only,6.0,6.0,,Cook2019_SI5,,-,missing_fenyves_default_inhibitory,True,True,False,True,False,0.0,False
HSNR__vm2PR,HSNR,vm2PR,neuron_to_non_neuron_or_muscle,cook_si5_only,6.0,6.0,,Cook2019_SI5,,-,missing_fenyves_default_inhibitory,True,True,False,True,False,0.0,False
I1L__I2L,I1L,I2L,neuron_to_neuron,cook_si5_and_fenyves,10.0,10.0,10.0,Cook2019_SI5,no pred,-,fenyves_no_pred_default_inhibitory,True,True,True,True,True,8.0,True
I1L__I3,I1L,I3,neuron_to_neuron,cook_si5_and_fenyves,3.0,3.0,3.0,Cook2019_SI5,no pred,-,fenyves_no_pred_default_inhibitory,True,True,True,True,True,1.0,True
I1L__I5,I1L,I5,neuron_to_neuron,cook_si5_and_fenyves,2.0,2.0,2.0,Cook2019_SI5,+,+,fenyves_sign_prediction,True,True,True,True,True,0.0,False
I1L__I6,I1L,I6,neuron_to_neuron,cook_si5_and_fenyves,1.0,1.0,1.0,Cook2019_SI5,no pred,-,fenyves_no_pred_default_inhibitory,True,True,True,True,True,0.0,False
I1L__M2L,I1L,M2L,neuron_to_neuron,cook_si5_and_fenyves,3.0,3.0,3.0,Cook2019_SI5,no pred,-,fenyves_no_pred_default_inhibitory,True,True,True,True,True,1.0,True
I1L__M3L,I1L,M3L,neuron_to_neuron,cook_si5_and_fenyves,8.0,8.0,8.0,Cook2019_SI5,no pred,-,fenyves_no_pred_default_inhibitory,True,True,True,True,True,5.0,True
I1L__M3R,I1L,M3R,neuron_to_neuron,cook_si5_and_fenyves,2.0,2.0,2.0,Cook2019_SI5,no pred,-,fenyves_no_pred_default_inhibitory,True,True,True,True,True,3.0,True
I1L__MCL,I1L,MCL,neuron_to_neuron,cook_si5_and_fenyves,2.0,2.0,2.0,Cook2019_SI5,no pred,-,fenyves_no_pred_default_inhibitory,True,True,True,True,True,3.0,True
I1L__MCR,I1L,MCR,neuron_to_neuron,cook_si5_and_fenyves,2.0,2.0,2.0,Cook2019_SI5,no pred,-,fenyves_no_pred_default_inhibitory,True,True,True,True,True,3.0,True
I1L__MI,I1L,MI,neuron_to_neuron,cook_si5_and_fenyves,2.0,2.0,2.0,Cook2019_SI5,no pred,-,fenyves_no_pred_default_inhibitory,True,True,True,True,True,1.0,True
I1L__NSML,I1L,NSML,neuron_to_neuron,cook_si5_and_fenyves,3.0,3.0,3.0,Cook2019_SI5,no pred,-,fenyves_no_pred_default_inhibitory,True,True,True,True,True,3.0,True
I1L__pm1,I1L,pm1,neuron_to_non_neuron_or_muscle,cook_si5_only,2.0,2.0,,Cook2019_SI5,,-,missing_fenyves_default_inhibitory,True,True,False,True,False,2.0,True
I1L__pm3VL,I1L,pm3VL,neuron_to_non_neuron_or_muscle,cook_si5_only,7.0,7.0,,Cook2019_SI5,,-,missing_fenyves_default_inhibitory,True,True,False,True,False,6.0,True
I1L__pm4D,I1L,pm4D,neuron_to_non_neuron_or_muscle,cook_si5_only,1.0,1.0,,Cook2019_SI5,,-,missing_fenyves_default_inhibitory,True,True,False,True,False,1.0,True
I1L__pm4VL,I1L,pm4VL,neuron_to_non_neuron_or_muscle,cook_si5_only,2.0,2.0,,Cook2019_SI5,,-,missing_fenyves_default_inhibitory,True,True,False,True,False,2.0,True
I1R__I2R,I1R,I2R,neuron_to_neuron,cook_si5_and_fenyves,6.0,6.0,6.0,Cook2019_SI5,no pred,-,fenyves_no_pred_default_inhibitory,True,True,True,True,True,4.0,True
I1R__I3,I1R,I3,neuron_to_neuron,cook_si5_and_fenyves,1.0,1.0,1.0,Cook2019_SI5,no pred,-,fenyves_no_pred_default_inhibitory,True,True,True,True,True,6.0,True
I1R__I5,I1R,I5,neuron_to_neuron,cook_si5_and_fenyves,2.0,2.0,2.0,Cook2019_SI5,+,+,fenyves_sign_prediction,True,True,True,True,True,0.0,False
I1R__M1,I1R,M1,neuron_to_neuron,cook_si5_and_fenyves,1.0,1.0,1.0,Cook2019_SI5,no pred,-,fenyves_no_pred_default_inhibitory,True,True,True,True,True,3.0,True
I1R__M2L,I1R,M2L,neuron_to_neuron,cook_si5_and_fenyves,1.0,1.0,1.0,Cook2019_SI5,no pred,-,fenyves_no_pred_default_inhibitory,True,True,True,True,True,1.0,True
I1R__M2R,I1R,M2R,neuron_to_neuron,cook_si5_and_fenyves,3.0,3.0,3.0,Cook2019_SI5,no pred,-,fenyves_no_pred_default_inhibitory,True,True,True,True,True,1.0,True
I1R__M3L,I1R,M3L,neuron_to_neuron,cook_si5_and_fenyves,1.0,1.0,1.0,Cook2019_SI5,no pred,-,fenyves_no_pred_default_inhibitory,True,True,True,True,True,1.0,True
I1R__M3R,I1R,M3R,neuron_to_neuron,cook_si5_and_fenyves,6.0,6.0,6.0,Cook2019_SI5,no pred,-,fenyves_no_pred_default_inhibitory,True,True,True,True,True,6.0,True
I1R__MCL,I1R,MCL,neuron_to_neuron,cook_si5_and_fenyves,3.0,3.0,3.0,Cook2019_SI5,no pred,-,fenyves_no_pred_default_inhibitory,True,True,True,True,True,0.0,False
I1R__MCR,I1R,MCR,neuron_to_neuron,cook_si5_and_fenyves,4.0,4.0,4.0,Cook2019_SI5,no pred,-,fenyves_no_pred_default_inhibitory,True,True,True,True,True,3.0,True
I1R__MI,I1R,MI,neuron_to_neuron,cook_si5_and_fenyves,1.0,1.0,1.0,Cook2019_SI5,no pred,-,fenyves_no_pred_default_inhibitory,True,True,True,True,True,1.0,True
I1R__NSML,I1R,NSML,neuron_to_neuron,cook_si5_and_fenyves,1.0,1.0,1.0,Cook2019_SI5,no pred,-,fenyves_no_pred_default_inhibitory,True,True,True,True,True,0.0,False
I1R__NSMR,I1R,NSMR,neuron_to_neuron,cook_si5_and_fenyves,2.0,2.0,2.0,Cook2019_SI5,no pred,-,fenyves_no_pred_default_inhibitory,True,True,True,True,True,2.0,True
I1R__pm1,I1R,pm1,neuron_to_non_neuron_or_muscle,cook_si5_only,2.0,2.0,,Cook2019_SI5,,-,missing_fenyves_default_inhibitory,True,True,False,True,False,2.0,True
I1R__pm3D,I1R,pm3D,neuron_to_non_neuron_or_muscle,cook_si5_only,2.0,2.0,,Cook2019_SI5,,-,missing_fenyves_default_inhibitory,True,True,False,True,False,2.0,True
I1R__pm3VR,I1R,pm3VR,neuron_to_non_neuron_or_muscle,cook_si5_only,5.0,5.0,,Cook2019_SI5,,-,missing_fenyves_default_inhibitory,True,True,False,True,False,4.0,True
I1R__pm4D,I1R,pm4D,neuron_to_non_neuron_or_muscle,cook_si5_only,1.0,1.0,,Cook2019_SI5,,-,missing_fenyves_default_inhibitory,True,True,False,True,False,1.0,True
I1R__pm4VR,I1R,pm4VR,neuron_to_non_neuron_or_muscle,cook_si5_only,2.0,2.0,,Cook2019_SI5,,-,missing_fenyves_default_inhibitory,True,True,False,True,False,2.0,True
I1R__pm5D,I1R,pm5D,neuron_to_non_neuron_or_muscle,cook_si5_only,2.0,2.0,,Cook2019_SI5,,-,missing_fenyves_default_inhibitory,True,True,False,True,False,2.0,True
I1R__pm5VR,I1R,pm5VR,neuron_to_non_neuron_or_muscle,cook_si5_only,1.0,1.0,,Cook2019_SI5,,-,missing_fenyves_default_inhibitory,True,True,False,True,False,0.0,False
I2L__I1L,I2L,I1L,neuron_to_neuron,cook_si5_and_fenyves,2.0,2.0,2.0,Cook2019_SI5,complex,complex,fenyves_sign_prediction,True,True,True,True,True,2.0,True
I2L__I2R,I2L,I2R,neuron_to_neuron,cook_si5_and_fenyves,3.0,3.0,3.0,Cook2019_SI5,+,+,fenyves_sign_prediction,True,True,True,True,True,0.0,False
I2L__I4,I2L,I4,neuron_to_neuron,cook_si5_and_fenyves,13.0,13.0,13.0,Cook2019_SI5,no pred,-,fenyves_no_pred_default_inhibitory,True,True,True,True,True,2.0,True
I2L__I5,I2L,I5,neuron_to_neuron,cook_si5_and_fenyves,2.0,2.0,2.0,Cook2019_SI5,no pred,-,fenyves_no_pred_default_inhibitory,True,True,True,True,True,0.0,False
I2L__I6,I2L,I6,neuron_to_neuron,cook_si5_only,2.0,2.0,,Cook2019_SI5,,-,missing_fenyves_default_inhibitory,True,True,True,True,False,2.0,True
I2L__M1,I2L,M1,neuron_to_neuron,cook_si5_and_fenyves,1.0,1.0,1.0,Cook2019_SI5,+,+,fenyves_sign_prediction,True,True,True,True,True,0.0,False
I2L__M3R,I2L,M3R,neuron_to_neuron,cook_si5_only,3.0,3.0,,Cook2019_SI5,,-,missing_fenyves_default_inhibitory,True,True,True,True,False,1.0,True
I2L__M4,I2L,M4,neuron_to_neuron,cook_si5_only,4.0,4.0,,Cook2019_SI5,,-,missing_fenyves_default_inhibitory,True,True,True,True,False,2.0,True
I2L__NSML,I2L,NSML,neuron_to_neuron,cook_si5_and_fenyves,14.0,14.0,14.0,Cook2019_SI5,+,+,fenyves_sign_prediction,True,True,True,True,True,6.0,True
I2L__NSMR,I2L,NSMR,neuron_to_neuron,cook_si5_and_fenyves,24.0,24.0,24.0,Cook2019_SI5,+,+,fenyves_sign_prediction,True,True,True,True,True,3.0,True
I2L__e3VL,I2L,e3VL,neuron_to_non_neuron_or_muscle,cook_si5_only,1.0,1.0,,Cook2019_SI5,,-,missing_fenyves_default_inhibitory,True,True,False,True,False,1.0,True
I2L__pm3VL,I2L,pm3VL,neuron_to_non_neuron_or_muscle,cook_si5_only,1.0,1.0,,Cook2019_SI5,,-,missing_fenyves_default_inhibitory,True,True,False,True,False,1.0,True
I2L__pm4VL,I2L,pm4VL,neuron_to_non_neuron_or_muscle,cook_si5_only,2.0,2.0,,Cook2019_SI5,,-,missing_fenyves_default_inhibitory,True,True,False,True,False,1.0,True
I2L__pm5D,I2L,pm5D,neuron_to_non_neuron_or_muscle,cook_si5_only,1.0,1.0,,Cook2019_SI5,,-,missing_fenyves_default_inhibitory,True,True,False,True,False,0.0,False
I2L__pm5VL,I2L,pm5VL,neuron_to_non_neuron_or_muscle,cook_si5_only,2.0,2.0,,Cook2019_SI5,,-,missing_fenyves_default_inhibitory,True,True,False,True,False,0.0,False
I2L__pm5VR,I2L,pm5VR,neuron_to_non_neuron_or_muscle,cook_si5_only,1.0,1.0,,Cook2019_SI5,,-,missing_fenyves_default_inhibitory,True,True,False,True,False,0.0,False
I2R__I1R,I2R,I1R,neuron_to_neuron,cook_si5_and_fenyves,1.0,1.0,1.0,Cook2019_SI5,complex,complex,fenyves_sign_prediction,True,True,True,True,True,1.0,True
I2R__I2L,I2R,I2L,neuron_to_neuron,cook_si5_and_fenyves,3.0,3.0,3.0,Cook2019_SI5,+,+,fenyves_sign_prediction,True,True,True,True,True,0.0,False
I2R__I4,I2R,I4,neuron_to_neuron,cook_si5_and_fenyves,20.0,20.0,20.0,Cook2019_SI5,no pred,-,fenyves_no_pred_default_inhibitory,True,True,True,True,True,6.0,True
I2R__I5,I2R,I5,neuron_to_neuron,cook_si5_and_fenyves,2.0,2.0,2.0,Cook2019_SI5,no pred,-,fenyves_no_pred_default_inhibitory,True,True,True,True,True,0.0,False
I2R__I6,I2R,I6,neuron_to_neuron,cook_si5_only,3.0,3.0,,Cook2019_SI5,,-,missing_fenyves_default_inhibitory,True,True,True,True,False,0.0,False
I2R__M1,I2R,M1,neuron_to_neuron,cook_si5_and_fenyves,3.0,3.0,3.0,Cook2019_SI5,+,+,fenyves_sign_prediction,True,True,True,True,True,0.0,False
I2R__M2R,I2R,M2R,neuron_to_neuron,cook_si5_and_fenyves,2.0,2.0,2.0,Cook2019_SI5,-,-,fenyves_sign_prediction,True,True,True,True,True,0.0,False
I2R__M3R,I2R,M3R,neuron_to_neuron,cook_si5_and_fenyves,2.0,2.0,2.0,Cook2019_SI5,+,+,fenyves_sign_prediction,True,True,True,True,True,0.0,False
I2R__M4,I2R,M4,neuron_to_neuron,cook_si5_and_fenyves,3.0,3.0,3.0,Cook2019_SI5,+,+,fenyves_sign_prediction,True,True,True,True,True,0.0,False
I2R__MCL,I2R,MCL,neuron_to_neuron,cook_si5_and_fenyves,1.0,1.0,1.0,Cook2019_SI5,+,+,fenyves_sign_prediction,True,True,True,True,True,0.0,False
I2R__NSML,I2R,NSML,neuron_to_neuron,cook_si5_and_fenyves,34.0,34.0,34.0,Cook2019_SI5,+,+,fenyves_sign_prediction,True,True,True,True,True,5.0,True
I2R__NSMR,I2R,NSMR,neuron_to_neuron,cook_si5_and_fenyves,7.0,7.0,7.0,Cook2019_SI5,+,+,fenyves_sign_prediction,True,True,True,True,True,2.0,True
I2R__e3VR,I2R,e3VR,neuron_to_non_neuron_or_muscle,cook_si5_only,1.0,1.0,,Cook2019_SI5,,-,missing_fenyves_default_inhibitory,True,True,False,True,False,1.0,True
I2R__pm1,I2R,pm1,neuron_to_non_neuron_or_muscle,cook_si5_only,1.0,1.0,,Cook2019_SI5,,-,missing_fenyves_default_inhibitory,True,True,False,True,False,1.0,True
I2R__pm3VR,I2R,pm3VR,neuron_to_non_neuron_or_muscle,cook_si5_only,1.0,1.0,,Cook2019_SI5,,-,missing_fenyves_default_inhibitory,True,True,False,True,False,2.0,True
I2R__pm4D,I2R,pm4D,neuron_to_non_neuron_or_muscle,cook_si5_only,2.0,2.0,,Cook2019_SI5,,-,missing_fenyves_default_inhibitory,True,True,False,True,False,2.0,True
I2R__pm4VL,I2R,pm4VL,neuron_to_non_neuron_or_muscle,cook_si5_only,1.0,1.0,,Cook2019_SI5,,-,missing_fenyves_default_inhibitory,True,True,False,True,False,1.0,True
I2R__pm5VL,I2R,pm5VL,neuron_to_non_neuron_or_muscle,cook_si5_only,1.0,1.0,,Cook2019_SI5,,-,missing_fenyves_default_inhibitory,True,True,False,True,False,0.0,False
I2R__pm5VR,I2R,pm5VR,neuron_to_non_neuron_or_muscle,cook_si5_only,4.0,4.0,,Cook2019_SI5,,-,missing_fenyves_default_inhibitory,True,True,False,True,False,3.0,True
I3__I1L,I3,I1L,neuron_to_neuron,cook_si5_and_fenyves,1.0,1.0,1.0,Cook2019_SI5,no pred,-,fenyves_no_pred_default_inhibitory,True,True,True,True,True,1.0,True
I3__I1R,I3,I1R,neuron_to_neuron,cook_si5_only,1.0,1.0,,Cook2019_SI5,,-,missing_fenyves_default_inhibitory,True,True,True,True,False,1.0,True
I3__I5,I3,I5,neuron_to_neuron,cook_si5_and_fenyves,2.0,2.0,2.0,Cook2019_SI5,+,+,fenyves_sign_prediction,True,True,True,True,True,4.0,True
I3__I6,I3,I6,neuron_to_neuron,cook_si5_and_fenyves,1.0,1.0,1.0,Cook2019_SI5,no pred,-,fenyves_no_pred_default_inhibitory,True,True,True,True,True,0.0,False
I3__M1,I3,M1,neuron_to_neuron,cook_si5_and_fenyves,2.0,2.0,2.0,Cook2019_SI5,no pred,-,fenyves_no_pred_default_inhibitory,True,True,True,True,True,3.0,True
I3__M2L,I3,M2L,neuron_to_neuron,cook_si5_and_fenyves,2.0,2.0,2.0,Cook2019_SI5,no pred,-,fenyves_no_pred_default_inhibitory,True,True,True,True,True,0.0,False
I3__M3L,I3,M3L,neuron_to_neuron,cook_si5_and_fenyves,2.0,2.0,2.0,Cook2019_SI5,no pred,-,fenyves_no_pred_default_inhibitory,True,True,True,True,True,0.0,False
I3__M3R,I3,M3R,neuron_to_neuron,cook_si5_and_fenyves,2.0,2.0,2.0,Cook2019_SI5,no pred,-,fenyves_no_pred_default_inhibitory,True,True,True,True,True,0.0,False
I3__M4,I3,M4,neuron_to_neuron,cook_si5_and_fenyves,2.0,2.0,2.0,Cook2019_SI5,no pred,-,fenyves_no_pred_default_inhibitory,True,True,True,True,True,4.0,True
I3__MCL,I3,MCL,neuron_to_neuron,cook_si5_and_fenyves,1.0,1.0,1.0,Cook2019_SI5,no pred,-,fenyves_no_pred_default_inhibitory,True,True,True,True,True,1.0,True
I3__MCR,I3,MCR,neuron_to_neuron,cook_si5_and_fenyves,2.0,2.0,2.0,Cook2019_SI5,no pred,-,fenyves_no_pred_default_inhibitory,True,True,True,True,True,0.0,False
I3__MI,I3,MI,neuron_to_neuron,cook_si5_and_fenyves,1.0,1.0,1.0,Cook2019_SI5,no pred,-,fenyves_no_pred_default_inhibitory,True,True,True,True,True,1.0,True
I3__NSMR,I3,NSMR,neuron_to_neuron,cook_si5_and_fenyves,2.0,2.0,2.0,Cook2019_SI5,no pred,-,fenyves_no_pred_default_inhibitory,True,True,True,True,True,0.0,False
I3__pm4D,I3,pm4D,neuron_to_non_neuron_or_muscle,cook_si5_only,2.0,2.0,,Cook2019_SI5,,-,missing_fenyves_default_inhibitory,True,True,False,True,False,0.0,False
I3__pm5D,I3,pm5D,neuron_to_non_neuron_or_muscle,cook_si5_only,4.0,4.0,,Cook2019_SI5,,-,missing_fenyves_default_inhibitory,True,True,False,True,False,0.0,False
I4__I2R,I4,I2R,neuron_to_neuron,cook_si5_and_fenyves,7.0,7.0,7.0,Cook2019_SI5,no pred,-,fenyves_no_pred_default_inhibitory,True,True,True,True,True,2.0,True
I4__I5,I4,I5,neuron_to_neuron,cook_si5_and_fenyves,2.0,2.0,2.0,Cook2019_SI5,no pred,-,fenyves_no_pred_default_inhibitory,True,True,True,True,True,0.0,False
I4__M2L,I4,M2L,neuron_to_neuron,cook_si5_and_fenyves,5.0,5.0,5.0,Cook2019_SI5,no pred,-,fenyves_no_pred_default_inhibitory,True,True,True,True,True,2.0,True
I4__M3L,I4,M3L,neuron_to_neuron,cook_si5_and_fenyves,6.0,6.0,6.0,Cook2019_SI5,no pred,-,fenyves_no_pred_default_inhibitory,True,True,True,True,True,6.0,True
I4__M3R,I4,M3R,neuron_to_neuron,cook_si5_and_fenyves,22.0,22.0,22.0,Cook2019_SI5,no pred,-,fenyves_no_pred_default_inhibitory,True,True,True,True,True,9.0,True
I4__MI,I4,MI,neuron_to_neuron,cook_si5_and_fenyves,1.0,1.0,1.0,Cook2019_SI5,no pred,-,fenyves_no_pred_default_inhibitory,True,True,True,True,True,2.0,True
I4__NSML,I4,NSML,neuron_to_neuron,cook_si5_and_fenyves,8.0,8.0,8.0,Cook2019_SI5,no pred,-,fenyves_no_pred_default_inhibitory,True,True,True,True,True,0.0,False
I4__NSMR,I4,NSMR,neuron_to_neuron,cook_si5_and_fenyves,15.0,15.0,15.0,Cook2019_SI5,no pred,-,fenyves_no_pred_default_inhibitory,True,True,True,True,True,5.0,True
I4__pm4D,I4,pm4D,neuron_to_non_neuron_or_muscle,cook_si5_only,1.0,1.0,,Cook2019_SI5,,-,missing_fenyves_default_inhibitory,True,True,False,True,False,1.0,True
I4__pm5VL,I4,pm5VL,neuron_to_non_neuron_or_muscle,cook_si5_only,11.0,11.0,,Cook2019_SI5,,-,missing_fenyves_default_inhibitory,True,True,False,True,False,4.0,True
I4__pm5VR,I4,pm5VR,neuron_to_non_neuron_or_muscle,cook_si5_only,2.0,2.0,,Cook2019_SI5,,-,missing_fenyves_default_inhibitory,True,True,False,True,False,1.0,True
I5__I1L,I5,I1L,neuron_to_neuron,cook_si5_and_fenyves,2.0,2.0,2.0,Cook2019_SI5,complex,complex,fenyves_sign_prediction,True,True,True,True,True,0.0,False
I5__I2L,I5,I2L,neuron_to_neuron,cook_si5_and_fenyves,3.0,3.0,3.0,Cook2019_SI5,+,+,fenyves_sign_prediction,True,True,True,True,True,0.0,False
I5__I2R,I5,I2R,neuron_to_neuron,cook_si5_and_fenyves,1.0,1.0,1.0,Cook2019_SI5,+,+,fenyves_sign_prediction,True,True,True,True,True,0.0,False
I5__I3,I5,I3,neuron_to_neuron,cook_si5_and_fenyves,1.0,1.0,1.0,Cook2019_SI5,+,+,fenyves_sign_prediction,True,True,True,True,True,2.0,True
I5__I4,I5,I4,neuron_to_neuron,cook_si5_and_fenyves,7.0,7.0,7.0,Cook2019_SI5,no pred,-,fenyves_no_pred_default_inhibitory,True,True,True,True,True,5.0,True
I5__M1,I5,M1,neuron_to_neuron,cook_si5_and_fenyves,3.0,3.0,3.0,Cook2019_SI5,+,+,fenyves_sign_prediction,True,True,True,True,True,2.0,True
I5__M2L,I5,M2L,neuron_to_neuron,cook_si5_and_fenyves,4.0,4.0,4.0,Cook2019_SI5,-,-,fenyves_sign_prediction,True,True,True,True,True,2.0,True
I5__M3L,I5,M3L,neuron_to_neuron,cook_si5_and_fenyves,4.0,4.0,4.0,Cook2019_SI5,+,+,fenyves_sign_prediction,True,True,True,True,True,0.0,False
I5__M3R,I5,M3R,neuron_to_neuron,cook_si5_and_fenyves,2.0,2.0,2.0,Cook2019_SI5,+,+,fenyves_sign_prediction,True,True,True,True,True,2.0,True
I5__M4,I5,M4,neuron_to_neuron,cook_si5_and_fenyves,19.0,19.0,19.0,Cook2019_SI5,+,+,fenyves_sign_prediction,True,True,True,True,True,6.0,True
I5__M5,I5,M5,neuron_to_neuron,cook_si5_only,2.0,2.0,,Cook2019_SI5,,-,missing_fenyves_default_inhibitory,True,True,True,True,False,2.0,True
I5__MI,I5,MI,neuron_to_neuron,cook_si5_and_fenyves,4.0,4.0,4.0,Cook2019_SI5,+,+,fenyves_sign_prediction,True,True,True,True,True,4.0,True
I5__NSML,I5,NSML,neuron_to_neuron,cook_si5_and_fenyves,1.0,1.0,1.0,Cook2019_SI5,+,+,fenyves_sign_prediction,True,True,True,True,True,1.0,True
I5__NSMR,I5,NSMR,neuron_to_neuron,cook_si5_and_fenyves,5.0,5.0,5.0,Cook2019_SI5,+,+,fenyves_sign_prediction,True,True,True,True,True,3.0,True
I5__g1AL,I5,g1AL,neuron_to_non_neuron_or_muscle,cook_si5_only,9.0,9.0,,Cook2019_SI5,,-,missing_fenyves_default_inhibitory,True,True,False,True,False,5.0,True
I5__g1AR,I5,g1AR,neuron_to_non_neuron_or_muscle,cook_si5_only,6.0,6.0,,Cook2019_SI5,,-,missing_fenyves_default_inhibitory,True,True,False,True,False,2.0,True
I5__pm5VL,I5,pm5VL,neuron_to_non_neuron_or_muscle,cook_si5_only,4.0,4.0,,Cook2019_SI5,,-,missing_fenyves_default_inhibitory,True,True,False,True,False,2.0,True
I5__pm5VR,I5,pm5VR,neuron_to_non_neuron_or_muscle,cook_si5_only,14.0,14.0,,Cook2019_SI5,,-,missing_fenyves_default_inhibitory,True,True,False,True,False,5.0,True
I5__pm6VL,I5,pm6VL,neuron_to_non_neuron_or_muscle,cook_si5_only,1.0,1.0,,Cook2019_SI5,,-,missing_fenyves_default_inhibitory,True,True,False,True,False,1.0,True
I6__I1R,I6,I1R,neuron_to_neuron,cook_si5_and_fenyves,1.0,1.0,1.0,Cook2019_SI5,no pred,-,fenyves_no_pred_default_inhibitory,True,True,True,True,True,0.0,False
I6__I2L,I6,I2L,neuron_to_neuron,cook_si5_and_fenyves,1.0,1.0,1.0,Cook2019_SI5,no pred,-,fenyves_no_pred_default_inhibitory,True,True,True,True,True,1.0,True
I6__I2R,I6,I2R,neuron_to_neuron,cook_si5_and_fenyves,4.0,4.0,4.0,Cook2019_SI5,no pred,-,fenyves_no_pred_default_inhibitory,True,True,True,True,True,0.0,False
I6__I3,I6,I3,neuron_to_neuron,cook_si5_and_fenyves,12.0,12.0,12.0,Cook2019_SI5,no pred,-,fenyves_no_pred_default_inhibitory,True,True,True,True,True,0.0,False
I6__M3L,I6,M3L,neuron_to_neuron,cook_si5_and_fenyves,10.0,10.0,10.0,Cook2019_SI5,no pred,-,fenyves_no_pred_default_inhibitory,True,True,True,True,True,0.0,False
I6__M4,I6,M4,neuron_to_neuron,cook_si5_and_fenyves,15.0,15.0,15.0,Cook2019_SI5,no pred,-,fenyves_no_pred_default_inhibitory,True,True,True,True,True,8.0,True
I6__NSML,I6,NSML,neuron_to_neuron,cook_si5_and_fenyves,24.0,24.0,24.0,Cook2019_SI5,no pred,-,fenyves_no_pred_default_inhibitory,True,True,True,True,True,11.0,True
I6__NSMR,I6,NSMR,neuron_to_neuron,cook_si5_and_fenyves,23.0,23.0,23.0,Cook2019_SI5,no pred,-,fenyves_no_pred_default_inhibitory,True,True,True,True,True,4.0,True
I6__bm,I6,bm,neuron_to_non_neuron_or_muscle,cook_si5_only,2.0,2.0,,Cook2019_SI5,,-,missing_fenyves_default_inhibitory,True,True,False,True,False,0.0,False
I6__g1p,I6,g1p,neuron_to_non_neuron_or_muscle,cook_si5_only,2.0,2.0,,Cook2019_SI5,,-,missing_fenyves_default_inhibitory,True,True,False,True,False,0.0,False
I6__pm5D,I6,pm5D,neuron_to_non_neuron_or_muscle,cook_si5_only,13.0,13.0,,Cook2019_SI5,,-,missing_fenyves_default_inhibitory,True,True,False,True,False,10.0,True
IL1DL__IL2DL,IL1DL,IL2DL,neuron_to_neuron,cook_si5_and_fenyves,1.0,1.0,1.0,Cook2019_SI5,no pred,-,fenyves_no_pred_default_inhibitory,True,True,True,True,True,1.0,True
IL1DL__RIPL,IL1DL,RIPL,neuron_to_neuron,cook_si5_and_fenyves,11.0,11.0,11.0,Cook2019_SI5,no pred,-,fenyves_no_pred_default_inhibitory,True,True,True,True,True,3.0,True
IL1DL__RMDDR,IL1DL,RMDDR,neuron_to_neuron,cook_si5_and_fenyves,3.0,3.0,3.0,Cook2019_SI5,+,+,fenyves_sign_prediction,True,True,True,True,True,2.0,True
IL1DL__RMDVL,IL1DL,RMDVL,neuron_to_neuron,cook_si5_and_fenyves,3.0,3.0,3.0,Cook2019_SI5,+,+,fenyves_sign_prediction,True,True,True,True,True,2.0,True
IL1DL__RMEL,IL1DL,RMEL,neuron_to_neuron,cook_si5_and_fenyves,1.0,1.0,1.0,Cook2019_SI5,+,+,fenyves_sign_prediction,True,True,True,True,True,1.0,True
IL1DL__SIBDL,IL1DL,SIBDL,neuron_to_neuron,fenyves_only,3.0,,3.0,Fenyves2020_only,+,+,fenyves_only_connection_with_sign,True,True,True,False,True,0.0,False
IL1DL__URADL,IL1DL,URADL,neuron_to_neuron,cook_si5_and_fenyves,10.0,10.0,10.0,Cook2019_SI5,+,+,fenyves_sign_prediction,True,True,True,True,True,2.0,True
IL1DL__dBWML1,IL1DL,dBWML1,neuron_to_non_neuron_or_muscle,cook_si5_only,11.0,11.0,,Cook2019_SI5,,-,missing_fenyves_default_inhibitory,True,True,False,True,False,3.0,True
IL1DL__dBWML2,IL1DL,dBWML2,neuron_to_non_neuron_or_muscle,cook_si5_only,4.0,4.0,,Cook2019_SI5,,-,missing_fenyves_default_inhibitory,True,True,False,True,False,2.0,True
IL1DL__dBWML3,IL1DL,dBWML3,neuron_to_non_neuron_or_muscle,cook_si5_only,5.0,5.0,,Cook2019_SI5,,-,missing_fenyves_default_inhibitory,True,True,False,True,False,3.0,True
IL1DL__dBWML6,IL1DL,dBWML6,neuron_to_non_neuron_or_muscle,cook_si5_only,9.0,9.0,,Cook2019_SI5,,-,missing_fenyves_default_inhibitory,True,True,False,True,False,2.0,True
IL1DL__dBWMR7,IL1DL,dBWMR7,neuron_to_non_neuron_or_muscle,cook_si5_only,2.0,2.0,,Cook2019_SI5,,-,missing_fenyves_default_inhibitory,True,True,False,True,False,1.0,True
IL1DR__IL1DR,IL1DR,IL1DR,neuron_to_neuron,cook_si5_and_fenyves,1.0,1.0,1.0,Cook2019_SI5,no pred,-,fenyves_no_pred_default_inhibitory,True,True,True,True,True,1.0,True
IL1DR__IL1R,IL1DR,IL1R,neuron_to_neuron,cook_si5_and_fenyves,2.0,2.0,2.0,Cook2019_SI5,no pred,-,fenyves_no_pred_default_inhibitory,True,True,True,True,True,2.0,True
IL1DR__IL2DR,IL1DR,IL2DR,neuron_to_neuron,cook_si5_and_fenyves,5.0,5.0,5.0,Cook2019_SI5,no pred,-,fenyves_no_pred_default_inhibitory,True,True,True,True,True,3.0,True
IL1DR__OLLR,IL1DR,OLLR,neuron_to_neuron,cook_si5_and_fenyves,1.0,1.0,1.0,Cook2019_SI5,no pred,-,fenyves_no_pred_default_inhibitory,True,True,True,True,True,1.0,True
IL1DR__PVR,IL1DR,PVR,neuron_to_neuron,cook_si5_and_fenyves,5.0,5.0,5.0,Cook2019_SI5,no pred,-,fenyves_no_pred_default_inhibitory,True,True,True,True,True,0.0,False
IL1DR__RIPR,IL1DR,RIPR,neuron_to_neuron,cook_si5_and_fenyves,28.0,28.0,28.0,Cook2019_SI5,no pred,-,fenyves_no_pred_default_inhibitory,True,True,True,True,True,11.0,True
IL1DR__RMDDL,IL1DR,RMDDL,neuron_to_neuron,cook_si5_and_fenyves,11.0,11.0,11.0,Cook2019_SI5,+,+,fenyves_sign_prediction,True,True,True,True,True,4.0,True
IL1DR__RMDVR,IL1DR,RMDVR,neuron_to_neuron,cook_si5_and_fenyves,32.0,32.0,32.0,Cook2019_SI5,+,+,fenyves_sign_prediction,True,True,True,True,True,12.0,True
IL1DR__URADR,IL1DR,URADR,neuron_to_neuron,cook_si5_and_fenyves,8.0,8.0,8.0,Cook2019_SI5,+,+,fenyves_sign_prediction,True,True,True,True,True,2.0,True
IL1DR__URYDR,IL1DR,URYDR,neuron_to_neuron,cook_si5_and_fenyves,2.0,2.0,2.0,Cook2019_SI5,+,+,fenyves_sign_prediction,True,True,True,True,True,1.0,True
IL1DR__dBWMR1,IL1DR,dBWMR1,neuron_to_non_neuron_or_muscle,cook_si5_only,14.0,14.0,,Cook2019_SI5,,-,missing_fenyves_default_inhibitory,True,True,False,True,False,4.0,True
IL1DR__dBWMR2,IL1DR,dBWMR2,neuron_to_non_neuron_or_muscle,cook_si5_only,6.0,6.0,,Cook2019_SI5,,-,missing_fenyves_default_inhibitory,True,True,False,True,False,3.0,True
IL1DR__dBWMR3,IL1DR,dBWMR3,neuron_to_non_neuron_or_muscle,cook_si5_only,12.0,12.0,,Cook2019_SI5,,-,missing_fenyves_default_inhibitory,True,True,False,True,False,4.0,True
IL1L__ADEL,IL1L,ADEL,neuron_to_neuron,cook_si5_only,3.0,3.0,,Cook2019_SI5,,-,missing_fenyves_default_inhibitory,True,True,True,True,False,2.0,True
IL1L__AVER,IL1L,AVER,neuron_to_neuron,cook_si5_and_fenyves,5.0,5.0,5.0,Cook2019_SI5,+,+,fenyves_sign_prediction,True,True,True,True,True,2.0,True
IL1L__IL2L,IL1L,IL2L,neuron_to_neuron,cook_si5_and_fenyves,1.0,1.0,1.0,Cook2019_SI5,no pred,-,fenyves_no_pred_default_inhibitory,True,True,True,True,True,1.0,True
IL1L__OLLL,IL1L,OLLL,neuron_to_neuron,cook_si5_and_fenyves,1.0,1.0,1.0,Cook2019_SI5,no pred,-,fenyves_no_pred_default_inhibitory,True,True,True,True,True,1.0,True
IL1L__RMDDL,IL1L,RMDDL,neuron_to_neuron,cook_si5_and_fenyves,20.0,20.0,20.0,Cook2019_SI5,+,+,fenyves_sign_prediction,True,True,True,True,True,7.0,True
IL1L__RMDL,IL1L,RMDL,neuron_to_neuron,fenyves_only,3.0,,3.0,Fenyves2020_only,+,+,fenyves_only_connection_with_sign,True,True,True,False,True,0.0,False
IL1L__RMDR,IL1L,RMDR,neuron_to_neuron,cook_si5_and_fenyves,9.0,9.0,9.0,Cook2019_SI5,+,+,fenyves_sign_prediction,True,True,True,True,True,5.0,True
IL1L__RMDVL,IL1L,RMDVL,neuron_to_neuron,cook_si5_and_fenyves,22.0,22.0,22.0,Cook2019_SI5,+,+,fenyves_sign_prediction,True,True,True,True,True,8.0,True
IL1L__RMDVR,IL1L,RMDVR,neuron_to_neuron,cook_si5_and_fenyves,5.0,5.0,5.0,Cook2019_SI5,+,+,fenyves_sign_prediction,True,True,True,True,True,2.0,True
IL1L__RMER,IL1L,RMER,neuron_to_neuron,cook_si5_and_fenyves,4.0,4.0,4.0,Cook2019_SI5,+,+,fenyves_sign_prediction,True,True,True,True,True,3.0,True
IL1L__RMGL,IL1L,RMGL,neuron_to_neuron,cook_si5_and_fenyves,1.0,1.0,1.0,Cook2019_SI5,complex,complex,fenyves_sign_prediction,True,True,True,True,True,1.0,True
IL1L__URAVL,IL1L,URAVL,neuron_to_neuron,cook_si5_and_fenyves,4.0,4.0,4.0,Cook2019_SI5,+,+,fenyves_sign_prediction,True,True,True,True,True,2.0,True
IL1L__URBL,IL1L,URBL,neuron_to_neuron,cook_si5_and_fenyves,1.0,1.0,1.0,Cook2019_SI5,+,+,fenyves_sign_prediction,True,True,True,True,True,1.0,True
IL1L__dBWML3,IL1L,dBWML3,neuron_to_non_neuron_or_muscle,cook_si5_only,16.0,16.0,,Cook2019_SI5,,-,missing_fenyves_default_inhibitory,True,True,False,True,False,5.0,True
IL1L__dBWML4,IL1L,dBWML4,neuron_to_non_neuron_or_muscle,cook_si5_only,15.0,15.0,,Cook2019_SI5,,-,missing_fenyves_default_inhibitory,True,True,False,True,False,0.0,False
IL1L__dBWML5,IL1L,dBWML5,neuron_to_non_neuron_or_muscle,cook_si5_only,7.0,7.0,,Cook2019_SI5,,-,missing_fenyves_default_inhibitory,True,True,False,True,False,1.0,True
IL1L__vBWML1,IL1L,vBWML1,neuron_to_non_neuron_or_muscle,cook_si5_only,20.0,20.0,,Cook2019_SI5,,-,missing_fenyves_default_inhibitory,True,True,False,True,False,8.0,True
IL1L__vBWML2,IL1L,vBWML2,neuron_to_non_neuron_or_muscle,cook_si5_only,6.0,6.0,,Cook2019_SI5,,-,missing_fenyves_default_inhibitory,True,True,False,True,False,3.0,True
IL1L__vBWML4,IL1L,vBWML4,neuron_to_non_neuron_or_muscle,cook_si5_only,4.0,4.0,,Cook2019_SI5,,-,missing_fenyves_default_inhibitory,True,True,False,True,False,1.0,True
IL1R__AVEL,IL1R,AVEL,neuron_to_neuron,cook_si5_and_fenyves,2.0,2.0,2.0,Cook2019_SI5,+,+,fenyves_sign_prediction,True,True,True,True,True,1.0,True
IL1R__AVER,IL1R,AVER,neuron_to_neuron,cook_si5_and_fenyves,5.0,5.0,5.0,Cook2019_SI5,+,+,fenyves_sign_prediction,True,True,True,True,True,2.0,True
IL1R__OLLR,IL1R,OLLR,neuron_to_neuron,cook_si5_and_fenyves,1.0,1.0,1.0,Cook2019_SI5,no pred,-,fenyves_no_pred_default_inhibitory,True,True,True,True,True,1.0,True
IL1R__RMDDL,IL1R,RMDDL,neuron_to_neuron,cook_si5_and_fenyves,8.0,8.0,8.0,Cook2019_SI5,+,+,fenyves_sign_prediction,True,True,True,True,True,5.0,True
IL1R__RMDDR,IL1R,RMDDR,neuron_to_neuron,cook_si5_and_fenyves,12.0,12.0,12.0,Cook2019_SI5,+,+,fenyves_sign_prediction,True,True,True,True,True,3.0,True
IL1R__RMDL,IL1R,RMDL,neuron_to_neuron,cook_si5_and_fenyves,11.0,11.0,11.0,Cook2019_SI5,+,+,fenyves_sign_prediction,True,True,True,True,True,4.0,True
IL1R__RMDR,IL1R,RMDR,neuron_to_neuron,cook_si5_and_fenyves,4.0,4.0,4.0,Cook2019_SI5,+,+,fenyves_sign_prediction,True,True,True,True,True,1.0,True
IL1R__RMDVL,IL1R,RMDVL,neuron_to_neuron,cook_si5_and_fenyves,8.0,8.0,8.0,Cook2019_SI5,+,+,fenyves_sign_prediction,True,True,True,True,True,3.0,True
IL1R__RMDVR,IL1R,RMDVR,neuron_to_neuron,cook_si5_and_fenyves,17.0,17.0,17.0,Cook2019_SI5,+,+,fenyves_sign_prediction,True,True,True,True,True,7.0,True
IL1R__RMEL,IL1R,RMEL,neuron_to_neuron,cook_si5_and_fenyves,5.0,5.0,5.0,Cook2019_SI5,+,+,fenyves_sign_prediction,True,True,True,True,True,3.0,True
IL1R__RMHL,IL1R,RMHL,neuron_to_neuron,cook_si5_and_fenyves,3.0,3.0,3.0,Cook2019_SI5,+,+,fenyves_sign_prediction,True,True,True,True,True,1.0,True
IL1R__URXR,IL1R,URXR,neuron_to_neuron,cook_si5_and_fenyves,1.0,1.0,1.0,Cook2019_SI5,no pred,-,fenyves_no_pred_default_inhibitory,True,True,True,True,True,1.0,True
IL1R__dBWMR3,IL1R,dBWMR3,neuron_to_non_neuron_or_muscle,cook_si5_only,16.0,16.0,,Cook2019_SI5,,-,missing_fenyves_default_inhibitory,True,True,False,True,False,8.0,True
IL1R__dBWMR4,IL1R,dBWMR4,neuron_to_non_neuron_or_muscle,cook_si5_only,3.0,3.0,,Cook2019_SI5,,-,missing_fenyves_default_inhibitory,True,True,False,True,False,1.0,True
IL1R__dBWMR5,IL1R,dBWMR5,neuron_to_non_neuron_or_muscle,cook_si5_only,13.0,13.0,,Cook2019_SI5,,-,missing_fenyves_default_inhibitory,True,True,False,True,False,7.0,True
IL1R__vBWMR4,IL1R,vBWMR4,neuron_to_non_neuron_or_muscle,cook_si5_only,19.0,19.0,,Cook2019_SI5,,-,missing_fenyves_default_inhibitory,True,True,False,True,False,7.0,True
IL1VL__AVL,IL1VL,AVL,neuron_to_neuron,cook_si5_and_fenyves,1.0,1.0,1.0,Cook2019_SI5,-,-,fenyves_sign_prediction,True,True,True,True,True,0.0,False
IL1VL__IL1L,IL1VL,IL1L,neuron_to_neuron,cook_si5_and_fenyves,3.0,3.0,3.0,Cook2019_SI5,no pred,-,fenyves_no_pred_default_inhibitory,True,True,True,True,True,1.0,True
IL1VL__IL1VL,IL1VL,IL1VL,neuron_to_neuron,cook_si5_and_fenyves,5.0,5.0,5.0,Cook2019_SI5,no pred,-,fenyves_no_pred_default_inhibitory,True,True,True,True,True,1.0,True
IL1VL__OLQVL,IL1VL,OLQVL,neuron_to_neuron,cook_si5_and_fenyves,2.0,2.0,2.0,Cook2019_SI5,no pred,-,fenyves_no_pred_default_inhibitory,True,True,True,True,True,1.0,True
IL1VL__RIPL,IL1VL,RIPL,neuron_to_neuron,cook_si5_and_fenyves,13.0,13.0,13.0,Cook2019_SI5,no pred,-,fenyves_no_pred_default_inhibitory,True,True,True,True,True,5.0,True
IL1VL__RMDDL,IL1VL,RMDDL,neuron_to_neuron,cook_si5_and_fenyves,30.0,30.0,30.0,Cook2019_SI5,+,+,fenyves_sign_prediction,True,True,True,True,True,14.0,True
IL1VL__RMDVR,IL1VL,RMDVR,neuron_to_neuron,cook_si5_and_fenyves,3.0,3.0,3.0,Cook2019_SI5,+,+,fenyves_sign_prediction,True,True,True,True,True,1.0,True
IL1VL__RMHL,IL1VL,RMHL,neuron_to_neuron,cook_si5_and_fenyves,1.0,1.0,1.0,Cook2019_SI5,+,+,fenyves_sign_prediction,True,True,True,True,True,1.0,True
IL1VL__URAVL,IL1VL,URAVL,neuron_to_neuron,cook_si5_and_fenyves,4.0,4.0,4.0,Cook2019_SI5,+,+,fenyves_sign_prediction,True,True,True,True,True,2.0,True
IL1VL__URYVL,IL1VL,URYVL,neuron_to_neuron,cook_si5_and_fenyves,4.0,4.0,4.0,Cook2019_SI5,+,+,fenyves_sign_prediction,True,True,True,True,True,3.0,True
IL1VL__vBWML1,IL1VL,vBWML1,neuron_to_non_neuron_or_muscle,cook_si5_only,15.0,15.0,,Cook2019_SI5,,-,missing_fenyves_default_inhibitory,True,True,False,True,False,7.0,True
IL1VL__vBWML2,IL1VL,vBWML2,neuron_to_non_neuron_or_muscle,cook_si5_only,18.0,18.0,,Cook2019_SI5,,-,missing_fenyves_default_inhibitory,True,True,False,True,False,6.0,True
IL1VR__IL1R,IL1VR,IL1R,neuron_to_neuron,cook_si5_and_fenyves,4.0,4.0,4.0,Cook2019_SI5,no pred,-,fenyves_no_pred_default_inhibitory,True,True,True,True,True,2.0,True
IL1VR__IL2VR,IL1VR,IL2VR,neuron_to_neuron,cook_si5_and_fenyves,2.0,2.0,2.0,Cook2019_SI5,no pred,-,fenyves_no_pred_default_inhibitory,True,True,True,True,True,2.0,True
IL1VR__OLLR,IL1VR,OLLR,neuron_to_neuron,cook_si5_and_fenyves,1.0,1.0,1.0,Cook2019_SI5,no pred,-,fenyves_no_pred_default_inhibitory,True,True,True,True,True,1.0,True
IL1VR__OLQVR,IL1VR,OLQVR,neuron_to_neuron,cook_si5_and_fenyves,5.0,5.0,5.0,Cook2019_SI5,no pred,-,fenyves_no_pred_default_inhibitory,True,True,True,True,True,1.0,True
IL1VR__RIPR,IL1VR,RIPR,neuron_to_neuron,cook_si5_and_fenyves,16.0,16.0,16.0,Cook2019_SI5,no pred,-,fenyves_no_pred_default_inhibitory,True,True,True,True,True,9.0,True
IL1VR__RMDDR,IL1VR,RMDDR,neuron_to_neuron,cook_si5_and_fenyves,40.0,40.0,40.0,Cook2019_SI5,+,+,fenyves_sign_prediction,True,True,True,True,True,17.0,True
IL1VR__RMDVL,IL1VR,RMDVL,neuron_to_neuron,cook_si5_and_fenyves,5.0,5.0,5.0,Cook2019_SI5,+,+,fenyves_sign_prediction,True,True,True,True,True,1.0,True
IL1VR__URAVR,IL1VR,URAVR,neuron_to_neuron,cook_si5_and_fenyves,4.0,4.0,4.0,Cook2019_SI5,+,+,fenyves_sign_prediction,True,True,True,True,True,4.0,True
IL1VR__vBWMR2,IL1VR,vBWMR2,neuron_to_non_neuron_or_muscle,cook_si5_only,16.0,16.0,,Cook2019_SI5,,-,missing_fenyves_default_inhibitory,True,True,False,True,False,5.0,True
IL1VR__vBWMR4,IL1VR,vBWMR4,neuron_to_non_neuron_or_muscle,cook_si5_only,24.0,24.0,,Cook2019_SI5,,-,missing_fenyves_default_inhibitory,True,True,False,True,False,10.0,True
IL2DL__AUAL,IL2DL,AUAL,neuron_to_neuron,cook_si5_and_fenyves,2.0,2.0,2.0,Cook2019_SI5,no pred,-,fenyves_no_pred_default_inhibitory,True,True,True,True,True,1.0,True
IL2DL__AVBR,IL2DL,AVBR,neuron_to_neuron,cook_si5_and_fenyves,2.0,2.0,2.0,Cook2019_SI5,+,+,fenyves_sign_prediction,True,True,True,True,True,1.0,True
IL2DL__IL1DL,IL2DL,IL1DL,neuron_to_neuron,cook_si5_and_fenyves,17.0,17.0,17.0,Cook2019_SI5,+,+,fenyves_sign_prediction,True,True,True,True,True,10.0,True
IL2DL__IL2DL,IL2DL,IL2DL,neuron_to_neuron,cook_si5_and_fenyves,2.0,2.0,2.0,Cook2019_SI5,no pred,-,fenyves_no_pred_default_inhibitory,True,True,True,True,True,1.0,True
IL2DL__OLQDL,IL2DL,OLQDL,neuron_to_neuron,cook_si5_and_fenyves,2.0,2.0,2.0,Cook2019_SI5,no pred,-,fenyves_no_pred_default_inhibitory,True,True,True,True,True,2.0,True
IL2DL__RIBL,IL2DL,RIBL,neuron_to_neuron,cook_si5_and_fenyves,1.0,1.0,1.0,Cook2019_SI5,+,+,fenyves_sign_prediction,True,True,True,True,True,1.0,True
IL2DL__RIH,IL2DL,RIH,neuron_to_neuron,cook_si5_and_fenyves,2.0,2.0,2.0,Cook2019_SI5,-,-,fenyves_sign_prediction,True,True,True,True,True,2.0,True
IL2DL__RIPL,IL2DL,RIPL,neuron_to_neuron,cook_si5_and_fenyves,28.0,28.0,28.0,Cook2019_SI5,no pred,-,fenyves_no_pred_default_inhibitory,True,True,True,True,True,16.0,True
IL2DL__RMED,IL2DL,RMED,neuron_to_neuron,cook_si5_and_fenyves,2.0,2.0,2.0,Cook2019_SI5,+,+,fenyves_sign_prediction,True,True,True,True,True,2.0,True
IL2DL__RMEL,IL2DL,RMEL,neuron_to_neuron,cook_si5_and_fenyves,11.0,11.0,11.0,Cook2019_SI5,+,+,fenyves_sign_prediction,True,True,True,True,True,6.0,True
IL2DL__RMER,IL2DL,RMER,neuron_to_neuron,cook_si5_and_fenyves,8.0,8.0,8.0,Cook2019_SI5,+,+,fenyves_sign_prediction,True,True,True,True,True,4.0,True
IL2DL__RMEV,IL2DL,RMEV,neuron_to_neuron,cook_si5_and_fenyves,1.0,1.0,1.0,Cook2019_SI5,+,+,fenyves_sign_prediction,True,True,True,True,True,1.0,True
IL2DL__RMHL,IL2DL,RMHL,neuron_to_neuron,cook_si5_and_fenyves,1.0,1.0,1.0,Cook2019_SI5,no pred,-,fenyves_no_pred_default_inhibitory,True,True,True,True,True,1.0,True
IL2DL__URADL,IL2DL,URADL,neuron_to_neuron,cook_si5_and_fenyves,8.0,8.0,8.0,Cook2019_SI5,no pred,-,fenyves_no_pred_default_inhibitory,True,True,True,True,True,4.0,True
IL2DR__CEPDR,IL2DR,CEPDR,neuron_to_neuron,cook_si5_and_fenyves,2.0,2.0,2.0,Cook2019_SI5,no pred,-,fenyves_no_pred_default_inhibitory,True,True,True,True,True,1.0,True
IL2DR__IL1DR,IL2DR,IL1DR,neuron_to_neuron,cook_si5_and_fenyves,28.0,28.0,28.0,Cook2019_SI5,+,+,fenyves_sign_prediction,True,True,True,True,True,11.0,True
IL2DR__OLQDR,IL2DR,OLQDR,neuron_to_neuron,cook_si5_and_fenyves,2.0,2.0,2.0,Cook2019_SI5,no pred,-,fenyves_no_pred_default_inhibitory,True,True,True,True,True,1.0,True
IL2DR__RICL,IL2DR,RICL,neuron_to_neuron,cook_si5_and_fenyves,1.0,1.0,1.0,Cook2019_SI5,no pred,-,fenyves_no_pred_default_inhibitory,True,True,True,True,True,1.0,True
IL2DR__RICR,IL2DR,RICR,neuron_to_neuron,cook_si5_and_fenyves,2.0,2.0,2.0,Cook2019_SI5,no pred,-,fenyves_no_pred_default_inhibitory,True,True,True,True,True,1.0,True
IL2DR__RIPL,IL2DR,RIPL,neuron_to_neuron,cook_si5_and_fenyves,1.0,1.0,1.0,Cook2019_SI5,no pred,-,fenyves_no_pred_default_inhibitory,True,True,True,True,True,1.0,True
IL2DR__RIPR,IL2DR,RIPR,neuron_to_neuron,cook_si5_and_fenyves,43.0,43.0,43.0,Cook2019_SI5,no pred,-,fenyves_no_pred_default_inhibitory,True,True,True,True,True,19.0,True
IL2DR__RMED,IL2DR,RMED,neuron_to_neuron,cook_si5_and_fenyves,3.0,3.0,3.0,Cook2019_SI5,+,+,fenyves_sign_prediction,True,True,True,True,True,2.0,True
IL2DR__RMEL,IL2DR,RMEL,neuron_to_neuron,cook_si5_and_fenyves,12.0,12.0,12.0,Cook2019_SI5,+,+,fenyves_sign_prediction,True,True,True,True,True,7.0,True
IL2DR__RMER,IL2DR,RMER,neuron_to_neuron,cook_si5_and_fenyves,11.0,11.0,11.0,Cook2019_SI5,+,+,fenyves_sign_prediction,True,True,True,True,True,5.0,True
IL2DR__RMEV,IL2DR,RMEV,neuron_to_neuron,cook_si5_and_fenyves,5.0,5.0,5.0,Cook2019_SI5,+,+,fenyves_sign_prediction,True,True,True,True,True,2.0,True
IL2DR__URADR,IL2DR,URADR,neuron_to_neuron,cook_si5_and_fenyves,5.0,5.0,5.0,Cook2019_SI5,no pred,-,fenyves_no_pred_default_inhibitory,True,True,True,True,True,4.0,True
IL2L__ADEL,IL2L,ADEL,neuron_to_neuron,cook_si5_and_fenyves,6.0,6.0,6.0,Cook2019_SI5,no pred,-,fenyves_no_pred_default_inhibitory,True,True,True,True,True,7.0,True
IL2L__AVEL,IL2L,AVEL,neuron_to_neuron,cook_si5_and_fenyves,2.0,2.0,2.0,Cook2019_SI5,-,-,fenyves_sign_prediction,True,True,True,True,True,1.0,True
IL2L__IL1L,IL2L,IL1L,neuron_to_neuron,cook_si5_and_fenyves,6.0,6.0,6.0,Cook2019_SI5,+,+,fenyves_sign_prediction,True,True,True,True,True,4.0,True
IL2L__OLQDL,IL2L,OLQDL,neuron_to_neuron,cook_si5_and_fenyves,20.0,20.0,20.0,Cook2019_SI5,no pred,-,fenyves_no_pred_default_inhibitory,True,True,True,True,True,9.0,True
IL2L__OLQVL,IL2L,OLQVL,neuron_to_neuron,cook_si5_and_fenyves,19.0,19.0,19.0,Cook2019_SI5,no pred,-,fenyves_no_pred_default_inhibitory,True,True,True,True,True,6.0,True
IL2L__RICL,IL2L,RICL,neuron_to_neuron,cook_si5_and_fenyves,1.0,1.0,1.0,Cook2019_SI5,no pred,-,fenyves_no_pred_default_inhibitory,True,True,True,True,True,1.0,True
IL2L__RIH,IL2L,RIH,neuron_to_neuron,cook_si5_and_fenyves,25.0,25.0,25.0,Cook2019_SI5,-,-,fenyves_sign_prediction,True,True,True,True,True,9.0,True
IL2L__RMDL,IL2L,RMDL,neuron_to_neuron,fenyves_only,5.0,,5.0,Fenyves2020_only,-,-,fenyves_only_connection_with_sign,True,True,True,False,True,0.0,False
IL2L__RMDR,IL2L,RMDR,neuron_to_neuron,cook_si5_and_fenyves,3.0,3.0,3.0,Cook2019_SI5,-,-,fenyves_sign_prediction,True,True,True,True,True,1.0,True
IL2L__RMER,IL2L,RMER,neuron_to_neuron,cook_si5_and_fenyves,10.0,10.0,10.0,Cook2019_SI5,+,+,fenyves_sign_prediction,True,True,True,True,True,5.0,True
IL2L__RMEV,IL2L,RMEV,neuron_to_neuron,cook_si5_and_fenyves,5.0,5.0,5.0,Cook2019_SI5,+,+,fenyves_sign_prediction,True,True,True,True,True,2.0,True
IL2L__URAVL,IL2L,URAVL,neuron_to_neuron,cook_si5_and_fenyves,2.0,2.0,2.0,Cook2019_SI5,no pred,-,fenyves_no_pred_default_inhibitory,True,True,True,True,True,1.0,True
IL2L__URXL,IL2L,URXL,neuron_to_neuron,cook_si5_and_fenyves,3.0,3.0,3.0,Cook2019_SI5,-,-,fenyves_sign_prediction,True,True,True,True,True,2.0,True
IL2R__ADER,IL2R,ADER,neuron_to_neuron,cook_si5_and_fenyves,5.0,5.0,5.0,Cook2019_SI5,no pred,-,fenyves_no_pred_default_inhibitory,True,True,True,True,True,3.0,True
IL2R__AVER,IL2R,AVER,neuron_to_neuron,cook_si5_and_fenyves,2.0,2.0,2.0,Cook2019_SI5,-,-,fenyves_sign_prediction,True,True,True,True,True,2.0,True
IL2R__IL1R,IL2R,IL1R,neuron_to_neuron,cook_si5_and_fenyves,2.0,2.0,2.0,Cook2019_SI5,+,+,fenyves_sign_prediction,True,True,True,True,True,1.0,True
IL2R__OLLR,IL2R,OLLR,neuron_to_neuron,cook_si5_and_fenyves,5.0,5.0,5.0,Cook2019_SI5,-,-,fenyves_sign_prediction,True,True,True,True,True,3.0,True
IL2R__OLQDR,IL2R,OLQDR,neuron_to_neuron,cook_si5_and_fenyves,10.0,10.0,10.0,Cook2019_SI5,no pred,-,fenyves_no_pred_default_inhibitory,True,True,True,True,True,5.0,True
IL2R__OLQVR,IL2R,OLQVR,neuron_to_neuron,cook_si5_and_fenyves,26.0,26.0,26.0,Cook2019_SI5,no pred,-,fenyves_no_pred_default_inhibitory,True,True,True,True,True,11.0,True
IL2R__RIH,IL2R,RIH,neuron_to_neuron,cook_si5_and_fenyves,19.0,19.0,19.0,Cook2019_SI5,-,-,fenyves_sign_prediction,True,True,True,True,True,7.0,True
IL2R__RMDL,IL2R,RMDL,neuron_to_neuron,cook_si5_and_fenyves,3.0,3.0,3.0,Cook2019_SI5,-,-,fenyves_sign_prediction,True,True,True,True,True,1.0,True
IL2R__RMEL,IL2R,RMEL,neuron_to_neuron,cook_si5_and_fenyves,5.0,5.0,5.0,Cook2019_SI5,+,+,fenyves_sign_prediction,True,True,True,True,True,3.0,True
IL2R__RMEV,IL2R,RMEV,neuron_to_neuron,cook_si5_and_fenyves,2.0,2.0,2.0,Cook2019_SI5,+,+,fenyves_sign_prediction,True,True,True,True,True,1.0,True
IL2R__RMGR,IL2R,RMGR,neuron_to_neuron,cook_si5_and_fenyves,1.0,1.0,1.0,Cook2019_SI5,no pred,-,fenyves_no_pred_default_inhibitory,True,True,True,True,True,1.0,True
IL2R__URADR,IL2R,URADR,neuron_to_neuron,cook_si5_and_fenyves,2.0,2.0,2.0,Cook2019_SI5,no pred,-,fenyves_no_pred_default_inhibitory,True,True,True,True,True,1.0,True
IL2R__URAVR,IL2R,URAVR,neuron_to_neuron,cook_si5_and_fenyves,1.0,1.0,1.0,Cook2019_SI5,no pred,-,fenyves_no_pred_default_inhibitory,True,True,True,True,True,1.0,True
IL2R__URBR,IL2R,URBR,neuron_to_neuron,cook_si5_and_fenyves,3.0,3.0,3.0,Cook2019_SI5,+,+,fenyves_sign_prediction,True,True,True,True,True,2.0,True
IL2R__URXR,IL2R,URXR,neuron_to_neuron,cook_si5_and_fenyves,1.0,1.0,1.0,Cook2019_SI5,-,-,fenyves_sign_prediction,True,True,True,True,True,1.0,True
IL2VL__BAGR,IL2VL,BAGR,neuron_to_neuron,cook_si5_and_fenyves,1.0,1.0,1.0,Cook2019_SI5,no pred,-,fenyves_no_pred_default_inhibitory,True,True,True,True,True,1.0,True
IL2VL__DVC,IL2VL,DVC,neuron_to_neuron,cook_si5_and_fenyves,1.0,1.0,1.0,Cook2019_SI5,+,+,fenyves_sign_prediction,True,True,True,True,True,1.0,True
IL2VL__IL1VL,IL2VL,IL1VL,neuron_to_neuron,cook_si5_and_fenyves,27.0,27.0,27.0,Cook2019_SI5,+,+,fenyves_sign_prediction,True,True,True,True,True,10.0,True
IL2VL__IL2L,IL2VL,IL2L,neuron_to_neuron,cook_si5_and_fenyves,1.0,1.0,1.0,Cook2019_SI5,no pred,-,fenyves_no_pred_default_inhibitory,True,True,True,True,True,1.0,True
IL2VL__OLQVL,IL2VL,OLQVL,neuron_to_neuron,cook_si5_and_fenyves,6.0,6.0,6.0,Cook2019_SI5,no pred,-,fenyves_no_pred_default_inhibitory,True,True,True,True,True,2.0,True
IL2VL__RIAL,IL2VL,RIAL,neuron_to_neuron,cook_si5_and_fenyves,4.0,4.0,4.0,Cook2019_SI5,-,-,fenyves_sign_prediction,True,True,True,True,True,2.0,True
IL2VL__RIH,IL2VL,RIH,neuron_to_neuron,cook_si5_and_fenyves,5.0,5.0,5.0,Cook2019_SI5,-,-,fenyves_sign_prediction,True,True,True,True,True,3.0,True
IL2VL__RIPL,IL2VL,RIPL,neuron_to_neuron,cook_si5_and_fenyves,36.0,36.0,36.0,Cook2019_SI5,no pred,-,fenyves_no_pred_default_inhibitory,True,True,True,True,True,18.0,True
IL2VL__RMEL,IL2VL,RMEL,neuron_to_neuron,cook_si5_and_fenyves,7.0,7.0,7.0,Cook2019_SI5,+,+,fenyves_sign_prediction,True,True,True,True,True,3.0,True
IL2VL__RMER,IL2VL,RMER,neuron_to_neuron,cook_si5_and_fenyves,6.0,6.0,6.0,Cook2019_SI5,+,+,fenyves_sign_prediction,True,True,True,True,True,4.0,True
IL2VL__RMEV,IL2VL,RMEV,neuron_to_neuron,cook_si5_and_fenyves,2.0,2.0,2.0,Cook2019_SI5,+,+,fenyves_sign_prediction,True,True,True,True,True,1.0,True
IL2VL__URAVL,IL2VL,URAVL,neuron_to_neuron,cook_si5_and_fenyves,7.0,7.0,7.0,Cook2019_SI5,no pred,-,fenyves_no_pred_default_inhibitory,True,True,True,True,True,6.0,True
IL2VR__ADLR,IL2VR,ADLR,neuron_to_neuron,cook_si5_and_fenyves,1.0,1.0,1.0,Cook2019_SI5,no pred,-,fenyves_no_pred_default_inhibitory,True,True,True,True,True,1.0,True
IL2VR__AVAL,IL2VR,AVAL,neuron_to_neuron,cook_si5_and_fenyves,1.0,1.0,1.0,Cook2019_SI5,complex,complex,fenyves_sign_prediction,True,True,True,True,True,1.0,True
IL2VR__CEPshVR,IL2VR,CEPshVR,neuron_to_non_neuron_or_muscle,cook_si5_only,2.0,2.0,,Cook2019_SI5,,-,missing_fenyves_default_inhibitory,True,True,False,True,False,2.0,True
IL2VR__IL1VR,IL2VR,IL1VR,neuron_to_neuron,cook_si5_and_fenyves,29.0,29.0,29.0,Cook2019_SI5,+,+,fenyves_sign_prediction,True,True,True,True,True,8.0,True
IL2VR__OLQVR,IL2VR,OLQVR,neuron_to_neuron,cook_si5_and_fenyves,9.0,9.0,9.0,Cook2019_SI5,no pred,-,fenyves_no_pred_default_inhibitory,True,True,True,True,True,2.0,True
IL2VR__RIAR,IL2VR,RIAR,neuron_to_neuron,cook_si5_and_fenyves,2.0,2.0,2.0,Cook2019_SI5,-,-,fenyves_sign_prediction,True,True,True,True,True,2.0,True
IL2VR__RIH,IL2VR,RIH,neuron_to_neuron,cook_si5_and_fenyves,5.0,5.0,5.0,Cook2019_SI5,-,-,fenyves_sign_prediction,True,True,True,True,True,4.0,True
IL2VR__RIPR,IL2VR,RIPR,neuron_to_neuron,cook_si5_and_fenyves,43.0,43.0,43.0,Cook2019_SI5,no pred,-,fenyves_no_pred_default_inhibitory,True,True,True,True,True,14.0,True
IL2VR__RMED,IL2VR,RMED,neuron_to_neuron,cook_si5_and_fenyves,2.0,2.0,2.0,Cook2019_SI5,+,+,fenyves_sign_prediction,True,True,True,True,True,1.0,True
IL2VR__RMEL,IL2VR,RMEL,neuron_to_neuron,cook_si5_and_fenyves,8.0,8.0,8.0,Cook2019_SI5,+,+,fenyves_sign_prediction,True,True,True,True,True,4.0,True
IL2VR__RMER,IL2VR,RMER,neuron_to_neuron,cook_si5_and_fenyves,17.0,17.0,17.0,Cook2019_SI5,+,+,fenyves_sign_prediction,True,True,True,True,True,5.0,True
IL2VR__RMEV,IL2VR,RMEV,neuron_to_neuron,cook_si5_and_fenyves,15.0,15.0,15.0,Cook2019_SI5,+,+,fenyves_sign_prediction,True,True,True,True,True,5.0,True
IL2VR__SIADR,IL2VR,SIADR,neuron_to_neuron,cook_si5_and_fenyves,1.0,1.0,1.0,Cook2019_SI5,complex,complex,fenyves_sign_prediction,True,True,True,True,True,1.0,True
IL2VR__URAVR,IL2VR,URAVR,neuron_to_neuron,cook_si5_and_fenyves,16.0,16.0,16.0,Cook2019_SI5,no pred,-,fenyves_no_pred_default_inhibitory,True,True,True,True,True,9.0,True
IL2VR__URXR,IL2VR,URXR,neuron_to_neuron,cook_si5_and_fenyves,1.0,1.0,1.0,Cook2019_SI5,-,-,fenyves_sign_prediction,True,True,True,True,True,1.0,True
LUAL__AVAL,LUAL,AVAL,neuron_to_neuron,cook_si5_and_fenyves,27.0,27.0,27.0,Cook2019_SI5,+,+,fenyves_sign_prediction,True,True,True,True,True,9.0,True
LUAL__AVAR,LUAL,AVAR,neuron_to_neuron,cook_si5_and_fenyves,23.0,23.0,23.0,Cook2019_SI5,+,+,fenyves_sign_prediction,True,True,True,True,True,6.0,True
LUAL__AVDL,LUAL,AVDL,neuron_to_neuron,cook_si5_and_fenyves,27.0,27.0,27.0,Cook2019_SI5,+,+,fenyves_sign_prediction,True,True,True,True,True,5.0,True
LUAL__AVDR,LUAL,AVDR,neuron_to_neuron,cook_si5_and_fenyves,6.0,6.0,6.0,Cook2019_SI5,+,+,fenyves_sign_prediction,True,True,True,True,True,2.0,True
LUAL__AVJL,LUAL,AVJL,neuron_to_neuron,cook_si5_and_fenyves,4.0,4.0,4.0,Cook2019_SI5,+,+,fenyves_sign_prediction,True,True,True,True,True,2.0,True
LUAL__AVJR,LUAL,AVJR,neuron_to_neuron,cook_si5_and_fenyves,1.0,1.0,1.0,Cook2019_SI5,+,+,fenyves_sign_prediction,True,True,True,True,True,1.0,True
LUAL__PHBL,LUAL,PHBL,neuron_to_neuron,cook_si5_and_fenyves,2.0,2.0,2.0,Cook2019_SI5,no pred,-,fenyves_no_pred_default_inhibitory,True,True,True,True,True,1.0,True
LUAL__PVNL,LUAL,PVNL,neuron_to_neuron,cook_si5_and_fenyves,1.0,1.0,1.0,Cook2019_SI5,+,+,fenyves_sign_prediction,True,True,True,True,True,1.0,True
LUAL__PVWL,LUAL,PVWL,neuron_to_neuron,cook_si5_and_fenyves,1.0,1.0,1.0,Cook2019_SI5,no pred,-,fenyves_no_pred_default_inhibitory,True,True,True,True,True,1.0,True
LUAR__AVAL,LUAR,AVAL,neuron_to_neuron,cook_si5_and_fenyves,13.0,13.0,13.0,Cook2019_SI5,+,+,fenyves_sign_prediction,True,True,True,True,True,5.0,True
LUAR__AVAR,LUAR,AVAR,neuron_to_neuron,cook_si5_and_fenyves,31.0,31.0,31.0,Cook2019_SI5,+,+,fenyves_sign_prediction,True,True,True,True,True,10.0,True
LUAR__AVDL,LUAR,AVDL,neuron_to_neuron,cook_si5_and_fenyves,5.0,5.0,5.0,Cook2019_SI5,+,+,fenyves_sign_prediction,True,True,True,True,True,4.0,True
LUAR__AVDR,LUAR,AVDR,neuron_to_neuron,cook_si5_and_fenyves,14.0,14.0,14.0,Cook2019_SI5,+,+,fenyves_sign_prediction,True,True,True,True,True,3.0,True
LUAR__AVJR,LUAR,AVJR,neuron_to_neuron,cook_si5_and_fenyves,4.0,4.0,4.0,Cook2019_SI5,+,+,fenyves_sign_prediction,True,True,True,True,True,1.0,True
LUAR__PDB,LUAR,PDB,neuron_to_neuron,cook_si5_and_fenyves,2.0,2.0,2.0,Cook2019_SI5,no pred,-,fenyves_no_pred_default_inhibitory,True,True,True,True,True,1.0,True
LUAR__PQR,LUAR,PQR,neuron_to_neuron,cook_si5_and_fenyves,7.0,7.0,7.0,Cook2019_SI5,no pred,-,fenyves_no_pred_default_inhibitory,True,True,True,True,True,1.0,True
LUAR__PVCR,LUAR,PVCR,neuron_to_neuron,cook_si5_and_fenyves,9.0,9.0,9.0,Cook2019_SI5,+,+,fenyves_sign_prediction,True,True,True,True,True,2.0,True
LUAR__PVNL,LUAR,PVNL,neuron_to_neuron,cook_si5_and_fenyves,1.0,1.0,1.0,Cook2019_SI5,+,+,fenyves_sign_prediction,True,True,True,True,True,1.0,True
LUAR__PVR,LUAR,PVR,neuron_to_neuron,cook_si5_and_fenyves,2.0,2.0,2.0,Cook2019_SI5,no pred,-,fenyves_no_pred_default_inhibitory,True,True,True,True,True,0.0,False
LUAR__PVWL,LUAR,PVWL,neuron_to_neuron,cook_si5_and_fenyves,3.0,3.0,3.0,Cook2019_SI5,no pred,-,fenyves_no_pred_default_inhibitory,True,True,True,True,True,1.0,True
LUAR__PVWR,LUAR,PVWR,neuron_to_neuron,cook_si5_and_fenyves,2.0,2.0,2.0,Cook2019_SI5,no pred,-,fenyves_no_pred_default_inhibitory,True,True,True,True,True,2.0,True
LUAR__hyp,LUAR,hyp,neuron_to_non_neuron_or_muscle,cook_si5_only,1.0,1.0,,Cook2019_SI5,,-,missing_fenyves_default_inhibitory,True,True,False,True,False,1.0,True
M1__I1R,M1,I1R,neuron_to_neuron,cook_si5_only,1.0,1.0,,Cook2019_SI5,,-,missing_fenyves_default_inhibitory,True,True,True,True,False,1.0,True
M1__I2L,M1,I2L,neuron_to_neuron,cook_si5_and_fenyves,3.0,3.0,3.0,Cook2019_SI5,no pred,-,fenyves_no_pred_default_inhibitory,True,True,True,True,True,4.0,True
M1__I2R,M1,I2R,neuron_to_neuron,cook_si5_and_fenyves,2.0,2.0,2.0,Cook2019_SI5,no pred,-,fenyves_no_pred_default_inhibitory,True,True,True,True,True,0.0,False
M1__I3,M1,I3,neuron_to_neuron,cook_si5_and_fenyves,8.0,8.0,8.0,Cook2019_SI5,no pred,-,fenyves_no_pred_default_inhibitory,True,True,True,True,True,7.0,True
M1__I4,M1,I4,neuron_to_neuron,cook_si5_and_fenyves,1.0,1.0,1.0,Cook2019_SI5,no pred,-,fenyves_no_pred_default_inhibitory,True,True,True,True,True,1.0,True
M1__I5,M1,I5,neuron_to_neuron,cook_si5_and_fenyves,2.0,2.0,2.0,Cook2019_SI5,+,+,fenyves_sign_prediction,True,True,True,True,True,0.0,False
M1__M4,M1,M4,neuron_to_neuron,cook_si5_only,1.0,1.0,,Cook2019_SI5,,-,missing_fenyves_default_inhibitory,True,True,True,True,False,1.0,True
M1__M5,M1,M5,neuron_to_neuron,cook_si5_only,1.0,1.0,,Cook2019_SI5,,-,missing_fenyves_default_inhibitory,True,True,True,True,False,1.0,True
M1__MI,M1,MI,neuron_to_neuron,cook_si5_and_fenyves,6.0,6.0,6.0,Cook2019_SI5,no pred,-,fenyves_no_pred_default_inhibitory,True,True,True,True,True,7.0,True
M1__NSML,M1,NSML,neuron_to_neuron,cook_si5_and_fenyves,2.0,2.0,2.0,Cook2019_SI5,no pred,-,fenyves_no_pred_default_inhibitory,True,True,True,True,True,2.0,True
M1__RIPL,M1,RIPL,neuron_to_neuron,cook_si5_only,1.0,1.0,,Cook2019_SI5,,-,missing_fenyves_default_inhibitory,True,True,True,True,False,0.0,False
M1__e3D,M1,e3D,neuron_to_non_neuron_or_muscle,cook_si5_only,3.0,3.0,,Cook2019_SI5,,-,missing_fenyves_default_inhibitory,True,True,False,True,False,3.0,True
M1__e3VL,M1,e3VL,neuron_to_non_neuron_or_muscle,cook_si5_only,1.0,1.0,,Cook2019_SI5,,-,missing_fenyves_default_inhibitory,True,True,False,True,False,1.0,True
M1__g1p,M1,g1p,neuron_to_non_neuron_or_muscle,cook_si5_only,5.0,5.0,,Cook2019_SI5,,-,missing_fenyves_default_inhibitory,True,True,False,True,False,0.0,False
M1__pm2D,M1,pm2D,neuron_to_non_neuron_or_muscle,cook_si5_only,1.0,1.0,,Cook2019_SI5,,-,missing_fenyves_default_inhibitory,True,True,False,True,False,2.0,True
M1__pm2VL,M1,pm2VL,neuron_to_non_neuron_or_muscle,cook_si5_only,1.0,1.0,,Cook2019_SI5,,-,missing_fenyves_default_inhibitory,True,True,False,True,False,1.0,True
M1__pm3VL,M1,pm3VL,neuron_to_non_neuron_or_muscle,cook_si5_only,1.0,1.0,,Cook2019_SI5,,-,missing_fenyves_default_inhibitory,True,True,False,True,False,1.0,True
M1__pm4D,M1,pm4D,neuron_to_non_neuron_or_muscle,cook_si5_only,1.0,1.0,,Cook2019_SI5,,-,missing_fenyves_default_inhibitory,True,True,False,True,False,1.0,True
M1__pm5D,M1,pm5D,neuron_to_non_neuron_or_muscle,cook_si5_only,3.0,3.0,,Cook2019_SI5,,-,missing_fenyves_default_inhibitory,True,True,False,True,False,2.0,True
M2L__I3,M2L,I3,neuron_to_neuron,cook_si5_and_fenyves,2.0,2.0,2.0,Cook2019_SI5,no pred,-,fenyves_no_pred_default_inhibitory,True,True,True,True,True,2.0,True
M2L__I4,M2L,I4,neuron_to_neuron,cook_si5_and_fenyves,8.0,8.0,8.0,Cook2019_SI5,no pred,-,fenyves_no_pred_default_inhibitory,True,True,True,True,True,6.0,True
M2L__I5,M2L,I5,neuron_to_neuron,cook_si5_and_fenyves,2.0,2.0,2.0,Cook2019_SI5,+,+,fenyves_sign_prediction,True,True,True,True,True,1.0,True
M2L__M3L,M2L,M3L,neuron_to_neuron,cook_si5_and_fenyves,3.0,3.0,3.0,Cook2019_SI5,no pred,-,fenyves_no_pred_default_inhibitory,True,True,True,True,True,1.0,True
M2L__M3R,M2L,M3R,neuron_to_neuron,cook_si5_and_fenyves,1.0,1.0,1.0,Cook2019_SI5,no pred,-,fenyves_no_pred_default_inhibitory,True,True,True,True,True,1.0,True
M2L__g1AL,M2L,g1AL,neuron_to_non_neuron_or_muscle,cook_si5_only,8.0,8.0,,Cook2019_SI5,,-,missing_fenyves_default_inhibitory,True,True,False,True,False,2.0,True
M2L__pm4D,M2L,pm4D,neuron_to_non_neuron_or_muscle,cook_si5_only,3.0,3.0,,Cook2019_SI5,,-,missing_fenyves_default_inhibitory,True,True,False,True,False,3.0,True
M2L__pm4VL,M2L,pm4VL,neuron_to_non_neuron_or_muscle,cook_si5_only,9.0,9.0,,Cook2019_SI5,,-,missing_fenyves_default_inhibitory,True,True,False,True,False,3.0,True
M2L__pm5D,M2L,pm5D,neuron_to_non_neuron_or_muscle,cook_si5_only,2.0,2.0,,Cook2019_SI5,,-,missing_fenyves_default_inhibitory,True,True,False,True,False,0.0,False
M2L__pm5VL,M2L,pm5VL,neuron_to_non_neuron_or_muscle,cook_si5_only,21.0,21.0,,Cook2019_SI5,,-,missing_fenyves_default_inhibitory,True,True,False,True,False,14.0,True
M2R__I4,M2R,I4,neuron_to_neuron,cook_si5_and_fenyves,1.0,1.0,1.0,Cook2019_SI5,no pred,-,fenyves_no_pred_default_inhibitory,True,True,True,True,True,1.0,True
M2R__I5,M2R,I5,neuron_to_neuron,cook_si5_and_fenyves,3.0,3.0,3.0,Cook2019_SI5,+,+,fenyves_sign_prediction,True,True,True,True,True,2.0,True
M2R__M3L,M2R,M3L,neuron_to_neuron,cook_si5_and_fenyves,2.0,2.0,2.0,Cook2019_SI5,no pred,-,fenyves_no_pred_default_inhibitory,True,True,True,True,True,0.0,False
M2R__M3R,M2R,M3R,neuron_to_neuron,cook_si5_and_fenyves,1.0,1.0,1.0,Cook2019_SI5,no pred,-,fenyves_no_pred_default_inhibitory,True,True,True,True,True,2.0,True
M2R__NSMR,M2R,NSMR,neuron_to_neuron,cook_si5_and_fenyves,1.0,1.0,1.0,Cook2019_SI5,no pred,-,fenyves_no_pred_default_inhibitory,True,True,True,True,True,1.0,True
M2R__g1AR,M2R,g1AR,neuron_to_non_neuron_or_muscle,cook_si5_only,3.0,3.0,,Cook2019_SI5,,-,missing_fenyves_default_inhibitory,True,True,False,True,False,2.0,True
M2R__pm4D,M2R,pm4D,neuron_to_non_neuron_or_muscle,cook_si5_only,3.0,3.0,,Cook2019_SI5,,-,missing_fenyves_default_inhibitory,True,True,False,True,False,0.0,False
M2R__pm4VR,M2R,pm4VR,neuron_to_non_neuron_or_muscle,cook_si5_only,3.0,3.0,,Cook2019_SI5,,-,missing_fenyves_default_inhibitory,True,True,False,True,False,3.0,True
M2R__pm5VR,M2R,pm5VR,neuron_to_non_neuron_or_muscle,cook_si5_only,12.0,12.0,,Cook2019_SI5,,-,missing_fenyves_default_inhibitory,True,True,False,True,False,9.0,True
M3L__NSML,M3L,NSML,neuron_to_neuron,cook_si5_and_fenyves,1.0,1.0,1.0,Cook2019_SI5,+,+,fenyves_sign_prediction,True,True,True,True,True,1.0,True
M3L__pm4D,M3L,pm4D,neuron_to_non_neuron_or_muscle,cook_si5_only,17.0,17.0,,Cook2019_SI5,,-,missing_fenyves_default_inhibitory,True,True,False,True,False,5.0,True
M3L__pm4VL,M3L,pm4VL,neuron_to_non_neuron_or_muscle,cook_si5_only,6.0,6.0,,Cook2019_SI5,,-,missing_fenyves_default_inhibitory,True,True,False,True,False,5.0,True
M3L__pm5D,M3L,pm5D,neuron_to_non_neuron_or_muscle,cook_si5_only,4.0,4.0,,Cook2019_SI5,,-,missing_fenyves_default_inhibitory,True,True,False,True,False,0.0,False
M3L__pm5VL,M3L,pm5VL,neuron_to_non_neuron_or_muscle,cook_si5_only,2.0,2.0,,Cook2019_SI5,,-,missing_fenyves_default_inhibitory,True,True,False,True,False,1.0,True
M3R__M4,M3R,M4,neuron_to_neuron,cook_si5_and_fenyves,2.0,2.0,2.0,Cook2019_SI5,+,+,fenyves_sign_prediction,True,True,True,True,True,2.0,True
M3R__bm,M3R,bm,neuron_to_non_neuron_or_muscle,cook_si5_only,1.0,1.0,,Cook2019_SI5,,-,missing_fenyves_default_inhibitory,True,True,False,True,False,0.0,False
M3R__g1AR,M3R,g1AR,neuron_to_non_neuron_or_muscle,cook_si5_only,3.0,3.0,,Cook2019_SI5,,-,missing_fenyves_default_inhibitory,True,True,False,True,False,2.0,True
M3R__pm4D,M3R,pm4D,neuron_to_non_neuron_or_muscle,cook_si5_only,6.0,6.0,,Cook2019_SI5,,-,missing_fenyves_default_inhibitory,True,True,False,True,False,0.0,False
M3R__pm4VR,M3R,pm4VR,neuron_to_non_neuron_or_muscle,cook_si5_only,1.0,1.0,,Cook2019_SI5,,-,missing_fenyves_default_inhibitory,True,True,False,True,False,0.0,False
M4__I4,M4,I4,neuron_to_neuron,cook_si5_and_fenyves,5.0,5.0,5.0,Cook2019_SI5,no pred,-,fenyves_no_pred_default_inhibitory,True,True,True,True,True,3.0,True
M4__I5,M4,I5,neuron_to_neuron,cook_si5_and_fenyves,1.0,1.0,1.0,Cook2019_SI5,+,+,fenyves_sign_prediction,True,True,True,True,True,1.0,True
M4__M2L,M4,M2L,neuron_to_neuron,cook_si5_and_fenyves,1.0,1.0,1.0,Cook2019_SI5,no pred,-,fenyves_no_pred_default_inhibitory,True,True,True,True,True,2.0,True
M4__M3L,M4,M3L,neuron_to_neuron,cook_si5_and_fenyves,1.0,1.0,1.0,Cook2019_SI5,no pred,-,fenyves_no_pred_default_inhibitory,True,True,True,True,True,2.0,True
M4__M4,M4,M4,neuron_to_neuron,cook_si5_and_fenyves,15.0,15.0,15.0,Cook2019_SI5,no pred,-,fenyves_no_pred_default_inhibitory,True,True,True,True,True,11.0,True
M4__MCL,M4,MCL,neuron_to_neuron,cook_si5_and_fenyves,1.0,1.0,1.0,Cook2019_SI5,no pred,-,fenyves_no_pred_default_inhibitory,True,True,True,True,True,1.0,True
M4__g1AL,M4,g1AL,neuron_to_non_neuron_or_muscle,cook_si5_only,43.0,43.0,,Cook2019_SI5,,-,missing_fenyves_default_inhibitory,True,True,False,True,False,19.0,True
M4__g1AR,M4,g1AR,neuron_to_non_neuron_or_muscle,cook_si5_only,49.0,49.0,,Cook2019_SI5,,-,missing_fenyves_default_inhibitory,True,True,False,True,False,21.0,True
M4__g1p,M4,g1p,neuron_to_non_neuron_or_muscle,cook_si5_only,46.0,46.0,,Cook2019_SI5,,-,missing_fenyves_default_inhibitory,True,True,False,True,False,0.0,False
M4__g2L,M4,g2L,neuron_to_non_neuron_or_muscle,cook_si5_only,3.0,3.0,,Cook2019_SI5,,-,missing_fenyves_default_inhibitory,True,True,False,True,False,0.0,False
M4__pm4VR,M4,pm4VR,neuron_to_non_neuron_or_muscle,cook_si5_only,1.0,1.0,,Cook2019_SI5,,-,missing_fenyves_default_inhibitory,True,True,False,True,False,2.0,True
M4__pm5D,M4,pm5D,neuron_to_non_neuron_or_muscle,cook_si5_only,69.0,69.0,,Cook2019_SI5,,-,missing_fenyves_default_inhibitory,True,True,False,True,False,41.0,True
M4__pm5VL,M4,pm5VL,neuron_to_non_neuron_or_muscle,cook_si5_only,50.0,50.0,,Cook2019_SI5,,-,missing_fenyves_default_inhibitory,True,True,False,True,False,26.0,True
M4__pm5VR,M4,pm5VR,neuron_to_non_neuron_or_muscle,cook_si5_only,72.0,72.0,,Cook2019_SI5,,-,missing_fenyves_default_inhibitory,True,True,False,True,False,34.0,True
M5__I5,M5,I5,neuron_to_neuron,cook_si5_only,1.0,1.0,,Cook2019_SI5,,-,missing_fenyves_default_inhibitory,True,True,True,True,False,1.0,True
M5__M1,M5,M1,neuron_to_neuron,cook_si5_only,1.0,1.0,,Cook2019_SI5,,-,missing_fenyves_default_inhibitory,True,True,True,True,False,1.0,True
M5__g1AL,M5,g1AL,neuron_to_non_neuron_or_muscle,cook_si5_only,3.0,3.0,,Cook2019_SI5,,-,missing_fenyves_default_inhibitory,True,True,False,True,False,2.0,True
M5__g1AR,M5,g1AR,neuron_to_non_neuron_or_muscle,cook_si5_only,1.0,1.0,,Cook2019_SI5,,-,missing_fenyves_default_inhibitory,True,True,False,True,False,1.0,True
M5__g2L,M5,g2L,neuron_to_non_neuron_or_muscle,cook_si5_only,2.0,2.0,,Cook2019_SI5,,-,missing_fenyves_default_inhibitory,True,True,False,True,False,0.0,False
M5__g2R,M5,g2R,neuron_to_non_neuron_or_muscle,cook_si5_only,1.0,1.0,,Cook2019_SI5,,-,missing_fenyves_default_inhibitory,True,True,False,True,False,0.0,False
M5__mc3V,M5,mc3V,neuron_to_non_neuron_or_muscle,cook_si5_only,4.0,4.0,,Cook2019_SI5,,-,missing_fenyves_default_inhibitory,True,True,False,True,False,0.0,False
M5__pm5VL,M5,pm5VL,neuron_to_non_neuron_or_muscle,cook_si5_only,1.0,1.0,,Cook2019_SI5,,-,missing_fenyves_default_inhibitory,True,True,False,True,False,0.0,False
M5__pm5VR,M5,pm5VR,neuron_to_non_neuron_or_muscle,cook_si5_only,3.0,3.0,,Cook2019_SI5,,-,missing_fenyves_default_inhibitory,True,True,False,True,False,0.0,False
M5__pm6D,M5,pm6D,neuron_to_non_neuron_or_muscle,cook_si5_only,2.0,2.0,,Cook2019_SI5,,-,missing_fenyves_default_inhibitory,True,True,False,True,False,1.0,True
M5__pm6VL,M5,pm6VL,neuron_to_non_neuron_or_muscle,cook_si5_only,2.0,2.0,,Cook2019_SI5,,-,missing_fenyves_default_inhibitory,True,True,False,True,False,3.0,True
M5__pm6VR,M5,pm6VR,neuron_to_non_neuron_or_muscle,cook_si5_only,2.0,2.0,,Cook2019_SI5,,-,missing_fenyves_default_inhibitory,True,True,False,True,False,5.0,True
M5__pm7D,M5,pm7D,neuron_to_non_neuron_or_muscle,cook_si5_only,3.0,3.0,,Cook2019_SI5,,-,missing_fenyves_default_inhibitory,True,True,False,True,False,6.0,True
M5__pm7VR,M5,pm7VR,neuron_to_non_neuron_or_muscle,cook_si5_only,2.0,2.0,,Cook2019_SI5,,-,missing_fenyves_default_inhibitory,True,True,False,True,False,10.0,True
MCL__mc2DR,MCL,mc2DR,neuron_to_non_neuron_or_muscle,cook_si5_only,7.0,7.0,,Cook2019_SI5,,-,missing_fenyves_default_inhibitory,True,True,False,True,False,0.0,False
MCL__mc2V,MCL,mc2V,neuron_to_non_neuron_or_muscle,cook_si5_only,13.0,13.0,,Cook2019_SI5,,-,missing_fenyves_default_inhibitory,True,True,False,True,False,9.0,True
MCR__mc2DL,MCR,mc2DL,neuron_to_non_neuron_or_muscle,cook_si5_only,6.0,6.0,,Cook2019_SI5,,-,missing_fenyves_default_inhibitory,True,True,False,True,False,0.0,False
MCR__mc2DR,MCR,mc2DR,neuron_to_non_neuron_or_muscle,cook_si5_only,4.0,4.0,,Cook2019_SI5,,-,missing_fenyves_default_inhibitory,True,True,False,True,False,0.0,False
MCR__mc2V,MCR,mc2V,neuron_to_non_neuron_or_muscle,cook_si5_only,11.0,11.0,,Cook2019_SI5,,-,missing_fenyves_default_inhibitory,True,True,False,True,False,7.0,True
MI__I1L,MI,I1L,neuron_to_neuron,cook_si5_and_fenyves,1.0,1.0,1.0,Cook2019_SI5,complex,complex,fenyves_sign_prediction,True,True,True,True,True,0.0,False
MI__I3,MI,I3,neuron_to_neuron,cook_si5_and_fenyves,2.0,2.0,2.0,Cook2019_SI5,+,+,fenyves_sign_prediction,True,True,True,True,True,3.0,True
MI__I4,MI,I4,neuron_to_neuron,cook_si5_and_fenyves,1.0,1.0,1.0,Cook2019_SI5,no pred,-,fenyves_no_pred_default_inhibitory,True,True,True,True,True,1.0,True
MI__M1,MI,M1,neuron_to_neuron,cook_si5_and_fenyves,7.0,7.0,7.0,Cook2019_SI5,+,+,fenyves_sign_prediction,True,True,True,True,True,5.0,True
MI__M2L,MI,M2L,neuron_to_neuron,cook_si5_and_fenyves,3.0,3.0,3.0,Cook2019_SI5,-,-,fenyves_sign_prediction,True,True,True,True,True,1.0,True
MI__M2R,MI,M2R,neuron_to_neuron,cook_si5_and_fenyves,2.0,2.0,2.0,Cook2019_SI5,-,-,fenyves_sign_prediction,True,True,True,True,True,0.0,False
MI__M3L,MI,M3L,neuron_to_neuron,cook_si5_and_fenyves,2.0,2.0,2.0,Cook2019_SI5,+,+,fenyves_sign_prediction,True,True,True,True,True,1.0,True
MI__M3R,MI,M3R,neuron_to_neuron,cook_si5_only,2.0,2.0,,Cook2019_SI5,,-,missing_fenyves_default_inhibitory,True,True,True,True,False,1.0,True
MI__MCL,MI,MCL,neuron_to_neuron,cook_si5_and_fenyves,3.0,3.0,3.0,Cook2019_SI5,+,+,fenyves_sign_prediction,True,True,True,True,True,1.0,True
MI__NSML,MI,NSML,neuron_to_neuron,cook_si5_and_fenyves,1.0,1.0,1.0,Cook2019_SI5,+,+,fenyves_sign_prediction,True,True,True,True,True,0.0,False
MI__NSMR,MI,NSMR,neuron_to_neuron,cook_si5_and_fenyves,2.0,2.0,2.0,Cook2019_SI5,+,+,fenyves_sign_prediction,True,True,True,True,True,0.0,False
MI__pm4D,MI,pm4D,neuron_to_non_neuron_or_muscle,cook_si5_only,2.0,2.0,,Cook2019_SI5,,-,missing_fenyves_default_inhibitory,True,True,False,True,False,6.0,True
MI__pm4VL,MI,pm4VL,neuron_to_non_neuron_or_muscle,cook_si5_only,1.0,1.0,,Cook2019_SI5,,-,missing_fenyves_default_inhibitory,True,True,False,True,False,1.0,True
MI__pm4VR,MI,pm4VR,neuron_to_non_neuron_or_muscle,cook_si5_only,7.0,7.0,,Cook2019_SI5,,-,missing_fenyves_default_inhibitory,True,True,False,True,False,0.0,False
MI__pm5D,MI,pm5D,neuron_to_non_neuron_or_muscle,cook_si5_only,5.0,5.0,,Cook2019_SI5,,-,missing_fenyves_default_inhibitory,True,True,False,True,False,1.0,True
NSML__I4,NSML,I4,neuron_to_neuron,cook_si5_and_fenyves,1.0,1.0,1.0,Cook2019_SI5,no pred,-,fenyves_no_pred_default_inhibitory,True,True,True,True,True,1.0,True
NSML__I6,NSML,I6,neuron_to_neuron,cook_si5_only,1.0,1.0,,Cook2019_SI5,,-,missing_fenyves_default_inhibitory,True,True,True,True,False,0.0,False
NSML__M3L,NSML,M3L,neuron_to_neuron,cook_si5_and_fenyves,21.0,21.0,21.0,Cook2019_SI5,no pred,-,fenyves_no_pred_default_inhibitory,True,True,True,True,True,10.0,True
NSML__M3R,NSML,M3R,neuron_to_neuron,cook_si5_and_fenyves,1.0,1.0,1.0,Cook2019_SI5,no pred,-,fenyves_no_pred_default_inhibitory,True,True,True,True,True,1.0,True
NSML__M4,NSML,M4,neuron_to_neuron,cook_si5_and_fenyves,13.0,13.0,13.0,Cook2019_SI5,no pred,-,fenyves_no_pred_default_inhibitory,True,True,True,True,True,0.0,False
NSML__NSMR,NSML,NSMR,neuron_to_neuron,cook_si5_and_fenyves,7.0,7.0,7.0,Cook2019_SI5,no pred,-,fenyves_no_pred_default_inhibitory,True,True,True,True,True,0.0,False
NSML__bm,NSML,bm,neuron_to_non_neuron_or_muscle,cook_si5_only,88.0,88.0,,Cook2019_SI5,,-,missing_fenyves_default_inhibitory,True,True,False,True,False,0.0,False
NSML__pm4VL,NSML,pm4VL,neuron_to_non_neuron_or_muscle,cook_si5_only,2.0,2.0,,Cook2019_SI5,,-,missing_fenyves_default_inhibitory,True,True,False,True,False,0.0,False
NSML__pm5D,NSML,pm5D,neuron_to_non_neuron_or_muscle,cook_si5_only,38.0,38.0,,Cook2019_SI5,,-,missing_fenyves_default_inhibitory,True,True,False,True,False,15.0,True
NSML__pm5VL,NSML,pm5VL,neuron_to_non_neuron_or_muscle,cook_si5_only,63.0,63.0,,Cook2019_SI5,,-,missing_fenyves_default_inhibitory,True,True,False,True,False,31.0,True
NSML__pm5VR,NSML,pm5VR,neuron_to_non_neuron_or_muscle,cook_si5_only,8.0,8.0,,Cook2019_SI5,,-,missing_fenyves_default_inhibitory,True,True,False,True,False,2.0,True
NSMR__I2L,NSMR,I2L,neuron_to_neuron,cook_si5_and_fenyves,1.0,1.0,1.0,Cook2019_SI5,no pred,-,fenyves_no_pred_default_inhibitory,True,True,True,True,True,0.0,False
NSMR__I2R,NSMR,I2R,neuron_to_neuron,cook_si5_and_fenyves,1.0,1.0,1.0,Cook2019_SI5,no pred,-,fenyves_no_pred_default_inhibitory,True,True,True,True,True,0.0,False
NSMR__I4,NSMR,I4,neuron_to_neuron,cook_si5_and_fenyves,3.0,3.0,3.0,Cook2019_SI5,no pred,-,fenyves_no_pred_default_inhibitory,True,True,True,True,True,0.0,False
NSMR__I6,NSMR,I6,neuron_to_neuron,cook_si5_and_fenyves,4.0,4.0,4.0,Cook2019_SI5,no pred,-,fenyves_no_pred_default_inhibitory,True,True,True,True,True,1.0,True
NSMR__M3R,NSMR,M3R,neuron_to_neuron,cook_si5_and_fenyves,24.0,24.0,24.0,Cook2019_SI5,no pred,-,fenyves_no_pred_default_inhibitory,True,True,True,True,True,13.0,True
NSMR__bm,NSMR,bm,neuron_to_non_neuron_or_muscle,cook_si5_only,72.0,72.0,,Cook2019_SI5,,-,missing_fenyves_default_inhibitory,True,True,False,True,False,0.0,False
NSMR__pm4D,NSMR,pm4D,neuron_to_non_neuron_or_muscle,cook_si5_only,3.0,3.0,,Cook2019_SI5,,-,missing_fenyves_default_inhibitory,True,True,False,True,False,2.0,True
NSMR__pm5D,NSMR,pm5D,neuron_to_non_neuron_or_muscle,cook_si5_only,9.0,9.0,,Cook2019_SI5,,-,missing_fenyves_default_inhibitory,True,True,False,True,False,5.0,True
NSMR__pm5VL,NSMR,pm5VL,neuron_to_non_neuron_or_muscle,cook_si5_only,1.0,1.0,,Cook2019_SI5,,-,missing_fenyves_default_inhibitory,True,True,False,True,False,0.0,False
NSMR__pm5VR,NSMR,pm5VR,neuron_to_non_neuron_or_muscle,cook_si5_only,53.0,53.0,,Cook2019_SI5,,-,missing_fenyves_default_inhibitory,True,True,False,True,False,25.0,True
OLLL__ADEL,OLLL,ADEL,neuron_to_neuron,cook_si5_only,5.0,5.0,,Cook2019_SI5,,-,missing_fenyves_default_inhibitory,True,True,True,True,False,3.0,True
OLLL__AVER,OLLL,AVER,neuron_to_neuron,cook_si5_and_fenyves,53.0,53.0,53.0,Cook2019_SI5,+,+,fenyves_sign_prediction,True,True,True,True,True,26.0,True
OLLL__CEPDL,OLLL,CEPDL,neuron_to_neuron,cook_si5_and_fenyves,5.0,5.0,5.0,Cook2019_SI5,no pred,-,fenyves_no_pred_default_inhibitory,True,True,True,True,True,3.0,True
OLLL__CEPVL,OLLL,CEPVL,neuron_to_neuron,cook_si5_and_fenyves,14.0,14.0,14.0,Cook2019_SI5,no pred,-,fenyves_no_pred_default_inhibitory,True,True,True,True,True,6.0,True
OLLL__IL1VL,OLLL,IL1VL,neuron_to_neuron,cook_si5_and_fenyves,3.0,3.0,3.0,Cook2019_SI5,no pred,-,fenyves_no_pred_default_inhibitory,True,True,True,True,True,1.0,True
OLLL__OLLL,OLLL,OLLL,neuron_to_neuron,cook_si5_and_fenyves,4.0,4.0,4.0,Cook2019_SI5,no pred,-,fenyves_no_pred_default_inhibitory,True,True,True,True,True,2.0,True
OLLL__RIBL,OLLL,RIBL,neuron_to_neuron,cook_si5_and_fenyves,24.0,24.0,24.0,Cook2019_SI5,complex,complex,fenyves_sign_prediction,True,True,True,True,True,13.0,True
OLLL__RMDDL,OLLL,RMDDL,neuron_to_neuron,cook_si5_and_fenyves,22.0,22.0,22.0,Cook2019_SI5,+,+,fenyves_sign_prediction,True,True,True,True,True,10.0,True
OLLL__RMDL,OLLL,RMDL,neuron_to_neuron,cook_si5_and_fenyves,6.0,6.0,6.0,Cook2019_SI5,+,+,fenyves_sign_prediction,True,True,True,True,True,1.0,True
OLLL__RMDVL,OLLL,RMDVL,neuron_to_neuron,cook_si5_and_fenyves,3.0,3.0,3.0,Cook2019_SI5,+,+,fenyves_sign_prediction,True,True,True,True,True,3.0,True
OLLL__RMEL,OLLL,RMEL,neuron_to_neuron,cook_si5_and_fenyves,5.0,5.0,5.0,Cook2019_SI5,+,+,fenyves_sign_prediction,True,True,True,True,True,3.0,True
OLLL__SMDDL,OLLL,SMDDL,neuron_to_neuron,cook_si5_and_fenyves,8.0,8.0,8.0,Cook2019_SI5,+,+,fenyves_sign_prediction,True,True,True,True,True,6.0,True
OLLL__SMDDR,OLLL,SMDDR,neuron_to_neuron,cook_si5_and_fenyves,9.0,9.0,9.0,Cook2019_SI5,+,+,fenyves_sign_prediction,True,True,True,True,True,7.0,True
OLLL__SMDVR,OLLL,SMDVR,neuron_to_neuron,cook_si5_and_fenyves,10.0,10.0,10.0,Cook2019_SI5,+,+,fenyves_sign_prediction,True,True,True,True,True,4.0,True
OLLL__URYDL,OLLL,URYDL,neuron_to_neuron,cook_si5_and_fenyves,2.0,2.0,2.0,Cook2019_SI5,+,+,fenyves_sign_prediction,True,True,True,True,True,2.0,True
OLLL__URYVL,OLLL,URYVL,neuron_to_neuron,cook_si5_and_fenyves,1.0,1.0,1.0,Cook2019_SI5,+,+,fenyves_sign_prediction,True,True,True,True,True,1.0,True
OLLR__ADER,OLLR,ADER,neuron_to_neuron,cook_si5_and_fenyves,2.0,2.0,2.0,Cook2019_SI5,no pred,-,fenyves_no_pred_default_inhibitory,True,True,True,True,True,1.0,True
OLLR__AVEL,OLLR,AVEL,neuron_to_neuron,cook_si5_and_fenyves,39.0,39.0,39.0,Cook2019_SI5,+,+,fenyves_sign_prediction,True,True,True,True,True,24.0,True
OLLR__CEPDR,OLLR,CEPDR,neuron_to_neuron,cook_si5_and_fenyves,4.0,4.0,4.0,Cook2019_SI5,no pred,-,fenyves_no_pred_default_inhibitory,True,True,True,True,True,7.0,True
OLLR__CEPVR,OLLR,CEPVR,neuron_to_neuron,cook_si5_and_fenyves,16.0,16.0,16.0,Cook2019_SI5,no pred,-,fenyves_no_pred_default_inhibitory,True,True,True,True,True,11.0,True
OLLR__IL1DR,OLLR,IL1DR,neuron_to_neuron,cook_si5_and_fenyves,1.0,1.0,1.0,Cook2019_SI5,no pred,-,fenyves_no_pred_default_inhibitory,True,True,True,True,True,1.0,True
OLLR__IL1VR,OLLR,IL1VR,neuron_to_neuron,cook_si5_and_fenyves,2.0,2.0,2.0,Cook2019_SI5,no pred,-,fenyves_no_pred_default_inhibitory,True,True,True,True,True,1.0,True
OLLR__IL2R,OLLR,IL2R,neuron_to_neuron,cook_si5_and_fenyves,1.0,1.0,1.0,Cook2019_SI5,no pred,-,fenyves_no_pred_default_inhibitory,True,True,True,True,True,1.0,True
OLLR__OLLR,OLLR,OLLR,neuron_to_neuron,cook_si5_and_fenyves,4.0,4.0,4.0,Cook2019_SI5,no pred,-,fenyves_no_pred_default_inhibitory,True,True,True,True,True,2.0,True
OLLR__OLQDR,OLLR,OLQDR,neuron_to_neuron,cook_si5_and_fenyves,1.0,1.0,1.0,Cook2019_SI5,no pred,-,fenyves_no_pred_default_inhibitory,True,True,True,True,True,1.0,True
OLLR__RIBR,OLLR,RIBR,neuron_to_neuron,cook_si5_and_fenyves,21.0,21.0,21.0,Cook2019_SI5,complex,complex,fenyves_sign_prediction,True,True,True,True,True,13.0,True
OLLR__RIS,OLLR,RIS,neuron_to_neuron,cook_si5_and_fenyves,2.0,2.0,2.0,Cook2019_SI5,complex,complex,fenyves_sign_prediction,True,True,True,True,True,1.0,True
OLLR__RMDDR,OLLR,RMDDR,neuron_to_neuron,cook_si5_and_fenyves,26.0,26.0,26.0,Cook2019_SI5,+,+,fenyves_sign_prediction,True,True,True,True,True,15.0,True
OLLR__RMDL,OLLR,RMDL,neuron_to_neuron,cook_si5_and_fenyves,9.0,9.0,9.0,Cook2019_SI5,+,+,fenyves_sign_prediction,True,True,True,True,True,4.0,True
OLLR__RMDR,OLLR,RMDR,neuron_to_neuron,cook_si5_and_fenyves,2.0,2.0,2.0,Cook2019_SI5,+,+,fenyves_sign_prediction,True,True,True,True,True,1.0,True
OLLR__RMDVR,OLLR,RMDVR,neuron_to_neuron,cook_si5_and_fenyves,6.0,6.0,6.0,Cook2019_SI5,+,+,fenyves_sign_prediction,True,True,True,True,True,4.0,True
OLLR__RMED,OLLR,RMED,neuron_to_neuron,cook_si5_and_fenyves,1.0,1.0,1.0,Cook2019_SI5,complex,complex,fenyves_sign_prediction,True,True,True,True,True,1.0,True
OLLR__RMER,OLLR,RMER,neuron_to_neuron,cook_si5_and_fenyves,3.0,3.0,3.0,Cook2019_SI5,+,+,fenyves_sign_prediction,True,True,True,True,True,2.0,True
OLLR__SMDDL,OLLR,SMDDL,neuron_to_neuron,cook_si5_and_fenyves,3.0,3.0,3.0,Cook2019_SI5,+,+,fenyves_sign_prediction,True,True,True,True,True,3.0,True
OLLR__SMDDR,OLLR,SMDDR,neuron_to_neuron,cook_si5_and_fenyves,1.0,1.0,1.0,Cook2019_SI5,+,+,fenyves_sign_prediction,True,True,True,True,True,1.0,True
OLLR__SMDVL,OLLR,SMDVL,neuron_to_neuron,cook_si5_and_fenyves,11.0,11.0,11.0,Cook2019_SI5,+,+,fenyves_sign_prediction,True,True,True,True,True,5.0,True
OLLR__SMDVR,OLLR,SMDVR,neuron_to_neuron,cook_si5_and_fenyves,4.0,4.0,4.0,Cook2019_SI5,+,+,fenyves_sign_prediction,True,True,True,True,True,4.0,True
OLLR__URYVL,OLLR,URYVL,neuron_to_neuron,fenyves_only,3.0,,3.0,Fenyves2020_only,+,+,fenyves_only_connection_with_sign,True,True,True,False,True,0.0,False
OLQDL__CEPDL,OLQDL,CEPDL,neuron_to_neuron,cook_si5_and_fenyves,3.0,3.0,3.0,Cook2019_SI5,no pred,-,fenyves_no_pred_default_inhibitory,True,True,True,True,True,1.0,True
OLQDL__RICR,OLQDL,RICR,neuron_to_neuron,cook_si5_and_fenyves,6.0,6.0,6.0,Cook2019_SI5,+,+,fenyves_sign_prediction,True,True,True,True,True,2.0,True
OLQDL__RIH,OLQDL,RIH,neuron_to_neuron,cook_si5_and_fenyves,3.0,3.0,3.0,Cook2019_SI5,+,+,fenyves_sign_prediction,True,True,True,True,True,1.0,True
OLQDL__RMDDL,OLQDL,RMDDL,neuron_to_neuron,cook_si5_and_fenyves,1.0,1.0,1.0,Cook2019_SI5,+,+,fenyves_sign_prediction,True,True,True,True,True,1.0,True
OLQDL__RMDDR,OLQDL,RMDDR,neuron_to_neuron,cook_si5_and_fenyves,10.0,10.0,10.0,Cook2019_SI5,+,+,fenyves_sign_prediction,True,True,True,True,True,5.0,True
OLQDL__RMED,OLQDL,RMED,neuron_to_neuron,cook_si5_and_fenyves,1.0,1.0,1.0,Cook2019_SI5,complex,complex,fenyves_sign_prediction,True,True,True,True,True,1.0,True
OLQDL__RMEL,OLQDL,RMEL,neuron_to_neuron,cook_si5_and_fenyves,2.0,2.0,2.0,Cook2019_SI5,+,+,fenyves_sign_prediction,True,True,True,True,True,1.0,True
OLQDL__RMHL,OLQDL,RMHL,neuron_to_neuron,cook_si5_and_fenyves,1.0,1.0,1.0,Cook2019_SI5,+,+,fenyves_sign_prediction,True,True,True,True,True,1.0,True
OLQDL__SIBDL,OLQDL,SIBDL,neuron_to_neuron,fenyves_only,9.0,,9.0,Fenyves2020_only,+,+,fenyves_only_connection_with_sign,True,True,True,False,True,0.0,False
OLQDL__SIBVL,OLQDL,SIBVL,neuron_to_neuron,cook_si5_only,10.0,10.0,,Cook2019_SI5,,-,missing_fenyves_default_inhibitory,True,True,True,True,False,5.0,True
OLQDL__URYDL,OLQDL,URYDL,neuron_to_neuron,cook_si5_and_fenyves,3.0,3.0,3.0,Cook2019_SI5,+,+,fenyves_sign_prediction,True,True,True,True,True,1.0,True
OLQDL__dBWML6,OLQDL,dBWML6,neuron_to_non_neuron_or_muscle,cook_si5_only,1.0,1.0,,Cook2019_SI5,,-,missing_fenyves_default_inhibitory,True,True,False,True,False,1.0,True
OLQDR__IL1DR,OLQDR,IL1DR,neuron_to_neuron,cook_si5_and_fenyves,1.0,1.0,1.0,Cook2019_SI5,no pred,-,fenyves_no_pred_default_inhibitory,True,True,True,True,True,1.0,True
OLQDR__RICL,OLQDR,RICL,neuron_to_neuron,cook_si5_and_fenyves,2.0,2.0,2.0,Cook2019_SI5,+,+,fenyves_sign_prediction,True,True,True,True,True,1.0,True
OLQDR__RICR,OLQDR,RICR,neuron_to_neuron,cook_si5_and_fenyves,2.0,2.0,2.0,Cook2019_SI5,+,+,fenyves_sign_prediction,True,True,True,True,True,1.0,True
OLQDR__RIH,OLQDR,RIH,neuron_to_neuron,cook_si5_and_fenyves,2.0,2.0,2.0,Cook2019_SI5,+,+,fenyves_sign_prediction,True,True,True,True,True,2.0,True
OLQDR__RMDDL,OLQDR,RMDDL,neuron_to_neuron,cook_si5_and_fenyves,11.0,11.0,11.0,Cook2019_SI5,+,+,fenyves_sign_prediction,True,True,True,True,True,3.0,True
OLQDR__RMER,OLQDR,RMER,neuron_to_neuron,cook_si5_and_fenyves,1.0,1.0,1.0,Cook2019_SI5,+,+,fenyves_sign_prediction,True,True,True,True,True,1.0,True
OLQDR__RMHR,OLQDR,RMHR,neuron_to_neuron,cook_si5_and_fenyves,3.0,3.0,3.0,Cook2019_SI5,+,+,fenyves_sign_prediction,True,True,True,True,True,2.0,True
OLQDR__SIBDR,OLQDR,SIBDR,neuron_to_neuron,fenyves_only,6.0,,6.0,Fenyves2020_only,+,+,fenyves_only_connection_with_sign,True,True,True,False,True,0.0,False
OLQDR__SIBVR,OLQDR,SIBVR,neuron_to_neuron,cook_si5_only,6.0,6.0,,Cook2019_SI5,,-,missing_fenyves_default_inhibitory,True,True,True,True,False,0.0,False
OLQVL__AVAL,OLQVL,AVAL,neuron_to_neuron,cook_si5_and_fenyves,1.0,1.0,1.0,Cook2019_SI5,+,+,fenyves_sign_prediction,True,True,True,True,True,1.0,True
OLQVL__AVDR,OLQVL,AVDR,neuron_to_neuron,cook_si5_and_fenyves,1.0,1.0,1.0,Cook2019_SI5,+,+,fenyves_sign_prediction,True,True,True,True,True,1.0,True
OLQVL__IL2L,OLQVL,IL2L,neuron_to_neuron,cook_si5_and_fenyves,1.0,1.0,1.0,Cook2019_SI5,no pred,-,fenyves_no_pred_default_inhibitory,True,True,True,True,True,1.0,True
OLQVL__RICL,OLQVL,RICL,neuron_to_neuron,cook_si5_and_fenyves,4.0,4.0,4.0,Cook2019_SI5,+,+,fenyves_sign_prediction,True,True,True,True,True,2.0,True
OLQVL__RMDVR,OLQVL,RMDVR,neuron_to_neuron,cook_si5_and_fenyves,14.0,14.0,14.0,Cook2019_SI5,+,+,fenyves_sign_prediction,True,True,True,True,True,4.0,True
OLQVL__RMHL,OLQVL,RMHL,neuron_to_neuron,cook_si5_and_fenyves,2.0,2.0,2.0,Cook2019_SI5,+,+,fenyves_sign_prediction,True,True,True,True,True,1.0,True
OLQVL__SIAVL,OLQVL,SIAVL,neuron_to_neuron,cook_si5_only,9.0,9.0,,Cook2019_SI5,,-,missing_fenyves_default_inhibitory,True,True,True,True,False,1.0,True
OLQVL__SIBDL,OLQVL,SIBDL,neuron_to_neuron,cook_si5_only,13.0,13.0,,Cook2019_SI5,,-,missing_fenyves_default_inhibitory,True,True,True,True,False,3.0,True
OLQVL__SIBVL,OLQVL,SIBVL,neuron_to_neuron,fenyves_only,13.0,,13.0,Fenyves2020_only,+,+,fenyves_only_connection_with_sign,True,True,True,False,True,0.0,False
OLQVR__IL1VR,OLQVR,IL1VR,neuron_to_neuron,cook_si5_and_fenyves,2.0,2.0,2.0,Cook2019_SI5,no pred,-,fenyves_no_pred_default_inhibitory,True,True,True,True,True,2.0,True
OLQVR__RIAR,OLQVR,RIAR,neuron_to_neuron,fenyves_only,10.0,,10.0,Fenyves2020_only,complex,complex,fenyves_only_connection_with_sign,True,True,True,False,True,0.0,False
OLQVR__RICR,OLQVR,RICR,neuron_to_neuron,cook_si5_and_fenyves,3.0,3.0,3.0,Cook2019_SI5,+,+,fenyves_sign_prediction,True,True,True,True,True,2.0,True
OLQVR__RIH,OLQVR,RIH,neuron_to_neuron,cook_si5_and_fenyves,18.0,18.0,18.0,Cook2019_SI5,+,+,fenyves_sign_prediction,True,True,True,True,True,3.0,True
OLQVR__RIPR,OLQVR,RIPR,neuron_to_neuron,cook_si5_and_fenyves,18.0,18.0,18.0,Cook2019_SI5,no pred,-,fenyves_no_pred_default_inhibitory,True,True,True,True,True,3.0,True
OLQVR__RMDVL,OLQVR,RMDVL,neuron_to_neuron,cook_si5_and_fenyves,18.0,18.0,18.0,Cook2019_SI5,+,+,fenyves_sign_prediction,True,True,True,True,True,5.0,True
OLQVR__RMER,OLQVR,RMER,neuron_to_neuron,cook_si5_and_fenyves,2.0,2.0,2.0,Cook2019_SI5,+,+,fenyves_sign_prediction,True,True,True,True,True,2.0,True
OLQVR__RMHR,OLQVR,RMHR,neuron_to_neuron,cook_si5_and_fenyves,1.0,1.0,1.0,Cook2019_SI5,+,+,fenyves_sign_prediction,True,True,True,True,True,1.0,True
OLQVR__SIBDR,OLQVR,SIBDR,neuron_to_neuron,cook_si5_only,18.0,18.0,,Cook2019_SI5,,-,missing_fenyves_default_inhibitory,True,True,True,True,False,0.0,False
OLQVR__SIBVR,OLQVR,SIBVR,neuron_to_neuron,fenyves_only,18.0,,18.0,Fenyves2020_only,+,+,fenyves_only_connection_with_sign,True,True,True,False,True,0.0,False
PDA__DA09,PDA,DA09,neuron_to_neuron,cook_si5_and_fenyves,1.0,1.0,1.0,Cook2019_SI5,+,+,fenyves_sign_prediction,True,True,True,True,True,1.0,True
PDA__DD06,PDA,DD06,neuron_to_neuron,cook_si5_and_fenyves,3.0,3.0,3.0,Cook2019_SI5,+,+,fenyves_sign_prediction,True,True,True,True,True,2.0,True
PDA__PVNR,PDA,PVNR,neuron_to_neuron,cook_si5_and_fenyves,1.0,1.0,1.0,Cook2019_SI5,+,+,fenyves_sign_prediction,True,True,True,True,True,1.0,True
PDA__VD11,PDA,VD11,neuron_to_neuron,cook_si5_and_fenyves,10.0,10.0,10.0,Cook2019_SI5,+,+,fenyves_sign_prediction,True,True,True,True,True,0.0,False
PDA__VD12,PDA,VD12,neuron_to_neuron,cook_si5_and_fenyves,12.0,12.0,12.0,Cook2019_SI5,+,+,fenyves_sign_prediction,True,True,True,True,True,0.0,False
PDA__VD13,PDA,VD13,neuron_to_neuron,cook_si5_and_fenyves,3.0,3.0,10.0,Cook2019_SI5,+,+,fenyves_sign_prediction,True,True,True,True,True,0.0,False
PDA__dBWML21,PDA,dBWML21,neuron_to_non_neuron_or_muscle,cook_si5_only,4.0,4.0,,Cook2019_SI5,,-,missing_fenyves_default_inhibitory,True,True,False,True,False,0.0,False
PDA__dBWML22,PDA,dBWML22,neuron_to_non_neuron_or_muscle,cook_si5_only,1.0,1.0,,Cook2019_SI5,,-,missing_fenyves_default_inhibitory,True,True,False,True,False,1.0,True
PDA__dBWML23,PDA,dBWML23,neuron_to_non_neuron_or_muscle,cook_si5_only,5.0,5.0,,Cook2019_SI5,,-,missing_fenyves_default_inhibitory,True,True,False,True,False,0.0,False
PDA__dBWML24,PDA,dBWML24,neuron_to_non_neuron_or_muscle,cook_si5_only,6.0,6.0,,Cook2019_SI5,,-,missing_fenyves_default_inhibitory,True,True,False,True,False,0.0,False
PDA__dBWMR21,PDA,dBWMR21,neuron_to_non_neuron_or_muscle,cook_si5_only,4.0,4.0,,Cook2019_SI5,,-,missing_fenyves_default_inhibitory,True,True,False,True,False,0.0,False
PDA__dBWMR22,PDA,dBWMR22,neuron_to_non_neuron_or_muscle,cook_si5_only,4.0,4.0,,Cook2019_SI5,,-,missing_fenyves_default_inhibitory,True,True,False,True,False,0.0,False
PDA__dBWMR23,PDA,dBWMR23,neuron_to_non_neuron_or_muscle,cook_si5_only,5.0,5.0,,Cook2019_SI5,,-,missing_fenyves_default_inhibitory,True,True,False,True,False,0.0,False
PDA__dBWMR24,PDA,dBWMR24,neuron_to_non_neuron_or_muscle,cook_si5_only,6.0,6.0,,Cook2019_SI5,,-,missing_fenyves_default_inhibitory,True,True,False,True,False,0.0,False
PDA__hyp,PDA,hyp,neuron_to_non_neuron_or_muscle,cook_si5_only,1.0,1.0,,Cook2019_SI5,,-,missing_fenyves_default_inhibitory,True,True,False,True,False,1.0,True
PDB__DD06,PDB,DD06,neuron_to_neuron,cook_si5_and_fenyves,2.0,2.0,2.0,Cook2019_SI5,+,+,fenyves_sign_prediction,True,True,True,True,True,2.0,True
PDB__VD12,PDB,VD12,neuron_to_neuron,cook_si5_and_fenyves,10.0,10.0,10.0,Cook2019_SI5,+,+,fenyves_sign_prediction,True,True,True,True,True,0.0,False
PDB__VD13,PDB,VD13,neuron_to_neuron,cook_si5_and_fenyves,2.0,2.0,10.0,Cook2019_SI5,+,+,fenyves_sign_prediction,True,True,True,True,True,0.0,False
PDB__dBWML22,PDB,dBWML22,neuron_to_non_neuron_or_muscle,cook_si5_only,2.0,2.0,,Cook2019_SI5,,-,missing_fenyves_default_inhibitory,True,True,False,True,False,2.0,True
PDB__dBWML23,PDB,dBWML23,neuron_to_non_neuron_or_muscle,cook_si5_only,2.0,2.0,,Cook2019_SI5,,-,missing_fenyves_default_inhibitory,True,True,False,True,False,0.0,False
PDB__dBWML24,PDB,dBWML24,neuron_to_non_neuron_or_muscle,cook_si5_only,3.0,3.0,,Cook2019_SI5,,-,missing_fenyves_default_inhibitory,True,True,False,True,False,0.0,False
PDB__dBWMR23,PDB,dBWMR23,neuron_to_non_neuron_or_muscle,cook_si5_only,3.0,3.0,,Cook2019_SI5,,-,missing_fenyves_default_inhibitory,True,True,False,True,False,0.0,False
PDB__dBWMR24,PDB,dBWMR24,neuron_to_non_neuron_or_muscle,cook_si5_only,2.0,2.0,,Cook2019_SI5,,-,missing_fenyves_default_inhibitory,True,True,False,True,False,0.0,False
PDEL__AVKL,PDEL,AVKL,neuron_to_neuron,cook_si5_only,5.0,5.0,,Cook2019_SI5,,-,missing_fenyves_default_inhibitory,True,True,True,True,False,5.0,True
PDEL__DVA,PDEL,DVA,neuron_to_neuron,cook_si5_and_fenyves,7.0,7.0,1.0,Cook2019_SI5,no pred,-,fenyves_no_pred_default_inhibitory,True,True,True,True,True,18.0,True
PDEL__PDER,PDEL,PDER,neuron_to_neuron,cook_si5_only,4.0,4.0,,Cook2019_SI5,,-,missing_fenyves_default_inhibitory,True,True,True,True,False,3.0,True
PDEL__PVM,PDEL,PVM,neuron_to_neuron,cook_si5_only,3.0,3.0,,Cook2019_SI5,,-,missing_fenyves_default_inhibitory,True,True,True,True,False,1.0,True
PDEL__PVR,PDEL,PVR,neuron_to_neuron,cook_si5_only,2.0,2.0,,Cook2019_SI5,,-,missing_fenyves_default_inhibitory,True,True,True,True,False,0.0,False
PDEL__hyp,PDEL,hyp,neuron_to_non_neuron_or_muscle,cook_si5_only,2.0,2.0,,Cook2019_SI5,,-,missing_fenyves_default_inhibitory,True,True,False,True,False,2.0,True
PDER__AVKL,PDER,AVKL,neuron_to_neuron,cook_si5_only,16.0,16.0,,Cook2019_SI5,,-,missing_fenyves_default_inhibitory,True,True,True,True,False,8.0,True
PDER__DVA,PDER,DVA,neuron_to_neuron,cook_si5_and_fenyves,1.0,1.0,7.0,Cook2019_SI5,no pred,-,fenyves_no_pred_default_inhibitory,True,True,True,True,True,22.0,True
PDER__PDEL,PDER,PDEL,neuron_to_neuron,fenyves_only,5.0,,5.0,Fenyves2020_only,no pred,-,fenyves_no_pred_default_inhibitory,True,True,True,False,True,0.0,False
PDER__PVCL,PDER,PVCL,neuron_to_neuron,cook_si5_only,1.0,1.0,,Cook2019_SI5,,-,missing_fenyves_default_inhibitory,True,True,True,True,False,1.0,True
PDER__PVCR,PDER,PVCR,neuron_to_neuron,cook_si5_only,1.0,1.0,,Cook2019_SI5,,-,missing_fenyves_default_inhibitory,True,True,True,True,False,1.0,True
PDER__PVM,PDER,PVM,neuron_to_neuron,cook_si5_only,1.0,1.0,,Cook2019_SI5,,-,missing_fenyves_default_inhibitory,True,True,True,True,False,0.0,False
PDER__PVR,PDER,PVR,neuron_to_neuron,fenyves_only,2.0,,2.0,Fenyves2020_only,no pred,-,fenyves_no_pred_default_inhibitory,True,True,True,False,True,0.0,False
PDER__VB02,PDER,VB02,neuron_to_neuron,cook_si5_only,1.0,1.0,,Cook2019_SI5,,-,missing_fenyves_default_inhibitory,True,True,True,True,False,1.0,True
PDER__hyp,PDER,hyp,neuron_to_non_neuron_or_muscle,cook_si5_only,1.0,1.0,,Cook2019_SI5,,-,missing_fenyves_default_inhibitory,True,True,False,True,False,1.0,True
PHAL__AVDR,PHAL,AVDR,neuron_to_neuron,cook_si5_and_fenyves,2.0,2.0,2.0,Cook2019_SI5,+,+,fenyves_sign_prediction,True,True,True,True,True,2.0,True
PHAL__AVFL,PHAL,AVFL,neuron_to_neuron,cook_si5_and_fenyves,4.0,4.0,4.0,Cook2019_SI5,no pred,-,fenyves_no_pred_default_inhibitory,True,True,True,True,True,3.0,True
PHAL__AVG,PHAL,AVG,neuron_to_neuron,cook_si5_and_fenyves,11.0,11.0,11.0,Cook2019_SI5,+,+,fenyves_sign_prediction,True,True,True,True,True,6.0,True
PHAL__AVHL,PHAL,AVHL,neuron_to_neuron,cook_si5_and_fenyves,4.0,4.0,4.0,Cook2019_SI5,+,+,fenyves_sign_prediction,True,True,True,True,True,3.0,True
PHAL__AVHR,PHAL,AVHR,neuron_to_neuron,cook_si5_and_fenyves,1.0,1.0,1.0,Cook2019_SI5,+,+,fenyves_sign_prediction,True,True,True,True,True,1.0,True
PHAL__DA08,PHAL,DA08,neuron_to_neuron,cook_si5_and_fenyves,3.0,3.0,3.0,Cook2019_SI5,+,+,fenyves_sign_prediction,True,True,True,True,True,2.0,True
PHAL__DVA,PHAL,DVA,neuron_to_neuron,cook_si5_and_fenyves,2.0,2.0,2.0,Cook2019_SI5,+,+,fenyves_sign_prediction,True,True,True,True,True,1.0,True
PHAL__PHAR,PHAL,PHAR,neuron_to_neuron,cook_si5_and_fenyves,13.0,13.0,13.0,Cook2019_SI5,no pred,-,fenyves_no_pred_default_inhibitory,True,True,True,True,True,8.0,True
PHAL__PHBL,PHAL,PHBL,neuron_to_neuron,cook_si5_and_fenyves,7.0,7.0,7.0,Cook2019_SI5,no pred,-,fenyves_no_pred_default_inhibitory,True,True,True,True,True,5.0,True
PHAL__PHBR,PHAL,PHBR,neuron_to_neuron,cook_si5_and_fenyves,10.0,10.0,10.0,Cook2019_SI5,no pred,-,fenyves_no_pred_default_inhibitory,True,True,True,True,True,7.0,True
PHAL__PVQL,PHAL,PVQL,neuron_to_neuron,cook_si5_and_fenyves,3.0,3.0,3.0,Cook2019_SI5,+,+,fenyves_sign_prediction,True,True,True,True,True,2.0,True
PHAR__AVDR,PHAR,AVDR,neuron_to_neuron,cook_si5_and_fenyves,2.0,2.0,2.0,Cook2019_SI5,+,+,fenyves_sign_prediction,True,True,True,True,True,2.0,True
PHAR__AVG,PHAR,AVG,neuron_to_neuron,cook_si5_and_fenyves,9.0,9.0,9.0,Cook2019_SI5,+,+,fenyves_sign_prediction,True,True,True,True,True,7.0,True
PHAR__AVHR,PHAR,AVHR,neuron_to_neuron,cook_si5_and_fenyves,1.0,1.0,1.0,Cook2019_SI5,+,+,fenyves_sign_prediction,True,True,True,True,True,1.0,True
PHAR__DA08,PHAR,DA08,neuron_to_neuron,cook_si5_and_fenyves,2.0,2.0,2.0,Cook2019_SI5,+,+,fenyves_sign_prediction,True,True,True,True,True,1.0,True
PHAR__DVA,PHAR,DVA,neuron_to_neuron,cook_si5_and_fenyves,6.0,6.0,6.0,Cook2019_SI5,+,+,fenyves_sign_prediction,True,True,True,True,True,4.0,True
PHAR__PHAL,PHAR,PHAL,neuron_to_neuron,cook_si5_and_fenyves,11.0,11.0,11.0,Cook2019_SI5,no pred,-,fenyves_no_pred_default_inhibitory,True,True,True,True,True,9.0,True
PHAR__PHBL,PHAR,PHBL,neuron_to_neuron,cook_si5_and_fenyves,3.0,3.0,3.0,Cook2019_SI5,no pred,-,fenyves_no_pred_default_inhibitory,True,True,True,True,True,2.0,True
PHAR__PHBR,PHAR,PHBR,neuron_to_neuron,cook_si5_and_fenyves,8.0,8.0,8.0,Cook2019_SI5,no pred,-,fenyves_no_pred_default_inhibitory,True,True,True,True,True,7.0,True
PHAR__PVPL,PHAR,PVPL,neuron_to_neuron,cook_si5_and_fenyves,3.0,3.0,3.0,Cook2019_SI5,no pred,-,fenyves_no_pred_default_inhibitory,True,True,True,True,True,2.0,True
PHAR__PVQL,PHAR,PVQL,neuron_to_neuron,cook_si5_and_fenyves,4.0,4.0,4.0,Cook2019_SI5,+,+,fenyves_sign_prediction,True,True,True,True,True,4.0,True
PHAR__PVQR,PHAR,PVQR,neuron_to_neuron,cook_si5_and_fenyves,1.0,1.0,1.0,Cook2019_SI5,+,+,fenyves_sign_prediction,True,True,True,True,True,1.0,True
PHAR__PVT,PHAR,PVT,neuron_to_neuron,cook_si5_and_fenyves,2.0,2.0,2.0,Cook2019_SI5,no pred,-,fenyves_no_pred_default_inhibitory,True,True,True,True,True,2.0,True
PHBL__AS11,PHBL,AS11,neuron_to_neuron,cook_si5_and_fenyves,1.0,1.0,1.0,Cook2019_SI5,no pred,-,fenyves_no_pred_default_inhibitory,True,True,True,True,True,1.0,True
PHBL__AVAL,PHBL,AVAL,neuron_to_neuron,cook_si5_and_fenyves,48.0,48.0,48.0,Cook2019_SI5,+,+,fenyves_sign_prediction,True,True,True,True,True,12.0,True
PHBL__AVAR,PHBL,AVAR,neuron_to_neuron,cook_si5_and_fenyves,33.0,33.0,33.0,Cook2019_SI5,+,+,fenyves_sign_prediction,True,True,True,True,True,13.0,True
PHBL__AVDL,PHBL,AVDL,neuron_to_neuron,cook_si5_and_fenyves,6.0,6.0,6.0,Cook2019_SI5,+,+,fenyves_sign_prediction,True,True,True,True,True,1.0,True
PHBL__AVDR,PHBL,AVDR,neuron_to_neuron,cook_si5_and_fenyves,1.0,1.0,1.0,Cook2019_SI5,+,+,fenyves_sign_prediction,True,True,True,True,True,1.0,True
PHBL__AVG,PHBL,AVG,neuron_to_neuron,cook_si5_and_fenyves,1.0,1.0,1.0,Cook2019_SI5,+,+,fenyves_sign_prediction,True,True,True,True,True,1.0,True
PHBL__DA08,PHBL,DA08,neuron_to_neuron,cook_si5_and_fenyves,1.0,1.0,1.0,Cook2019_SI5,+,+,fenyves_sign_prediction,True,True,True,True,True,1.0,True
PHBL__PHBR,PHBL,PHBR,neuron_to_neuron,cook_si5_and_fenyves,4.0,4.0,4.0,Cook2019_SI5,no pred,-,fenyves_no_pred_default_inhibitory,True,True,True,True,True,3.0,True
PHBL__PVCL,PHBL,PVCL,neuron_to_neuron,cook_si5_and_fenyves,71.0,71.0,71.0,Cook2019_SI5,+,+,fenyves_sign_prediction,True,True,True,True,True,18.0,True
PHBL__PVNL,PHBL,PVNL,neuron_to_neuron,cook_si5_and_fenyves,1.0,1.0,1.0,Cook2019_SI5,+,+,fenyves_sign_prediction,True,True,True,True,True,1.0,True
PHBL__VA12,PHBL,VA12,neuron_to_neuron,cook_si5_and_fenyves,5.0,5.0,5.0,Cook2019_SI5,-,-,fenyves_sign_prediction,True,True,True,True,True,3.0,True
PHBL__hyp,PHBL,hyp,neuron_to_non_neuron_or_muscle,cook_si5_only,2.0,2.0,,Cook2019_SI5,,-,missing_fenyves_default_inhibitory,True,True,False,True,False,1.0,True
PHBR__AVAL,PHBR,AVAL,neuron_to_neuron,cook_si5_and_fenyves,35.0,35.0,35.0,Cook2019_SI5,+,+,fenyves_sign_prediction,True,True,True,True,True,12.0,True
PHBR__AVAR,PHBR,AVAR,neuron_to_neuron,cook_si5_and_fenyves,38.0,38.0,38.0,Cook2019_SI5,+,+,fenyves_sign_prediction,True,True,True,True,True,10.0,True
PHBR__AVDL,PHBR,AVDL,neuron_to_neuron,cook_si5_and_fenyves,7.0,7.0,7.0,Cook2019_SI5,+,+,fenyves_sign_prediction,True,True,True,True,True,2.0,True
PHBR__AVDR,PHBR,AVDR,neuron_to_neuron,cook_si5_and_fenyves,5.0,5.0,5.0,Cook2019_SI5,+,+,fenyves_sign_prediction,True,True,True,True,True,3.0,True
PHBR__PHBL,PHBR,PHBL,neuron_to_neuron,cook_si5_and_fenyves,3.0,3.0,3.0,Cook2019_SI5,no pred,-,fenyves_no_pred_default_inhibitory,True,True,True,True,True,3.0,True
PHBR__PHCL,PHBR,PHCL,neuron_to_neuron,cook_si5_only,1.0,1.0,,Cook2019_SI5,,-,missing_fenyves_default_inhibitory,True,True,True,True,False,1.0,True
PHBR__PHCR,PHBR,PHCR,neuron_to_neuron,cook_si5_and_fenyves,3.0,3.0,3.0,Cook2019_SI5,no pred,-,fenyves_no_pred_default_inhibitory,True,True,True,True,True,3.0,True
PHBR__PVCL,PHBR,PVCL,neuron_to_neuron,cook_si5_and_fenyves,39.0,39.0,39.0,Cook2019_SI5,+,+,fenyves_sign_prediction,True,True,True,True,True,9.0,True
PHBR__PVCR,PHBR,PVCR,neuron_to_neuron,cook_si5_and_fenyves,21.0,21.0,21.0,Cook2019_SI5,+,+,fenyves_sign_prediction,True,True,True,True,True,7.0,True
PHBR__VA12,PHBR,VA12,neuron_to_neuron,cook_si5_and_fenyves,1.0,1.0,1.0,Cook2019_SI5,-,-,fenyves_sign_prediction,True,True,True,True,True,1.0,True
PHCL__AVAL,PHCL,AVAL,neuron_to_neuron,cook_si5_and_fenyves,5.0,5.0,5.0,Cook2019_SI5,+,+,fenyves_sign_prediction,True,True,True,True,True,2.0,True
PHCL__AVHR,PHCL,AVHR,neuron_to_neuron,cook_si5_and_fenyves,1.0,1.0,1.0,Cook2019_SI5,+,+,fenyves_sign_prediction,True,True,True,True,True,1.0,True
PHCL__DA09,PHCL,DA09,neuron_to_neuron,cook_si5_and_fenyves,1.0,1.0,1.0,Cook2019_SI5,complex,complex,fenyves_sign_prediction,True,True,True,True,True,1.0,True
PHCL__DVA,PHCL,DVA,neuron_to_neuron,cook_si5_and_fenyves,12.0,12.0,12.0,Cook2019_SI5,+,+,fenyves_sign_prediction,True,True,True,True,True,6.0,True
PHCL__LUAL,PHCL,LUAL,neuron_to_neuron,cook_si5_and_fenyves,2.0,2.0,2.0,Cook2019_SI5,+,+,fenyves_sign_prediction,True,True,True,True,True,1.0,True
PHCL__PHAR,PHCL,PHAR,neuron_to_neuron,cook_si5_only,1.0,1.0,,Cook2019_SI5,,-,missing_fenyves_default_inhibitory,True,True,True,True,False,1.0,True
PHCL__PHCR,PHCL,PHCR,neuron_to_neuron,cook_si5_and_fenyves,2.0,2.0,2.0,Cook2019_SI5,no pred,-,fenyves_no_pred_default_inhibitory,True,True,True,True,True,1.0,True
PHCL__PVCL,PHCL,PVCL,neuron_to_neuron,cook_si5_and_fenyves,7.0,7.0,7.0,Cook2019_SI5,+,+,fenyves_sign_prediction,True,True,True,True,True,3.0,True
PHCL__PVQR,PHCL,PVQR,neuron_to_neuron,cook_si5_and_fenyves,2.0,2.0,2.0,Cook2019_SI5,+,+,fenyves_sign_prediction,True,True,True,True,True,2.0,True
PHCL__VA12,PHCL,VA12,neuron_to_neuron,cook_si5_and_fenyves,6.0,6.0,6.0,Cook2019_SI5,-,-,fenyves_sign_prediction,True,True,True,True,True,2.0,True
PHCR__AVHR,PHCR,AVHR,neuron_to_neuron,cook_si5_and_fenyves,2.0,2.0,2.0,Cook2019_SI5,+,+,fenyves_sign_prediction,True,True,True,True,True,2.0,True
PHCR__DA09,PHCR,DA09,neuron_to_neuron,cook_si5_and_fenyves,23.0,23.0,23.0,Cook2019_SI5,complex,complex,fenyves_sign_prediction,True,True,True,True,True,13.0,True
PHCR__DVA,PHCR,DVA,neuron_to_neuron,cook_si5_and_fenyves,22.0,22.0,22.0,Cook2019_SI5,+,+,fenyves_sign_prediction,True,True,True,True,True,12.0,True
PHCR__LUAR,PHCR,LUAR,neuron_to_neuron,cook_si5_and_fenyves,6.0,6.0,6.0,Cook2019_SI5,+,+,fenyves_sign_prediction,True,True,True,True,True,3.0,True
PHCR__PHAR,PHCR,PHAR,neuron_to_neuron,cook_si5_and_fenyves,2.0,2.0,2.0,Cook2019_SI5,no pred,-,fenyves_no_pred_default_inhibitory,True,True,True,True,True,1.0,True
PHCR__PHCL,PHCR,PHCL,neuron_to_neuron,cook_si5_and_fenyves,4.0,4.0,4.0,Cook2019_SI5,no pred,-,fenyves_no_pred_default_inhibitory,True,True,True,True,True,3.0,True
PHCR__PVCR,PHCR,PVCR,neuron_to_neuron,cook_si5_and_fenyves,25.0,25.0,25.0,Cook2019_SI5,+,+,fenyves_sign_prediction,True,True,True,True,True,13.0,True
PHCR__PVQR,PHCR,PVQR,neuron_to_neuron,cook_si5_and_fenyves,4.0,4.0,4.0,Cook2019_SI5,+,+,fenyves_sign_prediction,True,True,True,True,True,1.0,True
PHCR__VA12,PHCR,VA12,neuron_to_neuron,cook_si5_and_fenyves,8.0,8.0,8.0,Cook2019_SI5,-,-,fenyves_sign_prediction,True,True,True,True,True,4.0,True
PLML__AVAL,PLML,AVAL,neuron_to_neuron,cook_si5_only,4.0,4.0,,Cook2019_SI5,,-,missing_fenyves_default_inhibitory,True,True,True,True,False,0.0,False
PLML__AVAR,PLML,AVAR,neuron_to_neuron,cook_si5_only,5.0,5.0,,Cook2019_SI5,,-,missing_fenyves_default_inhibitory,True,True,True,True,False,0.0,False
PLML__AVDR,PLML,AVDR,neuron_to_neuron,cook_si5_only,5.0,5.0,,Cook2019_SI5,,-,missing_fenyves_default_inhibitory,True,True,True,True,False,0.0,False
PLML__DVA,PLML,DVA,neuron_to_neuron,cook_si5_only,9.0,9.0,,Cook2019_SI5,,-,missing_fenyves_default_inhibitory,True,True,True,True,False,0.0,False
PLML__PDEL,PLML,PDEL,neuron_to_neuron,cook_si5_only,16.0,16.0,,Cook2019_SI5,,-,missing_fenyves_default_inhibitory,True,True,True,True,False,0.0,False
PLML__PDER,PLML,PDER,neuron_to_neuron,cook_si5_only,19.0,19.0,,Cook2019_SI5,,-,missing_fenyves_default_inhibitory,True,True,True,True,False,0.0,False
PLML__VA09,PLML,VA09,neuron_to_neuron,cook_si5_only,6.0,6.0,,Cook2019_SI5,,-,missing_fenyves_default_inhibitory,True,True,True,True,False,0.0,False
PLML__hyp,PLML,hyp,neuron_to_non_neuron_or_muscle,cook_si5_only,10.0,10.0,,Cook2019_SI5,,-,missing_fenyves_default_inhibitory,True,True,False,True,False,0.0,False
PLMR__AVAL,PLMR,AVAL,neuron_to_neuron,cook_si5_only,3.0,3.0,,Cook2019_SI5,,-,missing_fenyves_default_inhibitory,True,True,True,True,False,0.0,False
PLMR__AVAR,PLMR,AVAR,neuron_to_neuron,cook_si5_only,5.0,5.0,,Cook2019_SI5,,-,missing_fenyves_default_inhibitory,True,True,True,True,False,0.0,False
PLMR__AVDL,PLMR,AVDL,neuron_to_neuron,cook_si5_only,8.0,8.0,,Cook2019_SI5,,-,missing_fenyves_default_inhibitory,True,True,True,True,False,0.0,False
PLMR__AVDR,PLMR,AVDR,neuron_to_neuron,cook_si5_only,5.0,5.0,,Cook2019_SI5,,-,missing_fenyves_default_inhibitory,True,True,True,True,False,0.0,False
PLMR__DVA,PLMR,DVA,neuron_to_neuron,cook_si5_only,19.0,19.0,,Cook2019_SI5,,-,missing_fenyves_default_inhibitory,True,True,True,True,False,0.0,False
PLMR__PDEL,PLMR,PDEL,neuron_to_neuron,cook_si5_only,18.0,18.0,,Cook2019_SI5,,-,missing_fenyves_default_inhibitory,True,True,True,True,False,0.0,False
PLMR__PDER,PLMR,PDER,neuron_to_neuron,cook_si5_only,10.0,10.0,,Cook2019_SI5,,-,missing_fenyves_default_inhibitory,True,True,True,True,False,0.0,False
PLNL__RMDVL,PLNL,RMDVL,neuron_to_neuron,fenyves_only,1.0,,1.0,Fenyves2020_only,-,-,fenyves_only_connection_with_sign,True,True,True,False,True,0.0,False
PLNL__SAADL,PLNL,SAADL,neuron_to_neuron,cook_si5_only,5.0,5.0,,Cook2019_SI5,,-,missing_fenyves_default_inhibitory,True,True,True,True,False,4.0,True
PLNL__SAADR,PLNL,SAADR,neuron_to_neuron,fenyves_only,8.0,,8.0,Fenyves2020_only,complex,complex,fenyves_only_connection_with_sign,True,True,True,False,True,0.0,False
PLNL__SAAVL,PLNL,SAAVL,neuron_to_neuron,fenyves_only,1.0,,1.0,Fenyves2020_only,complex,complex,fenyves_only_connection_with_sign,True,True,True,False,True,0.0,False
PLNL__SIAVL,PLNL,SIAVL,neuron_to_neuron,cook_si5_and_fenyves,10.0,10.0,10.0,Cook2019_SI5,complex,complex,fenyves_sign_prediction,True,True,True,True,True,0.0,False
PLNL__SMBVL,PLNL,SMBVL,neuron_to_neuron,cook_si5_and_fenyves,10.0,10.0,10.0,Cook2019_SI5,-,-,fenyves_sign_prediction,True,True,True,True,True,5.0,True
PLNL__SMBVR,PLNL,SMBVR,neuron_to_neuron,fenyves_only,13.0,,13.0,Fenyves2020_only,-,-,fenyves_only_connection_with_sign,True,True,True,False,True,0.0,False
PLNL__SMDVR,PLNL,SMDVR,neuron_to_neuron,fenyves_only,2.0,,2.0,Fenyves2020_only,complex,complex,fenyves_only_connection_with_sign,True,True,True,False,True,0.0,False
PLNR__RMDVL,PLNR,RMDVL,neuron_to_neuron,cook_si5_only,1.0,1.0,,Cook2019_SI5,,-,missing_fenyves_default_inhibitory,True,True,True,True,False,1.0,True
PLNR__SAADL,PLNR,SAADL,neuron_to_neuron,fenyves_only,5.0,,5.0,Fenyves2020_only,complex,complex,fenyves_only_connection_with_sign,True,True,True,False,True,0.0,False
PLNR__SAADR,PLNR,SAADR,neuron_to_neuron,cook_si5_only,8.0,8.0,,Cook2019_SI5,,-,missing_fenyves_default_inhibitory,True,True,True,True,False,6.0,True
PLNR__SAAVL,PLNR,SAAVL,neuron_to_neuron,cook_si5_only,1.0,1.0,,Cook2019_SI5,,-,missing_fenyves_default_inhibitory,True,True,True,True,False,1.0,True
PLNR__SIAVR,PLNR,SIAVR,neuron_to_neuron,cook_si5_and_fenyves,10.0,10.0,10.0,Cook2019_SI5,complex,complex,fenyves_sign_prediction,True,True,True,True,True,0.0,False
PLNR__SMBVL,PLNR,SMBVL,neuron_to_neuron,fenyves_only,7.0,,7.0,Fenyves2020_only,-,-,fenyves_only_connection_with_sign,True,True,True,False,True,0.0,False
PLNR__SMBVR,PLNR,SMBVR,neuron_to_neuron,cook_si5_and_fenyves,10.0,10.0,10.0,Cook2019_SI5,-,-,fenyves_sign_prediction,True,True,True,True,True,10.0,True
PLNR__SMDVL,PLNR,SMDVL,neuron_to_neuron,cook_si5_and_fenyves,2.0,2.0,2.0,Cook2019_SI5,complex,complex,fenyves_sign_prediction,True,True,True,True,True,0.0,False
PQR__AS11,PQR,AS11,neuron_to_neuron,cook_si5_only,2.0,2.0,,Cook2019_SI5,,-,missing_fenyves_default_inhibitory,True,True,True,True,False,1.0,True
PQR__AVAL,PQR,AVAL,neuron_to_neuron,cook_si5_and_fenyves,23.0,23.0,23.0,Cook2019_SI5,+,+,fenyves_sign_prediction,True,True,True,True,True,12.0,True
PQR__AVAR,PQR,AVAR,neuron_to_neuron,cook_si5_and_fenyves,26.0,26.0,26.0,Cook2019_SI5,+,+,fenyves_sign_prediction,True,True,True,True,True,13.0,True
PQR__AVDL,PQR,AVDL,neuron_to_neuron,cook_si5_and_fenyves,15.0,15.0,15.0,Cook2019_SI5,+,+,fenyves_sign_prediction,True,True,True,True,True,9.0,True
PQR__AVDR,PQR,AVDR,neuron_to_neuron,cook_si5_and_fenyves,20.0,20.0,20.0,Cook2019_SI5,+,+,fenyves_sign_prediction,True,True,True,True,True,12.0,True
PQR__AVG,PQR,AVG,neuron_to_neuron,cook_si5_and_fenyves,1.0,1.0,1.0,Cook2019_SI5,+,+,fenyves_sign_prediction,True,True,True,True,True,1.0,True
PQR__AVHL,PQR,AVHL,neuron_to_neuron,cook_si5_and_fenyves,1.0,1.0,1.0,Cook2019_SI5,+,+,fenyves_sign_prediction,True,True,True,True,True,1.0,True
PQR__AVJR,PQR,AVJR,neuron_to_neuron,cook_si5_and_fenyves,1.0,1.0,1.0,Cook2019_SI5,+,+,fenyves_sign_prediction,True,True,True,True,True,1.0,True
PQR__DA08,PQR,DA08,neuron_to_neuron,cook_si5_and_fenyves,1.0,1.0,1.0,Cook2019_SI5,+,+,fenyves_sign_prediction,True,True,True,True,True,1.0,True
PQR__DB07,PQR,DB07,neuron_to_neuron,cook_si5_and_fenyves,2.0,2.0,2.0,Cook2019_SI5,+,+,fenyves_sign_prediction,True,True,True,True,True,1.0,True
PQR__LUAR,PQR,LUAR,neuron_to_neuron,cook_si5_and_fenyves,3.0,3.0,3.0,Cook2019_SI5,+,+,fenyves_sign_prediction,True,True,True,True,True,1.0,True
PQR__PHBL,PQR,PHBL,neuron_to_neuron,cook_si5_and_fenyves,2.0,2.0,2.0,Cook2019_SI5,no pred,-,fenyves_no_pred_default_inhibitory,True,True,True,True,True,2.0,True
PQR__PVCL,PQR,PVCL,neuron_to_neuron,cook_si5_and_fenyves,1.0,1.0,1.0,Cook2019_SI5,+,+,fenyves_sign_prediction,True,True,True,True,True,1.0,True
PQR__PVCR,PQR,PVCR,neuron_to_neuron,cook_si5_and_fenyves,1.0,1.0,1.0,Cook2019_SI5,+,+,fenyves_sign_prediction,True,True,True,True,True,1.0,True
PQR__PVNL,PQR,PVNL,neuron_to_neuron,cook_si5_and_fenyves,2.0,2.0,2.0,Cook2019_SI5,+,+,fenyves_sign_prediction,True,True,True,True,True,1.0,True
PQR__PVPR,PQR,PVPR,neuron_to_neuron,cook_si5_and_fenyves,1.0,1.0,1.0,Cook2019_SI5,no pred,-,fenyves_no_pred_default_inhibitory,True,True,True,True,True,1.0,True
PVCL__ADLR,PVCL,ADLR,neuron_to_neuron,cook_si5_and_fenyves,2.0,2.0,2.0,Cook2019_SI5,no pred,-,fenyves_no_pred_default_inhibitory,True,True,True,True,True,1.0,True
PVCL__AS01,PVCL,AS01,neuron_to_neuron,cook_si5_and_fenyves,1.0,1.0,1.0,Cook2019_SI5,+,+,fenyves_sign_prediction,True,True,True,True,True,1.0,True
PVCL__AS02,PVCL,AS02,neuron_to_neuron,cook_si5_and_fenyves,1.0,1.0,1.0,Cook2019_SI5,+,+,fenyves_sign_prediction,True,True,True,True,True,1.0,True
PVCL__ASHR,PVCL,ASHR,neuron_to_neuron,cook_si5_and_fenyves,2.0,2.0,2.0,Cook2019_SI5,no pred,-,fenyves_no_pred_default_inhibitory,True,True,True,True,True,1.0,True
PVCL__AVAL,PVCL,AVAL,neuron_to_neuron,cook_si5_and_fenyves,5.0,5.0,5.0,Cook2019_SI5,complex,complex,fenyves_sign_prediction,True,True,True,True,True,5.0,True
PVCL__AVAR,PVCL,AVAR,neuron_to_neuron,cook_si5_and_fenyves,7.0,7.0,7.0,Cook2019_SI5,complex,complex,fenyves_sign_prediction,True,True,True,True,True,5.0,True
PVCL__AVBL,PVCL,AVBL,neuron_to_neuron,cook_si5_and_fenyves,7.0,7.0,7.0,Cook2019_SI5,+,+,fenyves_sign_prediction,True,True,True,True,True,6.0,True
PVCL__AVBR,PVCL,AVBR,neuron_to_neuron,cook_si5_and_fenyves,27.0,27.0,27.0,Cook2019_SI5,+,+,fenyves_sign_prediction,True,True,True,True,True,14.0,True
PVCL__AVDL,PVCL,AVDL,neuron_to_neuron,cook_si5_and_fenyves,7.0,7.0,7.0,Cook2019_SI5,no pred,-,fenyves_no_pred_default_inhibitory,True,True,True,True,True,6.0,True
PVCL__AVDR,PVCL,AVDR,neuron_to_neuron,cook_si5_and_fenyves,11.0,11.0,11.0,Cook2019_SI5,no pred,-,fenyves_no_pred_default_inhibitory,True,True,True,True,True,4.0,True
PVCL__AVEL,PVCL,AVEL,neuron_to_neuron,cook_si5_and_fenyves,2.0,2.0,2.0,Cook2019_SI5,-,-,fenyves_sign_prediction,True,True,True,True,True,2.0,True
PVCL__AVER,PVCL,AVER,neuron_to_neuron,cook_si5_and_fenyves,7.0,7.0,7.0,Cook2019_SI5,-,-,fenyves_sign_prediction,True,True,True,True,True,1.0,True
PVCL__AVG,PVCL,AVG,neuron_to_neuron,cook_si5_and_fenyves,2.0,2.0,2.0,Cook2019_SI5,+,+,fenyves_sign_prediction,True,True,True,True,True,1.0,True
PVCL__AVJL,PVCL,AVJL,neuron_to_neuron,cook_si5_and_fenyves,3.0,3.0,3.0,Cook2019_SI5,no pred,-,fenyves_no_pred_default_inhibitory,True,True,True,True,True,2.0,True
PVCL__AVJR,PVCL,AVJR,neuron_to_neuron,cook_si5_and_fenyves,2.0,2.0,2.0,Cook2019_SI5,no pred,-,fenyves_no_pred_default_inhibitory,True,True,True,True,True,1.0,True
PVCL__DA05,PVCL,DA05,neuron_to_neuron,cook_si5_and_fenyves,1.0,1.0,1.0,Cook2019_SI5,+,+,fenyves_sign_prediction,True,True,True,True,True,1.0,True
PVCL__DA08,PVCL,DA08,neuron_to_neuron,cook_si5_and_fenyves,2.0,2.0,2.0,Cook2019_SI5,+,+,fenyves_sign_prediction,True,True,True,True,True,1.0,True
PVCL__DB02,PVCL,DB02,neuron_to_neuron,cook_si5_and_fenyves,4.0,4.0,4.0,Cook2019_SI5,+,+,fenyves_sign_prediction,True,True,True,True,True,3.0,True
PVCL__DB03,PVCL,DB03,neuron_to_neuron,cook_si5_and_fenyves,2.0,2.0,2.0,Cook2019_SI5,+,+,fenyves_sign_prediction,True,True,True,True,True,2.0,True
PVCL__DB04,PVCL,DB04,neuron_to_neuron,cook_si5_and_fenyves,6.0,6.0,6.0,Cook2019_SI5,+,+,fenyves_sign_prediction,True,True,True,True,True,6.0,True
PVCL__DB05,PVCL,DB05,neuron_to_neuron,cook_si5_only,2.0,2.0,,Cook2019_SI5,,-,missing_fenyves_default_inhibitory,True,True,True,True,False,0.0,False
PVCL__DB07,PVCL,DB07,neuron_to_neuron,cook_si5_and_fenyves,5.0,5.0,5.0,Cook2019_SI5,+,+,fenyves_sign_prediction,True,True,True,True,True,2.0,True
PVCL__DVA,PVCL,DVA,neuron_to_neuron,cook_si5_and_fenyves,4.0,4.0,4.0,Cook2019_SI5,+,+,fenyves_sign_prediction,True,True,True,True,True,3.0,True
PVCL__PDEL,PVCL,PDEL,neuron_to_neuron,cook_si5_only,1.0,1.0,,Cook2019_SI5,,-,missing_fenyves_default_inhibitory,True,True,True,True,False,1.0,True
PVCL__PDER,PVCL,PDER,neuron_to_neuron,fenyves_only,1.0,,1.0,Fenyves2020_only,-,-,fenyves_only_connection_with_sign,True,True,True,False,True,0.0,False
PVCL__PVCL,PVCL,PVCL,neuron_to_neuron,cook_si5_and_fenyves,1.0,1.0,1.0,Cook2019_SI5,+,+,fenyves_sign_prediction,True,True,True,True,True,1.0,True
PVCL__PVCR,PVCL,PVCR,neuron_to_neuron,cook_si5_and_fenyves,10.0,10.0,10.0,Cook2019_SI5,+,+,fenyves_sign_prediction,True,True,True,True,True,3.0,True
PVCL__RID,PVCL,RID,neuron_to_neuron,cook_si5_and_fenyves,12.0,12.0,12.0,Cook2019_SI5,+,+,fenyves_sign_prediction,True,True,True,True,True,4.0,True
PVCL__RIS,PVCL,RIS,neuron_to_neuron,cook_si5_and_fenyves,2.0,2.0,2.0,Cook2019_SI5,no pred,-,fenyves_no_pred_default_inhibitory,True,True,True,True,True,2.0,True
PVCL__SIBDL,PVCL,SIBDL,neuron_to_neuron,cook_si5_only,2.0,2.0,,Cook2019_SI5,,-,missing_fenyves_default_inhibitory,True,True,True,True,False,2.0,True
PVCL__SIBVL,PVCL,SIBVL,neuron_to_neuron,cook_si5_and_fenyves,7.0,7.0,7.0,Cook2019_SI5,complex,complex,fenyves_sign_prediction,True,True,True,True,True,3.0,True
PVCL__SMBVR,PVCL,SMBVR,neuron_to_neuron,cook_si5_and_fenyves,3.0,3.0,3.0,Cook2019_SI5,-,-,fenyves_sign_prediction,True,True,True,True,True,2.0,True
PVCL__VA11,PVCL,VA11,neuron_to_neuron,fenyves_only,1.0,,1.0,Fenyves2020_only,+,+,fenyves_only_connection_with_sign,True,True,True,False,True,0.0,False
PVCL__VB04,PVCL,VB04,neuron_to_neuron,cook_si5_and_fenyves,3.0,3.0,3.0,Cook2019_SI5,+,+,fenyves_sign_prediction,True,True,True,True,True,2.0,True
PVCL__VB06,PVCL,VB06,neuron_to_neuron,cook_si5_and_fenyves,2.0,2.0,2.0,Cook2019_SI5,+,+,fenyves_sign_prediction,True,True,True,True,True,2.0,True
PVCL__VB07,PVCL,VB07,neuron_to_neuron,cook_si5_only,1.0,1.0,,Cook2019_SI5,,-,missing_fenyves_default_inhibitory,True,True,True,True,False,1.0,True
PVCL__VB08,PVCL,VB08,neuron_to_neuron,cook_si5_only,1.0,1.0,,Cook2019_SI5,,-,missing_fenyves_default_inhibitory,True,True,True,True,False,0.0,False
PVCL__VB11,PVCL,VB11,neuron_to_neuron,cook_si5_and_fenyves,1.0,1.0,1.0,Cook2019_SI5,+,+,fenyves_sign_prediction,True,True,True,True,True,1.0,True
PVCR__AQR,PVCR,AQR,neuron_to_neuron,cook_si5_and_fenyves,2.0,2.0,2.0,Cook2019_SI5,no pred,-,fenyves_no_pred_default_inhibitory,True,True,True,True,True,2.0,True
PVCR__AVAL,PVCR,AVAL,neuron_to_neuron,cook_si5_and_fenyves,10.0,10.0,10.0,Cook2019_SI5,complex,complex,fenyves_sign_prediction,True,True,True,True,True,7.0,True
PVCR__AVAR,PVCR,AVAR,neuron_to_neuron,cook_si5_and_fenyves,5.0,5.0,5.0,Cook2019_SI5,complex,complex,fenyves_sign_prediction,True,True,True,True,True,5.0,True
PVCR__AVBL,PVCR,AVBL,neuron_to_neuron,cook_si5_and_fenyves,21.0,21.0,21.0,Cook2019_SI5,+,+,fenyves_sign_prediction,True,True,True,True,True,7.0,True
PVCR__AVBR,PVCR,AVBR,neuron_to_neuron,cook_si5_and_fenyves,14.0,14.0,14.0,Cook2019_SI5,+,+,fenyves_sign_prediction,True,True,True,True,True,9.0,True
PVCR__AVDL,PVCR,AVDL,neuron_to_neuron,cook_si5_and_fenyves,16.0,16.0,16.0,Cook2019_SI5,no pred,-,fenyves_no_pred_default_inhibitory,True,True,True,True,True,5.0,True
PVCR__AVDR,PVCR,AVDR,neuron_to_neuron,cook_si5_and_fenyves,6.0,6.0,6.0,Cook2019_SI5,no pred,-,fenyves_no_pred_default_inhibitory,True,True,True,True,True,4.0,True
PVCR__AVEL,PVCR,AVEL,neuron_to_neuron,cook_si5_and_fenyves,6.0,6.0,6.0,Cook2019_SI5,-,-,fenyves_sign_prediction,True,True,True,True,True,1.0,True
PVCR__AVER,PVCR,AVER,neuron_to_neuron,cook_si5_and_fenyves,6.0,6.0,6.0,Cook2019_SI5,-,-,fenyves_sign_prediction,True,True,True,True,True,1.0,True
PVCR__AVHL,PVCR,AVHL,neuron_to_neuron,cook_si5_and_fenyves,1.0,1.0,1.0,Cook2019_SI5,no pred,-,fenyves_no_pred_default_inhibitory,True,True,True,True,True,1.0,True
PVCR__AVL,PVCR,AVL,neuron_to_neuron,cook_si5_and_fenyves,1.0,1.0,1.0,Cook2019_SI5,no pred,-,fenyves_no_pred_default_inhibitory,True,True,True,True,True,0.0,False
PVCR__DA02,PVCR,DA02,neuron_to_neuron,cook_si5_and_fenyves,1.0,1.0,1.0,Cook2019_SI5,+,+,fenyves_sign_prediction,True,True,True,True,True,1.0,True
PVCR__DA04,PVCR,DA04,neuron_to_neuron,cook_si5_and_fenyves,1.0,1.0,1.0,Cook2019_SI5,+,+,fenyves_sign_prediction,True,True,True,True,True,1.0,True
PVCR__DA05,PVCR,DA05,neuron_to_neuron,cook_si5_and_fenyves,2.0,2.0,2.0,Cook2019_SI5,+,+,fenyves_sign_prediction,True,True,True,True,True,2.0,True
PVCR__DA07,PVCR,DA07,neuron_to_neuron,cook_si5_and_fenyves,1.0,1.0,1.0,Cook2019_SI5,+,+,fenyves_sign_prediction,True,True,True,True,True,1.0,True
PVCR__DB02,PVCR,DB02,neuron_to_neuron,cook_si5_and_fenyves,4.0,4.0,4.0,Cook2019_SI5,+,+,fenyves_sign_prediction,True,True,True,True,True,3.0,True
PVCR__DB03,PVCR,DB03,neuron_to_neuron,cook_si5_and_fenyves,6.0,6.0,6.0,Cook2019_SI5,+,+,fenyves_sign_prediction,True,True,True,True,True,5.0,True
PVCR__DB04,PVCR,DB04,neuron_to_neuron,cook_si5_and_fenyves,6.0,6.0,6.0,Cook2019_SI5,+,+,fenyves_sign_prediction,True,True,True,True,True,5.0,True
PVCR__DB05,PVCR,DB05,neuron_to_neuron,cook_si5_only,3.0,3.0,,Cook2019_SI5,,-,missing_fenyves_default_inhibitory,True,True,True,True,False,0.0,False
PVCR__DB07,PVCR,DB07,neuron_to_neuron,cook_si5_only,1.0,1.0,,Cook2019_SI5,,-,missing_fenyves_default_inhibitory,True,True,True,True,False,1.0,True
PVCR__DVA,PVCR,DVA,neuron_to_neuron,cook_si5_and_fenyves,3.0,3.0,3.0,Cook2019_SI5,+,+,fenyves_sign_prediction,True,True,True,True,True,3.0,True
PVCR__FLPL,PVCR,FLPL,neuron_to_neuron,cook_si5_and_fenyves,2.0,2.0,2.0,Cook2019_SI5,+,+,fenyves_sign_prediction,True,True,True,True,True,2.0,True
PVCR__LUAR,PVCR,LUAR,neuron_to_neuron,cook_si5_and_fenyves,1.0,1.0,1.0,Cook2019_SI5,no pred,-,fenyves_no_pred_default_inhibitory,True,True,True,True,True,1.0,True
PVCR__PDEL,PVCR,PDEL,neuron_to_neuron,cook_si5_only,1.0,1.0,,Cook2019_SI5,,-,missing_fenyves_default_inhibitory,True,True,True,True,False,1.0,True
PVCR__PDER,PVCR,PDER,neuron_to_neuron,fenyves_only,1.0,,1.0,Fenyves2020_only,-,-,fenyves_only_connection_with_sign,True,True,True,False,True,0.0,False
PVCR__PVCL,PVCR,PVCL,neuron_to_neuron,cook_si5_and_fenyves,5.0,5.0,4.0,Cook2019_SI5,+,+,fenyves_sign_prediction,True,True,True,True,True,5.0,True
PVCR__PVDL,PVCR,PVDL,neuron_to_neuron,cook_si5_and_fenyves,2.0,2.0,2.0,Cook2019_SI5,+,+,fenyves_sign_prediction,True,True,True,True,True,0.0,False
PVCR__PVDR,PVCR,PVDR,neuron_to_neuron,cook_si5_and_fenyves,1.0,1.0,1.0,Cook2019_SI5,+,+,fenyves_sign_prediction,True,True,True,True,True,0.0,False
PVCR__PVPR,PVCR,PVPR,neuron_to_neuron,cook_si5_and_fenyves,1.0,1.0,1.0,Cook2019_SI5,no pred,-,fenyves_no_pred_default_inhibitory,True,True,True,True,True,1.0,True
PVCR__PVR,PVCR,PVR,neuron_to_neuron,cook_si5_and_fenyves,1.0,1.0,1.0,Cook2019_SI5,no pred,-,fenyves_no_pred_default_inhibitory,True,True,True,True,True,0.0,False
PVCR__PVWR,PVCR,PVWR,neuron_to_neuron,cook_si5_and_fenyves,1.0,1.0,1.0,Cook2019_SI5,no pred,-,fenyves_no_pred_default_inhibitory,True,True,True,True,True,1.0,True
PVCR__RID,PVCR,RID,neuron_to_neuron,cook_si5_and_fenyves,19.0,19.0,19.0,Cook2019_SI5,+,+,fenyves_sign_prediction,True,True,True,True,True,8.0,True
PVCR__SIBVR,PVCR,SIBVR,neuron_to_neuron,cook_si5_and_fenyves,10.0,10.0,10.0,Cook2019_SI5,complex,complex,fenyves_sign_prediction,True,True,True,True,True,0.0,False
PVCR__VB03,PVCR,VB03,neuron_to_neuron,cook_si5_and_fenyves,1.0,1.0,1.0,Cook2019_SI5,+,+,fenyves_sign_prediction,True,True,True,True,True,1.0,True
PVCR__VB04,PVCR,VB04,neuron_to_neuron,cook_si5_and_fenyves,1.0,1.0,1.0,Cook2019_SI5,+,+,fenyves_sign_prediction,True,True,True,True,True,1.0,True
PVCR__VB06,PVCR,VB06,neuron_to_neuron,cook_si5_and_fenyves,4.0,4.0,4.0,Cook2019_SI5,+,+,fenyves_sign_prediction,True,True,True,True,True,3.0,True
PVCR__VB07,PVCR,VB07,neuron_to_neuron,cook_si5_only,1.0,1.0,,Cook2019_SI5,,-,missing_fenyves_default_inhibitory,True,True,True,True,False,2.0,True
PVCR__VB08,PVCR,VB08,neuron_to_neuron,cook_si5_only,2.0,2.0,,Cook2019_SI5,,-,missing_fenyves_default_inhibitory,True,True,True,True,False,0.0,False
PVCR__VB11,PVCR,VB11,neuron_to_neuron,cook_si5_and_fenyves,3.0,3.0,3.0,Cook2019_SI5,+,+,fenyves_sign_prediction,True,True,True,True,True,2.0,True
PVDL__AVAL,PVDL,AVAL,neuron_to_neuron,cook_si5_and_fenyves,13.0,13.0,13.0,Cook2019_SI5,+,+,fenyves_sign_prediction,True,True,True,True,True,0.0,False
PVDL__AVAR,PVDL,AVAR,neuron_to_neuron,cook_si5_and_fenyves,29.0,29.0,29.0,Cook2019_SI5,+,+,fenyves_sign_prediction,True,True,True,True,True,0.0,False
PVDL__AVDL,PVDL,AVDL,neuron_to_neuron,cook_si5_and_fenyves,1.0,1.0,1.0,Cook2019_SI5,+,+,fenyves_sign_prediction,True,True,True,True,True,0.0,False
PVDL__AVDR,PVDL,AVDR,neuron_to_neuron,cook_si5_and_fenyves,1.0,1.0,1.0,Cook2019_SI5,+,+,fenyves_sign_prediction,True,True,True,True,True,0.0,False
PVDL__AVFL,PVDL,AVFL,neuron_to_neuron,cook_si5_and_fenyves,1.0,1.0,1.0,Cook2019_SI5,no pred,-,fenyves_no_pred_default_inhibitory,True,True,True,True,True,0.0,False
PVDL__AVG,PVDL,AVG,neuron_to_neuron,cook_si5_and_fenyves,8.0,8.0,8.0,Cook2019_SI5,+,+,fenyves_sign_prediction,True,True,True,True,True,0.0,False
PVDL__DD05,PVDL,DD05,neuron_to_neuron,cook_si5_and_fenyves,3.0,3.0,3.0,Cook2019_SI5,no pred,-,fenyves_no_pred_default_inhibitory,True,True,True,True,True,0.0,False
PVDL__PVCL,PVDL,PVCL,neuron_to_neuron,cook_si5_and_fenyves,13.0,13.0,13.0,Cook2019_SI5,+,+,fenyves_sign_prediction,True,True,True,True,True,0.0,False
PVDL__PVCR,PVDL,PVCR,neuron_to_neuron,cook_si5_and_fenyves,36.0,36.0,36.0,Cook2019_SI5,+,+,fenyves_sign_prediction,True,True,True,True,True,0.0,False
PVDL__PVDR,PVDL,PVDR,neuron_to_neuron,cook_si5_and_fenyves,10.0,10.0,10.0,Cook2019_SI5,complex,complex,fenyves_sign_prediction,True,True,True,True,True,0.0,False
PVDL__PVPL,PVDL,PVPL,neuron_to_neuron,cook_si5_and_fenyves,1.0,1.0,1.0,Cook2019_SI5,no pred,-,fenyves_no_pred_default_inhibitory,True,True,True,True,True,0.0,False
PVDL__VD10,PVDL,VD10,neuron_to_neuron,cook_si5_and_fenyves,3.0,3.0,3.0,Cook2019_SI5,no pred,-,fenyves_no_pred_default_inhibitory,True,True,True,True,True,0.0,False
PVDL__hyp,PVDL,hyp,neuron_to_non_neuron_or_muscle,cook_si5_only,7.0,7.0,,Cook2019_SI5,,-,missing_fenyves_default_inhibitory,True,True,False,True,False,0.0,False
PVDR__AVAL,PVDR,AVAL,neuron_to_neuron,cook_si5_and_fenyves,9.0,9.0,9.0,Cook2019_SI5,+,+,fenyves_sign_prediction,True,True,True,True,True,0.0,False
PVDR__AVAR,PVDR,AVAR,neuron_to_neuron,cook_si5_and_fenyves,30.0,30.0,30.0,Cook2019_SI5,+,+,fenyves_sign_prediction,True,True,True,True,True,0.0,False
PVDR__AVDL,PVDR,AVDL,neuron_to_neuron,cook_si5_and_fenyves,1.0,1.0,1.0,Cook2019_SI5,+,+,fenyves_sign_prediction,True,True,True,True,True,0.0,False
PVDR__DVA,PVDR,DVA,neuron_to_neuron,cook_si5_and_fenyves,5.0,5.0,5.0,Cook2019_SI5,+,+,fenyves_sign_prediction,True,True,True,True,True,0.0,False
PVDR__PVCL,PVDR,PVCL,neuron_to_neuron,cook_si5_and_fenyves,29.0,29.0,29.0,Cook2019_SI5,+,+,fenyves_sign_prediction,True,True,True,True,True,0.0,False
PVDR__PVCR,PVDR,PVCR,neuron_to_neuron,cook_si5_and_fenyves,29.0,29.0,29.0,Cook2019_SI5,+,+,fenyves_sign_prediction,True,True,True,True,True,0.0,False
PVDR__PVDL,PVDR,PVDL,neuron_to_neuron,cook_si5_and_fenyves,2.0,2.0,2.0,Cook2019_SI5,complex,complex,fenyves_sign_prediction,True,True,True,True,True,0.0,False
PVDR__PVR,PVDR,PVR,neuron_to_neuron,cook_si5_only,4.0,4.0,,Cook2019_SI5,,-,missing_fenyves_default_inhibitory,True,True,True,True,False,0.0,False
PVDR__VA09,PVDR,VA09,neuron_to_neuron,cook_si5_and_fenyves,2.0,2.0,2.0,Cook2019_SI5,no pred,-,fenyves_no_pred_default_inhibitory,True,True,True,True,True,0.0,False
PVDR__VA12,PVDR,VA12,neuron_to_neuron,cook_si5_and_fenyves,3.0,3.0,3.0,Cook2019_SI5,-,-,fenyves_sign_prediction,True,True,True,True,True,0.0,False
PVDR__VB05,PVDR,VB05,neuron_to_neuron,cook_si5_and_fenyves,2.0,2.0,1.0,Cook2019_SI5,+,+,fenyves_sign_prediction,True,True,True,True,True,0.0,False
PVDR__VB06,PVDR,VB06,neuron_to_neuron,cook_si5_and_fenyves,4.0,4.0,4.0,Cook2019_SI5,+,+,fenyves_sign_prediction,True,True,True,True,True,0.0,False
PVDR__hyp,PVDR,hyp,neuron_to_non_neuron_or_muscle,cook_si5_only,6.0,6.0,,Cook2019_SI5,,-,missing_fenyves_default_inhibitory,True,True,False,True,False,0.0,False
PVM__AVKL,PVM,AVKL,neuron_to_neuron,cook_si5_and_fenyves,15.0,15.0,15.0,Cook2019_SI5,+,+,fenyves_sign_prediction,True,True,True,True,True,11.0,True
PVM__AVM,PVM,AVM,neuron_to_neuron,cook_si5_and_fenyves,2.0,2.0,2.0,Cook2019_SI5,no pred,-,fenyves_no_pred_default_inhibitory,True,True,True,True,True,1.0,True
PVM__DVA,PVM,DVA,neuron_to_neuron,cook_si5_and_fenyves,3.0,3.0,3.0,Cook2019_SI5,+,+,fenyves_sign_prediction,True,True,True,True,True,3.0,True
PVM__PDEL,PVM,PDEL,neuron_to_neuron,cook_si5_only,10.0,10.0,,Cook2019_SI5,,-,missing_fenyves_default_inhibitory,True,True,True,True,False,7.0,True
PVM__PDER,PVM,PDER,neuron_to_neuron,cook_si5_only,7.0,7.0,,Cook2019_SI5,,-,missing_fenyves_default_inhibitory,True,True,True,True,False,4.0,True
PVM__PVCL,PVM,PVCL,neuron_to_neuron,cook_si5_and_fenyves,1.0,1.0,1.0,Cook2019_SI5,+,+,fenyves_sign_prediction,True,True,True,True,True,1.0,True
PVM__PVCR,PVM,PVCR,neuron_to_neuron,cook_si5_and_fenyves,2.0,2.0,2.0,Cook2019_SI5,+,+,fenyves_sign_prediction,True,True,True,True,True,1.0,True
PVM__PVM,PVM,PVM,neuron_to_neuron,cook_si5_only,6.0,6.0,,Cook2019_SI5,,-,missing_fenyves_default_inhibitory,True,True,True,True,False,0.0,False
PVM__PVR,PVM,PVR,neuron_to_neuron,cook_si5_and_fenyves,3.0,3.0,3.0,Cook2019_SI5,no pred,-,fenyves_no_pred_default_inhibitory,True,True,True,True,True,0.0,False
PVM__hyp,PVM,hyp,neuron_to_non_neuron_or_muscle,cook_si5_only,7.0,7.0,,Cook2019_SI5,,-,missing_fenyves_default_inhibitory,True,True,False,True,False,2.0,True
PVM__vBWMR10,PVM,vBWMR10,neuron_to_non_neuron_or_muscle,cook_si5_only,2.0,2.0,,Cook2019_SI5,,-,missing_fenyves_default_inhibitory,True,True,False,True,False,2.0,True
PVNL__AVAL,PVNL,AVAL,neuron_to_neuron,cook_si5_and_fenyves,6.0,6.0,6.0,Cook2019_SI5,complex,complex,fenyves_sign_prediction,True,True,True,True,True,3.0,True
PVNL__AVBR,PVNL,AVBR,neuron_to_neuron,cook_si5_and_fenyves,2.0,2.0,2.0,Cook2019_SI5,+,+,fenyves_sign_prediction,True,True,True,True,True,2.0,True
PVNL__AVDL,PVNL,AVDL,neuron_to_neuron,cook_si5_and_fenyves,7.0,7.0,7.0,Cook2019_SI5,no pred,-,fenyves_no_pred_default_inhibitory,True,True,True,True,True,4.0,True
PVNL__AVDR,PVNL,AVDR,neuron_to_neuron,cook_si5_and_fenyves,6.0,6.0,6.0,Cook2019_SI5,no pred,-,fenyves_no_pred_default_inhibitory,True,True,True,True,True,3.0,True
PVNL__AVG,PVNL,AVG,neuron_to_neuron,cook_si5_and_fenyves,2.0,2.0,2.0,Cook2019_SI5,+,+,fenyves_sign_prediction,True,True,True,True,True,2.0,True
PVNL__AVJL,PVNL,AVJL,neuron_to_neuron,cook_si5_and_fenyves,6.0,6.0,6.0,Cook2019_SI5,no pred,-,fenyves_no_pred_default_inhibitory,True,True,True,True,True,5.0,True
PVNL__AVJR,PVNL,AVJR,neuron_to_neuron,cook_si5_and_fenyves,8.0,8.0,8.0,Cook2019_SI5,no pred,-,fenyves_no_pred_default_inhibitory,True,True,True,True,True,5.0,True
PVNL__AVL,PVNL,AVL,neuron_to_neuron,cook_si5_and_fenyves,1.0,1.0,1.0,Cook2019_SI5,no pred,-,fenyves_no_pred_default_inhibitory,True,True,True,True,True,0.0,False
PVNL__BDUL,PVNL,BDUL,neuron_to_neuron,cook_si5_and_fenyves,5.0,5.0,5.0,Cook2019_SI5,no pred,-,fenyves_no_pred_default_inhibitory,True,True,True,True,True,3.0,True
PVNL__BDUR,PVNL,BDUR,neuron_to_neuron,cook_si5_and_fenyves,2.0,2.0,2.0,Cook2019_SI5,no pred,-,fenyves_no_pred_default_inhibitory,True,True,True,True,True,2.0,True
PVNL__DD01,PVNL,DD01,neuron_to_neuron,cook_si5_and_fenyves,5.0,5.0,5.0,Cook2019_SI5,+,+,fenyves_sign_prediction,True,True,True,True,True,2.0,True
PVNL__LUAL,PVNL,LUAL,neuron_to_neuron,cook_si5_and_fenyves,3.0,3.0,3.0,Cook2019_SI5,no pred,-,fenyves_no_pred_default_inhibitory,True,True,True,True,True,2.0,True
PVNL__PQR,PVNL,PQR,neuron_to_neuron,cook_si5_and_fenyves,5.0,5.0,5.0,Cook2019_SI5,no pred,-,fenyves_no_pred_default_inhibitory,True,True,True,True,True,2.0,True
PVNL__PVCL,PVNL,PVCL,neuron_to_neuron,cook_si5_and_fenyves,5.0,5.0,5.0,Cook2019_SI5,+,+,fenyves_sign_prediction,True,True,True,True,True,2.0,True
PVNL__PVDL,PVNL,PVDL,neuron_to_neuron,cook_si5_and_fenyves,3.0,3.0,1.0,Cook2019_SI5,+,+,fenyves_sign_prediction,True,True,True,True,True,0.0,False
PVNL__PVNR,PVNL,PVNR,neuron_to_neuron,cook_si5_and_fenyves,9.0,9.0,9.0,Cook2019_SI5,+,+,fenyves_sign_prediction,True,True,True,True,True,7.0,True
PVNL__PVPR,PVNL,PVPR,neuron_to_neuron,cook_si5_and_fenyves,1.0,1.0,1.0,Cook2019_SI5,no pred,-,fenyves_no_pred_default_inhibitory,True,True,True,True,True,1.0,True
PVNL__PVT,PVNL,PVT,neuron_to_neuron,cook_si5_and_fenyves,6.0,6.0,6.0,Cook2019_SI5,+,+,fenyves_sign_prediction,True,True,True,True,True,3.0,True
PVNL__PVWL,PVNL,PVWL,neuron_to_neuron,cook_si5_and_fenyves,4.0,4.0,4.0,Cook2019_SI5,no pred,-,fenyves_no_pred_default_inhibitory,True,True,True,True,True,3.0,True
PVNL__PVWR,PVNL,PVWR,neuron_to_neuron,cook_si5_and_fenyves,1.0,1.0,1.0,Cook2019_SI5,no pred,-,fenyves_no_pred_default_inhibitory,True,True,True,True,True,1.0,True
PVNL__VA12,PVNL,VA12,neuron_to_neuron,cook_si5_and_fenyves,1.0,1.0,1.0,Cook2019_SI5,+,+,fenyves_sign_prediction,True,True,True,True,True,1.0,True
PVNL__VD12,PVNL,VD12,neuron_to_neuron,cook_si5_and_fenyves,1.0,1.0,1.0,Cook2019_SI5,+,+,fenyves_sign_prediction,True,True,True,True,True,1.0,True
PVNL__hyp,PVNL,hyp,neuron_to_non_neuron_or_muscle,cook_si5_only,3.0,3.0,,Cook2019_SI5,,-,missing_fenyves_default_inhibitory,True,True,False,True,False,2.0,True
PVNL__vBWML11,PVNL,vBWML11,neuron_to_non_neuron_or_muscle,cook_si5_only,5.0,5.0,,Cook2019_SI5,,-,missing_fenyves_default_inhibitory,True,True,False,True,False,0.0,False
PVNL__vBWML20,PVNL,vBWML20,neuron_to_non_neuron_or_muscle,cook_si5_only,1.0,1.0,,Cook2019_SI5,,-,missing_fenyves_default_inhibitory,True,True,False,True,False,1.0,True
PVNL__vBWMR11,PVNL,vBWMR11,neuron_to_non_neuron_or_muscle,cook_si5_only,5.0,5.0,,Cook2019_SI5,,-,missing_fenyves_default_inhibitory,True,True,False,True,False,2.0,True
PVNL__vBWMR20,PVNL,vBWMR20,neuron_to_non_neuron_or_muscle,cook_si5_only,1.0,1.0,,Cook2019_SI5,,-,missing_fenyves_default_inhibitory,True,True,False,True,False,1.0,True
PVNR__ALML,PVNR,ALML,neuron_to_neuron,cook_si5_and_fenyves,2.0,2.0,2.0,Cook2019_SI5,+,+,fenyves_sign_prediction,True,True,True,True,True,1.0,True
PVNR__AVAL,PVNR,AVAL,neuron_to_neuron,cook_si5_and_fenyves,5.0,5.0,5.0,Cook2019_SI5,complex,complex,fenyves_sign_prediction,True,True,True,True,True,5.0,True
PVNR__AVBR,PVNR,AVBR,neuron_to_neuron,cook_si5_and_fenyves,1.0,1.0,1.0,Cook2019_SI5,+,+,fenyves_sign_prediction,True,True,True,True,True,4.0,True
PVNR__AVDL,PVNR,AVDL,neuron_to_neuron,cook_si5_and_fenyves,1.0,1.0,1.0,Cook2019_SI5,no pred,-,fenyves_no_pred_default_inhibitory,True,True,True,True,True,2.0,True
PVNR__AVDR,PVNR,AVDR,neuron_to_neuron,cook_si5_and_fenyves,2.0,2.0,2.0,Cook2019_SI5,no pred,-,fenyves_no_pred_default_inhibitory,True,True,True,True,True,1.0,True
PVNR__AVEL,PVNR,AVEL,neuron_to_neuron,cook_si5_and_fenyves,5.0,5.0,5.0,Cook2019_SI5,-,-,fenyves_sign_prediction,True,True,True,True,True,2.0,True
PVNR__AVJL,PVNR,AVJL,neuron_to_neuron,cook_si5_and_fenyves,1.0,1.0,1.0,Cook2019_SI5,no pred,-,fenyves_no_pred_default_inhibitory,True,True,True,True,True,1.0,True
PVNR__AVJR,PVNR,AVJR,neuron_to_neuron,cook_si5_and_fenyves,1.0,1.0,1.0,Cook2019_SI5,no pred,-,fenyves_no_pred_default_inhibitory,True,True,True,True,True,2.0,True
PVNR__AVL,PVNR,AVL,neuron_to_neuron,cook_si5_and_fenyves,3.0,3.0,3.0,Cook2019_SI5,no pred,-,fenyves_no_pred_default_inhibitory,True,True,True,True,True,0.0,False
PVNR__BDUL,PVNR,BDUL,neuron_to_neuron,cook_si5_and_fenyves,1.0,1.0,1.0,Cook2019_SI5,no pred,-,fenyves_no_pred_default_inhibitory,True,True,True,True,True,1.0,True
PVNR__CEPDL,PVNR,CEPDL,neuron_to_neuron,cook_si5_and_fenyves,2.0,2.0,2.0,Cook2019_SI5,no pred,-,fenyves_no_pred_default_inhibitory,True,True,True,True,True,1.0,True
PVNR__DB03,PVNR,DB03,neuron_to_neuron,cook_si5_and_fenyves,1.0,1.0,1.0,Cook2019_SI5,+,+,fenyves_sign_prediction,True,True,True,True,True,1.0,True
PVNR__DD02,PVNR,DD02,neuron_to_neuron,cook_si5_and_fenyves,1.0,1.0,1.0,Cook2019_SI5,+,+,fenyves_sign_prediction,True,True,True,True,True,1.0,True
PVNR__HSNR,PVNR,HSNR,neuron_to_neuron,cook_si5_and_fenyves,1.0,1.0,1.0,Cook2019_SI5,+,+,fenyves_sign_prediction,True,True,True,True,True,1.0,True
PVNR__PQR,PVNR,PQR,neuron_to_neuron,cook_si5_and_fenyves,4.0,4.0,4.0,Cook2019_SI5,no pred,-,fenyves_no_pred_default_inhibitory,True,True,True,True,True,3.0,True
PVNR__PVCR,PVNR,PVCR,neuron_to_neuron,cook_si5_and_fenyves,2.0,2.0,2.0,Cook2019_SI5,+,+,fenyves_sign_prediction,True,True,True,True,True,2.0,True
PVNR__PVDR,PVNR,PVDR,neuron_to_neuron,cook_si5_and_fenyves,5.0,5.0,5.0,Cook2019_SI5,+,+,fenyves_sign_prediction,True,True,True,True,True,0.0,False
PVNR__PVNR,PVNR,PVNR,neuron_to_neuron,cook_si5_and_fenyves,1.0,1.0,1.0,Cook2019_SI5,+,+,fenyves_sign_prediction,True,True,True,True,True,1.0,True
PVNR__PVR,PVNR,PVR,neuron_to_neuron,cook_si5_and_fenyves,1.0,1.0,1.0,Cook2019_SI5,no pred,-,fenyves_no_pred_default_inhibitory,True,True,True,True,True,0.0,False
PVNR__PVT,PVNR,PVT,neuron_to_neuron,cook_si5_and_fenyves,3.0,3.0,3.0,Cook2019_SI5,+,+,fenyves_sign_prediction,True,True,True,True,True,3.0,True
PVNR__PVWL,PVNR,PVWL,neuron_to_neuron,cook_si5_and_fenyves,9.0,9.0,9.0,Cook2019_SI5,no pred,-,fenyves_no_pred_default_inhibitory,True,True,True,True,True,5.0,True
PVNR__PVWR,PVNR,PVWR,neuron_to_neuron,cook_si5_and_fenyves,2.0,2.0,2.0,Cook2019_SI5,no pred,-,fenyves_no_pred_default_inhibitory,True,True,True,True,True,2.0,True
PVNR__URBL,PVNR,URBL,neuron_to_neuron,cook_si5_and_fenyves,2.0,2.0,2.0,Cook2019_SI5,+,+,fenyves_sign_prediction,True,True,True,True,True,1.0,True
PVNR__URXL,PVNR,URXL,neuron_to_neuron,cook_si5_and_fenyves,2.0,2.0,2.0,Cook2019_SI5,-,-,fenyves_sign_prediction,True,True,True,True,True,1.0,True
PVNR__VA05,PVNR,VA05,neuron_to_neuron,cook_si5_only,1.0,1.0,,Cook2019_SI5,,-,missing_fenyves_default_inhibitory,True,True,True,True,False,0.0,False
PVNR__VA06,PVNR,VA06,neuron_to_neuron,fenyves_only,1.0,,1.0,Fenyves2020_only,+,+,fenyves_only_connection_with_sign,True,True,True,False,True,0.0,False
PVNR__VA11,PVNR,VA11,neuron_to_neuron,cook_si5_and_fenyves,1.0,1.0,1.0,Cook2019_SI5,+,+,fenyves_sign_prediction,True,True,True,True,True,1.0,True
PVNR__VC02,PVNR,VC02,neuron_to_neuron,cook_si5_and_fenyves,1.0,1.0,1.0,Cook2019_SI5,+,+,fenyves_sign_prediction,True,True,True,True,True,1.0,True
PVNR__VD03,PVNR,VD03,neuron_to_neuron,cook_si5_and_fenyves,3.0,3.0,3.0,Cook2019_SI5,+,+,fenyves_sign_prediction,True,True,True,True,True,3.0,True
PVNR__VD04,PVNR,VD04,neuron_to_neuron,cook_si5_and_fenyves,6.0,6.0,6.0,Cook2019_SI5,+,+,fenyves_sign_prediction,True,True,True,True,True,4.0,True
PVNR__VD06,PVNR,VD06,neuron_to_neuron,cook_si5_and_fenyves,1.0,1.0,1.0,Cook2019_SI5,+,+,fenyves_sign_prediction,True,True,True,True,True,1.0,True
PVNR__VD07,PVNR,VD07,neuron_to_neuron,cook_si5_and_fenyves,1.0,1.0,1.0,Cook2019_SI5,+,+,fenyves_sign_prediction,True,True,True,True,True,1.0,True
PVNR__VD12,PVNR,VD12,neuron_to_neuron,cook_si5_only,1.0,1.0,,Cook2019_SI5,,-,missing_fenyves_default_inhibitory,True,True,True,True,False,1.0,True
PVNR__VD13,PVNR,VD13,neuron_to_neuron,cook_si5_and_fenyves,1.0,1.0,2.0,Cook2019_SI5,+,+,fenyves_sign_prediction,True,True,True,True,True,1.0,True
PVNR__hyp,PVNR,hyp,neuron_to_non_neuron_or_muscle,cook_si5_only,9.0,9.0,,Cook2019_SI5,,-,missing_fenyves_default_inhibitory,True,True,False,True,False,7.0,True
PVNR__vBWML21,PVNR,vBWML21,neuron_to_non_neuron_or_muscle,cook_si5_only,3.0,3.0,,Cook2019_SI5,,-,missing_fenyves_default_inhibitory,True,True,False,True,False,3.0,True
PVNR__vBWMR20,PVNR,vBWMR20,neuron_to_non_neuron_or_muscle,cook_si5_only,1.0,1.0,,Cook2019_SI5,,-,missing_fenyves_default_inhibitory,True,True,False,True,False,1.0,True
PVNR__vBWMR21,PVNR,vBWMR21,neuron_to_non_neuron_or_muscle,cook_si5_only,1.0,1.0,,Cook2019_SI5,,-,missing_fenyves_default_inhibitory,True,True,False,True,False,1.0,True
PVPL__ADAL,PVPL,ADAL,neuron_to_neuron,cook_si5_and_fenyves,1.0,1.0,1.0,Cook2019_SI5,no pred,-,fenyves_no_pred_default_inhibitory,True,True,True,True,True,1.0,True
PVPL__AQR,PVPL,AQR,neuron_to_neuron,cook_si5_and_fenyves,8.0,8.0,8.0,Cook2019_SI5,no pred,-,fenyves_no_pred_default_inhibitory,True,True,True,True,True,5.0,True
PVPL__AVAL,PVPL,AVAL,neuron_to_neuron,cook_si5_and_fenyves,4.0,4.0,4.0,Cook2019_SI5,complex,complex,fenyves_sign_prediction,True,True,True,True,True,2.0,True
PVPL__AVAR,PVPL,AVAR,neuron_to_neuron,cook_si5_and_fenyves,3.0,3.0,3.0,Cook2019_SI5,complex,complex,fenyves_sign_prediction,True,True,True,True,True,2.0,True
PVPL__AVBL,PVPL,AVBL,neuron_to_neuron,cook_si5_and_fenyves,13.0,13.0,13.0,Cook2019_SI5,+,+,fenyves_sign_prediction,True,True,True,True,True,9.0,True
PVPL__AVBR,PVPL,AVBR,neuron_to_neuron,cook_si5_and_fenyves,12.0,12.0,12.0,Cook2019_SI5,+,+,fenyves_sign_prediction,True,True,True,True,True,9.0,True
PVPL__AVDR,PVPL,AVDR,neuron_to_neuron,cook_si5_and_fenyves,3.0,3.0,3.0,Cook2019_SI5,no pred,-,fenyves_no_pred_default_inhibitory,True,True,True,True,True,2.0,True
PVPL__AVHR,PVPL,AVHR,neuron_to_neuron,cook_si5_and_fenyves,3.0,3.0,3.0,Cook2019_SI5,no pred,-,fenyves_no_pred_default_inhibitory,True,True,True,True,True,3.0,True
PVPL__PVCL,PVPL,PVCL,neuron_to_neuron,cook_si5_and_fenyves,3.0,3.0,3.0,Cook2019_SI5,+,+,fenyves_sign_prediction,True,True,True,True,True,2.0,True
PVPL__PVCR,PVPL,PVCR,neuron_to_neuron,cook_si5_and_fenyves,9.0,9.0,9.0,Cook2019_SI5,+,+,fenyves_sign_prediction,True,True,True,True,True,7.0,True
PVPL__PVDL,PVPL,PVDL,neuron_to_neuron,cook_si5_and_fenyves,1.0,1.0,1.0,Cook2019_SI5,+,+,fenyves_sign_prediction,True,True,True,True,True,0.0,False
PVPL__RIGL,PVPL,RIGL,neuron_to_neuron,cook_si5_and_fenyves,3.0,3.0,3.0,Cook2019_SI5,complex,complex,fenyves_sign_prediction,True,True,True,True,True,2.0,True
PVPL__RIR,PVPL,RIR,neuron_to_neuron,cook_si5_and_fenyves,1.0,1.0,1.0,Cook2019_SI5,no pred,-,fenyves_no_pred_default_inhibitory,True,True,True,True,True,1.0,True
PVPL__hyp,PVPL,hyp,neuron_to_non_neuron_or_muscle,cook_si5_only,1.0,1.0,,Cook2019_SI5,,-,missing_fenyves_default_inhibitory,True,True,False,True,False,1.0,True
PVPL__vBWML10,PVPL,vBWML10,neuron_to_non_neuron_or_muscle,cook_si5_only,2.0,2.0,,Cook2019_SI5,,-,missing_fenyves_default_inhibitory,True,True,False,True,False,1.0,True
PVPR__ADFR,PVPR,ADFR,neuron_to_neuron,cook_si5_and_fenyves,2.0,2.0,2.0,Cook2019_SI5,no pred,-,fenyves_no_pred_default_inhibitory,True,True,True,True,True,1.0,True
PVPR__AQR,PVPR,AQR,neuron_to_neuron,cook_si5_and_fenyves,5.0,5.0,5.0,Cook2019_SI5,no pred,-,fenyves_no_pred_default_inhibitory,True,True,True,True,True,4.0,True
PVPR__ASHR,PVPR,ASHR,neuron_to_neuron,cook_si5_and_fenyves,2.0,2.0,2.0,Cook2019_SI5,no pred,-,fenyves_no_pred_default_inhibitory,True,True,True,True,True,1.0,True
PVPR__AVAL,PVPR,AVAL,neuron_to_neuron,cook_si5_and_fenyves,1.0,1.0,1.0,Cook2019_SI5,complex,complex,fenyves_sign_prediction,True,True,True,True,True,1.0,True
PVPR__AVAR,PVPR,AVAR,neuron_to_neuron,cook_si5_and_fenyves,5.0,5.0,5.0,Cook2019_SI5,complex,complex,fenyves_sign_prediction,True,True,True,True,True,3.0,True
PVPR__AVBL,PVPR,AVBL,neuron_to_neuron,cook_si5_and_fenyves,8.0,8.0,8.0,Cook2019_SI5,+,+,fenyves_sign_prediction,True,True,True,True,True,4.0,True
PVPR__AVBR,PVPR,AVBR,neuron_to_neuron,cook_si5_and_fenyves,11.0,11.0,11.0,Cook2019_SI5,+,+,fenyves_sign_prediction,True,True,True,True,True,7.0,True
PVPR__AVG,PVPR,AVG,neuron_to_neuron,cook_si5_and_fenyves,1.0,1.0,1.0,Cook2019_SI5,+,+,fenyves_sign_prediction,True,True,True,True,True,1.0,True
PVPR__AVHL,PVPR,AVHL,neuron_to_neuron,cook_si5_and_fenyves,3.0,3.0,3.0,Cook2019_SI5,no pred,-,fenyves_no_pred_default_inhibitory,True,True,True,True,True,3.0,True
PVPR__AVJL,PVPR,AVJL,neuron_to_neuron,cook_si5_and_fenyves,2.0,2.0,2.0,Cook2019_SI5,no pred,-,fenyves_no_pred_default_inhibitory,True,True,True,True,True,1.0,True
PVPR__AVL,PVPR,AVL,neuron_to_neuron,cook_si5_and_fenyves,4.0,4.0,4.0,Cook2019_SI5,no pred,-,fenyves_no_pred_default_inhibitory,True,True,True,True,True,0.0,False
PVPR__DD02,PVPR,DD02,neuron_to_neuron,cook_si5_and_fenyves,1.0,1.0,1.0,Cook2019_SI5,+,+,fenyves_sign_prediction,True,True,True,True,True,1.0,True
PVPR__DVC,PVPR,DVC,neuron_to_neuron,cook_si5_and_fenyves,3.0,3.0,3.0,Cook2019_SI5,+,+,fenyves_sign_prediction,True,True,True,True,True,2.0,True
PVPR__HSNR,PVPR,HSNR,neuron_to_neuron,cook_si5_and_fenyves,2.0,2.0,2.0,Cook2019_SI5,+,+,fenyves_sign_prediction,True,True,True,True,True,1.0,True
PVPR__PVCL,PVPR,PVCL,neuron_to_neuron,cook_si5_and_fenyves,6.0,6.0,6.0,Cook2019_SI5,+,+,fenyves_sign_prediction,True,True,True,True,True,4.0,True
PVPR__PVCR,PVPR,PVCR,neuron_to_neuron,cook_si5_and_fenyves,13.0,13.0,13.0,Cook2019_SI5,+,+,fenyves_sign_prediction,True,True,True,True,True,6.0,True
PVPR__PVQR,PVPR,PVQR,neuron_to_neuron,cook_si5_and_fenyves,1.0,1.0,1.0,Cook2019_SI5,+,+,fenyves_sign_prediction,True,True,True,True,True,1.0,True
PVPR__RIAR,PVPR,RIAR,neuron_to_neuron,cook_si5_and_fenyves,2.0,2.0,2.0,Cook2019_SI5,-,-,fenyves_sign_prediction,True,True,True,True,True,2.0,True
PVPR__RIGR,PVPR,RIGR,neuron_to_neuron,cook_si5_and_fenyves,2.0,2.0,2.0,Cook2019_SI5,complex,complex,fenyves_sign_prediction,True,True,True,True,True,2.0,True
PVPR__RIMR,PVPR,RIMR,neuron_to_neuron,cook_si5_only,1.0,1.0,,Cook2019_SI5,,-,missing_fenyves_default_inhibitory,True,True,True,True,False,1.0,True
PVPR__URXR,PVPR,URXR,neuron_to_neuron,cook_si5_and_fenyves,1.0,1.0,1.0,Cook2019_SI5,-,-,fenyves_sign_prediction,True,True,True,True,True,1.0,True
PVPR__vBWMR10,PVPR,vBWMR10,neuron_to_non_neuron_or_muscle,cook_si5_only,1.0,1.0,,Cook2019_SI5,,-,missing_fenyves_default_inhibitory,True,True,False,True,False,1.0,True
PVPR__vBWMR11,PVPR,vBWMR11,neuron_to_non_neuron_or_muscle,cook_si5_only,1.0,1.0,,Cook2019_SI5,,-,missing_fenyves_default_inhibitory,True,True,False,True,False,1.0,True
PVQL__AIAL,PVQL,AIAL,neuron_to_neuron,cook_si5_and_fenyves,10.0,10.0,10.0,Cook2019_SI5,complex,complex,fenyves_sign_prediction,True,True,True,True,True,0.0,False
PVQL__ASJL,PVQL,ASJL,neuron_to_neuron,cook_si5_and_fenyves,3.0,3.0,3.0,Cook2019_SI5,no pred,-,fenyves_no_pred_default_inhibitory,True,True,True,True,True,2.0,True
PVQL__ASKL,PVQL,ASKL,neuron_to_neuron,cook_si5_and_fenyves,12.0,12.0,12.0,Cook2019_SI5,no pred,-,fenyves_no_pred_default_inhibitory,True,True,True,True,True,6.0,True
PVQL__AVHR,PVQL,AVHR,neuron_to_neuron,cook_si5_and_fenyves,1.0,1.0,1.0,Cook2019_SI5,+,+,fenyves_sign_prediction,True,True,True,True,True,1.0,True
PVQL__AWAL,PVQL,AWAL,neuron_to_neuron,cook_si5_and_fenyves,1.0,1.0,1.0,Cook2019_SI5,no pred,-,fenyves_no_pred_default_inhibitory,True,True,True,True,True,1.0,True
PVQL__DA08,PVQL,DA08,neuron_to_neuron,cook_si5_and_fenyves,1.0,1.0,1.0,Cook2019_SI5,+,+,fenyves_sign_prediction,True,True,True,True,True,1.0,True
PVQL__DD06,PVQL,DD06,neuron_to_neuron,cook_si5_and_fenyves,1.0,1.0,1.0,Cook2019_SI5,no pred,-,fenyves_no_pred_default_inhibitory,True,True,True,True,True,1.0,True
PVQL__HSNL,PVQL,HSNL,neuron_to_neuron,cook_si5_and_fenyves,3.0,3.0,3.0,Cook2019_SI5,+,+,fenyves_sign_prediction,True,True,True,True,True,2.0,True
PVQL__HSNR,PVQL,HSNR,neuron_to_neuron,cook_si5_and_fenyves,6.0,6.0,6.0,Cook2019_SI5,+,+,fenyves_sign_prediction,True,True,True,True,True,4.0,True
PVQL__PVPL,PVQL,PVPL,neuron_to_neuron,cook_si5_and_fenyves,1.0,1.0,1.0,Cook2019_SI5,no pred,-,fenyves_no_pred_default_inhibitory,True,True,True,True,True,1.0,True
PVQL__RMGL,PVQL,RMGL,neuron_to_neuron,cook_si5_and_fenyves,1.0,1.0,1.0,Cook2019_SI5,complex,complex,fenyves_sign_prediction,True,True,True,True,True,1.0,True
PVQL__hyp,PVQL,hyp,neuron_to_non_neuron_or_muscle,cook_si5_only,3.0,3.0,,Cook2019_SI5,,-,missing_fenyves_default_inhibitory,True,True,False,True,False,3.0,True
PVQL__vBWMR10,PVQL,vBWMR10,neuron_to_non_neuron_or_muscle,cook_si5_only,1.0,1.0,,Cook2019_SI5,,-,missing_fenyves_default_inhibitory,True,True,False,True,False,1.0,True
PVQR__AIAL,PVQR,AIAL,neuron_to_neuron,cook_si5_and_fenyves,1.0,1.0,1.0,Cook2019_SI5,complex,complex,fenyves_sign_prediction,True,True,True,True,True,0.0,False
PVQR__AIAR,PVQR,AIAR,neuron_to_neuron,cook_si5_and_fenyves,12.0,12.0,12.0,Cook2019_SI5,complex,complex,fenyves_sign_prediction,True,True,True,True,True,10.0,True
PVQR__AIMR,PVQR,AIMR,neuron_to_neuron,cook_si5_and_fenyves,2.0,2.0,2.0,Cook2019_SI5,no pred,-,fenyves_no_pred_default_inhibitory,True,True,True,True,True,1.0,True
PVQR__ASER,PVQR,ASER,neuron_to_neuron,cook_si5_and_fenyves,2.0,2.0,2.0,Cook2019_SI5,no pred,-,fenyves_no_pred_default_inhibitory,True,True,True,True,True,2.0,True
PVQR__ASJL,PVQR,ASJL,neuron_to_neuron,cook_si5_and_fenyves,1.0,1.0,1.0,Cook2019_SI5,no pred,-,fenyves_no_pred_default_inhibitory,True,True,True,True,True,1.0,True
PVQR__ASKR,PVQR,ASKR,neuron_to_neuron,cook_si5_and_fenyves,6.0,6.0,6.0,Cook2019_SI5,no pred,-,fenyves_no_pred_default_inhibitory,True,True,True,True,True,5.0,True
PVQR__AVBR,PVQR,AVBR,neuron_to_neuron,cook_si5_and_fenyves,1.0,1.0,1.0,Cook2019_SI5,+,+,fenyves_sign_prediction,True,True,True,True,True,1.0,True
PVQR__AVFR,PVQR,AVFR,neuron_to_neuron,cook_si5_and_fenyves,1.0,1.0,1.0,Cook2019_SI5,no pred,-,fenyves_no_pred_default_inhibitory,True,True,True,True,True,1.0,True
PVQR__AVL,PVQR,AVL,neuron_to_neuron,cook_si5_and_fenyves,2.0,2.0,2.0,Cook2019_SI5,-,-,fenyves_sign_prediction,True,True,True,True,True,0.0,False
PVQR__AWAR,PVQR,AWAR,neuron_to_neuron,cook_si5_and_fenyves,4.0,4.0,4.0,Cook2019_SI5,no pred,-,fenyves_no_pred_default_inhibitory,True,True,True,True,True,3.0,True
PVQR__CEPshVR,PVQR,CEPshVR,neuron_to_non_neuron_or_muscle,cook_si5_only,1.0,1.0,,Cook2019_SI5,,-,missing_fenyves_default_inhibitory,True,True,False,True,False,1.0,True
PVQR__DD01,PVQR,DD01,neuron_to_neuron,cook_si5_and_fenyves,1.0,1.0,1.0,Cook2019_SI5,no pred,-,fenyves_no_pred_default_inhibitory,True,True,True,True,True,1.0,True
PVQR__DD06,PVQR,DD06,neuron_to_neuron,cook_si5_and_fenyves,2.0,2.0,2.0,Cook2019_SI5,no pred,-,fenyves_no_pred_default_inhibitory,True,True,True,True,True,1.0,True
PVQR__DVC,PVQR,DVC,neuron_to_neuron,cook_si5_only,1.0,1.0,,Cook2019_SI5,,-,missing_fenyves_default_inhibitory,True,True,True,True,False,1.0,True
PVQR__PVT,PVQR,PVT,neuron_to_neuron,cook_si5_only,1.0,1.0,,Cook2019_SI5,,-,missing_fenyves_default_inhibitory,True,True,True,True,False,1.0,True
PVQR__RIFR,PVQR,RIFR,neuron_to_neuron,cook_si5_and_fenyves,4.0,4.0,4.0,Cook2019_SI5,+,+,fenyves_sign_prediction,True,True,True,True,True,3.0,True
PVQR__RMGR,PVQR,RMGR,neuron_to_neuron,cook_si5_and_fenyves,1.0,1.0,1.0,Cook2019_SI5,complex,complex,fenyves_sign_prediction,True,True,True,True,True,1.0,True
PVQR__VC02,PVQR,VC02,neuron_to_neuron,cook_si5_and_fenyves,1.0,1.0,1.0,Cook2019_SI5,+,+,fenyves_sign_prediction,True,True,True,True,True,1.0,True
PVQR__VD01,PVQR,VD01,neuron_to_neuron,cook_si5_and_fenyves,1.0,1.0,1.0,Cook2019_SI5,no pred,-,fenyves_no_pred_default_inhibitory,True,True,True,True,True,1.0,True
PVQR__hyp,PVQR,hyp,neuron_to_non_neuron_or_muscle,cook_si5_only,1.0,1.0,,Cook2019_SI5,,-,missing_fenyves_default_inhibitory,True,True,False,True,False,1.0,True
PVR__ADAR,PVR,ADAR,neuron_to_neuron,cook_si5_and_fenyves,1.0,1.0,1.0,Cook2019_SI5,no pred,-,fenyves_no_pred_default_inhibitory,True,True,True,True,True,0.0,False
PVR__ALMR,PVR,ALMR,neuron_to_neuron,cook_si5_and_fenyves,2.0,2.0,2.0,Cook2019_SI5,complex,complex,fenyves_sign_prediction,True,True,True,True,True,0.0,False
PVR__AVBL,PVR,AVBL,neuron_to_neuron,cook_si5_and_fenyves,17.0,17.0,17.0,Cook2019_SI5,+,+,fenyves_sign_prediction,True,True,True,True,True,0.0,False
PVR__AVBR,PVR,AVBR,neuron_to_neuron,cook_si5_and_fenyves,17.0,17.0,17.0,Cook2019_SI5,+,+,fenyves_sign_prediction,True,True,True,True,True,0.0,False
PVR__AVJL,PVR,AVJL,neuron_to_neuron,cook_si5_and_fenyves,11.0,11.0,11.0,Cook2019_SI5,+,+,fenyves_sign_prediction,True,True,True,True,True,0.0,False
PVR__AVJR,PVR,AVJR,neuron_to_neuron,cook_si5_and_fenyves,5.0,5.0,5.0,Cook2019_SI5,+,+,fenyves_sign_prediction,True,True,True,True,True,0.0,False
PVR__AVKL,PVR,AVKL,neuron_to_neuron,cook_si5_and_fenyves,1.0,1.0,1.0,Cook2019_SI5,+,+,fenyves_sign_prediction,True,True,True,True,True,0.0,False
PVR__CEPVR,PVR,CEPVR,neuron_to_neuron,cook_si5_and_fenyves,2.0,2.0,2.0,Cook2019_SI5,no pred,-,fenyves_no_pred_default_inhibitory,True,True,True,True,True,0.0,False
PVR__DA05,PVR,DA05,neuron_to_neuron,cook_si5_and_fenyves,1.0,1.0,1.0,Cook2019_SI5,no pred,-,fenyves_no_pred_default_inhibitory,True,True,True,True,True,0.0,False
PVR__DA09,PVR,DA09,neuron_to_neuron,cook_si5_and_fenyves,2.0,2.0,2.0,Cook2019_SI5,complex,complex,fenyves_sign_prediction,True,True,True,True,True,0.0,False
PVR__DB02,PVR,DB02,neuron_to_neuron,cook_si5_and_fenyves,2.0,2.0,2.0,Cook2019_SI5,+,+,fenyves_sign_prediction,True,True,True,True,True,0.0,False
PVR__DB03,PVR,DB03,neuron_to_neuron,cook_si5_and_fenyves,3.0,3.0,3.0,Cook2019_SI5,+,+,fenyves_sign_prediction,True,True,True,True,True,0.0,False
PVR__DB04,PVR,DB04,neuron_to_neuron,cook_si5_and_fenyves,1.0,1.0,1.0,Cook2019_SI5,+,+,fenyves_sign_prediction,True,True,True,True,True,0.0,False
PVR__DB07,PVR,DB07,neuron_to_neuron,cook_si5_and_fenyves,2.0,2.0,2.0,Cook2019_SI5,+,+,fenyves_sign_prediction,True,True,True,True,True,0.0,False
PVR__DVA,PVR,DVA,neuron_to_neuron,cook_si5_and_fenyves,2.0,2.0,2.0,Cook2019_SI5,+,+,fenyves_sign_prediction,True,True,True,True,True,0.0,False
PVR__IL1DR,PVR,IL1DR,neuron_to_neuron,cook_si5_and_fenyves,5.0,5.0,5.0,Cook2019_SI5,no pred,-,fenyves_no_pred_default_inhibitory,True,True,True,True,True,0.0,False
PVR__IL1VL,PVR,IL1VL,neuron_to_neuron,cook_si5_and_fenyves,9.0,9.0,9.0,Cook2019_SI5,no pred,-,fenyves_no_pred_default_inhibitory,True,True,True,True,True,0.0,False
PVR__IL1VR,PVR,IL1VR,neuron_to_neuron,cook_si5_and_fenyves,9.0,9.0,9.0,Cook2019_SI5,no pred,-,fenyves_no_pred_default_inhibitory,True,True,True,True,True,0.0,False
PVR__PDER,PVR,PDER,neuron_to_neuron,cook_si5_only,1.0,1.0,,Cook2019_SI5,,-,missing_fenyves_default_inhibitory,True,True,True,True,False,0.0,False
PVR__PVCL,PVR,PVCL,neuron_to_neuron,cook_si5_and_fenyves,4.0,4.0,4.0,Cook2019_SI5,+,+,fenyves_sign_prediction,True,True,True,True,True,0.0,False
PVR__PVM,PVR,PVM,neuron_to_neuron,cook_si5_and_fenyves,1.0,1.0,1.0,Cook2019_SI5,no pred,-,fenyves_no_pred_default_inhibitory,True,True,True,True,True,0.0,False
PVR__PVR,PVR,PVR,neuron_to_neuron,cook_si5_and_fenyves,1.0,1.0,1.0,Cook2019_SI5,no pred,-,fenyves_no_pred_default_inhibitory,True,True,True,True,True,0.0,False
PVR__RIPL,PVR,RIPL,neuron_to_neuron,cook_si5_and_fenyves,16.0,16.0,16.0,Cook2019_SI5,no pred,-,fenyves_no_pred_default_inhibitory,True,True,True,True,True,0.0,False
PVR__RIPR,PVR,RIPR,neuron_to_neuron,cook_si5_and_fenyves,19.0,19.0,19.0,Cook2019_SI5,no pred,-,fenyves_no_pred_default_inhibitory,True,True,True,True,True,0.0,False
PVR__SABD,PVR,SABD,neuron_to_neuron,cook_si5_and_fenyves,2.0,2.0,2.0,Cook2019_SI5,+,+,fenyves_sign_prediction,True,True,True,True,True,0.0,False
PVR__SDQR,PVR,SDQR,neuron_to_neuron,cook_si5_and_fenyves,5.0,5.0,5.0,Cook2019_SI5,no pred,-,fenyves_no_pred_default_inhibitory,True,True,True,True,True,0.0,False
PVR__URADL,PVR,URADL,neuron_to_neuron,cook_si5_and_fenyves,3.0,3.0,3.0,Cook2019_SI5,+,+,fenyves_sign_prediction,True,True,True,True,True,0.0,False
PVR__VB03,PVR,VB03,neuron_to_neuron,cook_si5_and_fenyves,2.0,2.0,2.0,Cook2019_SI5,+,+,fenyves_sign_prediction,True,True,True,True,True,0.0,False
PVR__VB07,PVR,VB07,neuron_to_neuron,cook_si5_only,1.0,1.0,,Cook2019_SI5,,-,missing_fenyves_default_inhibitory,True,True,True,True,False,0.0,False
PVR__hyp,PVR,hyp,neuron_to_non_neuron_or_muscle,cook_si5_only,1.0,1.0,,Cook2019_SI5,,-,missing_fenyves_default_inhibitory,True,True,False,True,False,0.0,False
PVR__vBWMR11,PVR,vBWMR11,neuron_to_non_neuron_or_muscle,cook_si5_only,1.0,1.0,,Cook2019_SI5,,-,missing_fenyves_default_inhibitory,True,True,False,True,False,0.0,False
PVT__AIBL,PVT,AIBL,neuron_to_neuron,cook_si5_and_fenyves,5.0,5.0,5.0,Cook2019_SI5,no pred,-,fenyves_no_pred_default_inhibitory,True,True,True,True,True,2.0,True
PVT__AIBR,PVT,AIBR,neuron_to_neuron,cook_si5_and_fenyves,10.0,10.0,10.0,Cook2019_SI5,no pred,-,fenyves_no_pred_default_inhibitory,True,True,True,True,True,5.0,True
PVT__AVKL,PVT,AVKL,neuron_to_neuron,cook_si5_and_fenyves,7.0,7.0,7.0,Cook2019_SI5,no pred,-,fenyves_no_pred_default_inhibitory,True,True,True,True,True,7.0,True
PVT__AVKR,PVT,AVKR,neuron_to_neuron,cook_si5_and_fenyves,8.0,8.0,8.0,Cook2019_SI5,no pred,-,fenyves_no_pred_default_inhibitory,True,True,True,True,True,6.0,True
PVT__AVL,PVT,AVL,neuron_to_neuron,cook_si5_and_fenyves,3.0,3.0,3.0,Cook2019_SI5,no pred,-,fenyves_no_pred_default_inhibitory,True,True,True,True,True,0.0,False
PVT__DVC,PVT,DVC,neuron_to_neuron,cook_si5_and_fenyves,3.0,3.0,3.0,Cook2019_SI5,no pred,-,fenyves_no_pred_default_inhibitory,True,True,True,True,True,3.0,True
PVT__RIGL,PVT,RIGL,neuron_to_neuron,cook_si5_and_fenyves,1.0,1.0,1.0,Cook2019_SI5,no pred,-,fenyves_no_pred_default_inhibitory,True,True,True,True,True,1.0,True
PVT__RIGR,PVT,RIGR,neuron_to_neuron,cook_si5_and_fenyves,6.0,6.0,6.0,Cook2019_SI5,no pred,-,fenyves_no_pred_default_inhibitory,True,True,True,True,True,4.0,True
PVT__RIH,PVT,RIH,neuron_to_neuron,cook_si5_and_fenyves,2.0,2.0,2.0,Cook2019_SI5,no pred,-,fenyves_no_pred_default_inhibitory,True,True,True,True,True,1.0,True
PVT__RIS,PVT,RIS,neuron_to_neuron,cook_si5_and_fenyves,1.0,1.0,1.0,Cook2019_SI5,no pred,-,fenyves_no_pred_default_inhibitory,True,True,True,True,True,1.0,True
PVT__RMEV,PVT,RMEV,neuron_to_neuron,cook_si5_and_fenyves,4.0,4.0,4.0,Cook2019_SI5,no pred,-,fenyves_no_pred_default_inhibitory,True,True,True,True,True,2.0,True
PVT__RMFL,PVT,RMFL,neuron_to_neuron,cook_si5_and_fenyves,3.0,3.0,3.0,Cook2019_SI5,no pred,-,fenyves_no_pred_default_inhibitory,True,True,True,True,True,1.0,True
PVT__RMFR,PVT,RMFR,neuron_to_neuron,cook_si5_and_fenyves,7.0,7.0,7.0,Cook2019_SI5,no pred,-,fenyves_no_pred_default_inhibitory,True,True,True,True,True,4.0,True
PVWL__AVJL,PVWL,AVJL,neuron_to_neuron,cook_si5_only,1.0,1.0,,Cook2019_SI5,,-,missing_fenyves_default_inhibitory,True,True,True,True,False,1.0,True
PVWL__PVCL,PVWL,PVCL,neuron_to_neuron,cook_si5_and_fenyves,1.0,1.0,1.0,Cook2019_SI5,no pred,-,fenyves_no_pred_default_inhibitory,True,True,True,True,True,1.0,True
PVWL__PVCR,PVWL,PVCR,neuron_to_neuron,cook_si5_and_fenyves,1.0,1.0,1.0,Cook2019_SI5,no pred,-,fenyves_no_pred_default_inhibitory,True,True,True,True,True,1.0,True
PVWL__PVT,PVWL,PVT,neuron_to_neuron,cook_si5_and_fenyves,1.0,1.0,1.0,Cook2019_SI5,no pred,-,fenyves_no_pred_default_inhibitory,True,True,True,True,True,2.0,True
PVWL__PVWR,PVWL,PVWR,neuron_to_neuron,cook_si5_and_fenyves,1.0,1.0,1.0,Cook2019_SI5,no pred,-,fenyves_no_pred_default_inhibitory,True,True,True,True,True,1.0,True
PVWL__VD12,PVWL,VD12,neuron_to_neuron,cook_si5_and_fenyves,1.0,1.0,1.0,Cook2019_SI5,no pred,-,fenyves_no_pred_default_inhibitory,True,True,True,True,True,1.0,True
PVWR__AVAR,PVWR,AVAR,neuron_to_neuron,cook_si5_and_fenyves,1.0,1.0,1.0,Cook2019_SI5,no pred,-,fenyves_no_pred_default_inhibitory,True,True,True,True,True,1.0,True
PVWR__AVDR,PVWR,AVDR,neuron_to_neuron,cook_si5_and_fenyves,2.0,2.0,2.0,Cook2019_SI5,no pred,-,fenyves_no_pred_default_inhibitory,True,True,True,True,True,3.0,True
PVWR__AVL,PVWR,AVL,neuron_to_neuron,cook_si5_only,1.0,1.0,,Cook2019_SI5,,-,missing_fenyves_default_inhibitory,True,True,True,True,False,0.0,False
PVWR__LUAR,PVWR,LUAR,neuron_to_neuron,cook_si5_and_fenyves,1.0,1.0,1.0,Cook2019_SI5,no pred,-,fenyves_no_pred_default_inhibitory,True,True,True,True,True,1.0,True
PVWR__PVCR,PVWR,PVCR,neuron_to_neuron,cook_si5_only,1.0,1.0,,Cook2019_SI5,,-,missing_fenyves_default_inhibitory,True,True,True,True,False,1.0,True
PVWR__PVT,PVWR,PVT,neuron_to_neuron,cook_si5_only,2.0,2.0,,Cook2019_SI5,,-,missing_fenyves_default_inhibitory,True,True,True,True,False,2.0,True
PVWR__VA12,PVWR,VA12,neuron_to_neuron,cook_si5_and_fenyves,1.0,1.0,1.0,Cook2019_SI5,no pred,-,fenyves_no_pred_default_inhibitory,True,True,True,True,True,1.0,True
RIAL__AIZL,RIAL,AIZL,neuron_to_neuron,cook_si5_and_fenyves,1.0,1.0,1.0,Cook2019_SI5,no pred,-,fenyves_no_pred_default_inhibitory,True,True,True,True,True,1.0,True
RIAL__AQR,RIAL,AQR,neuron_to_neuron,cook_si5_and_fenyves,4.0,4.0,4.0,Cook2019_SI5,no pred,-,fenyves_no_pred_default_inhibitory,True,True,True,True,True,3.0,True
RIAL__AVAL,RIAL,AVAL,neuron_to_neuron,cook_si5_and_fenyves,2.0,2.0,2.0,Cook2019_SI5,+,+,fenyves_sign_prediction,True,True,True,True,True,2.0,True
RIAL__BAGR,RIAL,BAGR,neuron_to_neuron,cook_si5_and_fenyves,2.0,2.0,2.0,Cook2019_SI5,no pred,-,fenyves_no_pred_default_inhibitory,True,True,True,True,True,1.0,True
RIAL__CEPDL,RIAL,CEPDL,neuron_to_neuron,cook_si5_and_fenyves,1.0,1.0,1.0,Cook2019_SI5,no pred,-,fenyves_no_pred_default_inhibitory,True,True,True,True,True,1.0,True
RIAL__RIAR,RIAL,RIAR,neuron_to_neuron,cook_si5_and_fenyves,23.0,23.0,23.0,Cook2019_SI5,complex,complex,fenyves_sign_prediction,True,True,True,True,True,13.0,True
RIAL__RIBL,RIAL,RIBL,neuron_to_neuron,cook_si5_and_fenyves,2.0,2.0,2.0,Cook2019_SI5,complex,complex,fenyves_sign_prediction,True,True,True,True,True,2.0,True
RIAL__RIML,RIAL,RIML,neuron_to_neuron,cook_si5_and_fenyves,2.0,2.0,2.0,Cook2019_SI5,complex,complex,fenyves_sign_prediction,True,True,True,True,True,2.0,True
RIAL__RIMR,RIAL,RIMR,neuron_to_neuron,cook_si5_and_fenyves,2.0,2.0,2.0,Cook2019_SI5,complex,complex,fenyves_sign_prediction,True,True,True,True,True,1.0,True
RIAL__RIR,RIAL,RIR,neuron_to_neuron,cook_si5_and_fenyves,3.0,3.0,3.0,Cook2019_SI5,+,+,fenyves_sign_prediction,True,True,True,True,True,3.0,True
RIAL__RIVL,RIAL,RIVL,neuron_to_neuron,cook_si5_and_fenyves,8.0,8.0,8.0,Cook2019_SI5,no pred,-,fenyves_no_pred_default_inhibitory,True,True,True,True,True,4.0,True
RIAL__RIVR,RIAL,RIVR,neuron_to_neuron,cook_si5_and_fenyves,12.0,12.0,12.0,Cook2019_SI5,no pred,-,fenyves_no_pred_default_inhibitory,True,True,True,True,True,3.0,True
RIAL__RMDDL,RIAL,RMDDL,neuron_to_neuron,cook_si5_and_fenyves,48.0,48.0,48.0,Cook2019_SI5,+,+,fenyves_sign_prediction,True,True,True,True,True,24.0,True
RIAL__RMDDR,RIAL,RMDDR,neuron_to_neuron,cook_si5_and_fenyves,35.0,35.0,35.0,Cook2019_SI5,+,+,fenyves_sign_prediction,True,True,True,True,True,13.0,True
RIAL__RMDL,RIAL,RMDL,neuron_to_neuron,cook_si5_and_fenyves,26.0,26.0,26.0,Cook2019_SI5,+,+,fenyves_sign_prediction,True,True,True,True,True,15.0,True
RIAL__RMDR,RIAL,RMDR,neuron_to_neuron,cook_si5_and_fenyves,17.0,17.0,17.0,Cook2019_SI5,+,+,fenyves_sign_prediction,True,True,True,True,True,11.0,True
RIAL__RMDVL,RIAL,RMDVL,neuron_to_neuron,cook_si5_and_fenyves,48.0,48.0,48.0,Cook2019_SI5,+,+,fenyves_sign_prediction,True,True,True,True,True,20.0,True
RIAL__RMDVR,RIAL,RMDVR,neuron_to_neuron,cook_si5_and_fenyves,48.0,48.0,48.0,Cook2019_SI5,+,+,fenyves_sign_prediction,True,True,True,True,True,19.0,True
RIAL__SAADL,RIAL,SAADL,neuron_to_neuron,cook_si5_and_fenyves,1.0,1.0,1.0,Cook2019_SI5,+,+,fenyves_sign_prediction,True,True,True,True,True,1.0,True
RIAL__SIADL,RIAL,SIADL,neuron_to_neuron,cook_si5_and_fenyves,3.0,3.0,3.0,Cook2019_SI5,no pred,-,fenyves_no_pred_default_inhibitory,True,True,True,True,True,2.0,True
RIAL__SIAVR,RIAL,SIAVR,neuron_to_neuron,cook_si5_and_fenyves,2.0,2.0,2.0,Cook2019_SI5,no pred,-,fenyves_no_pred_default_inhibitory,True,True,True,True,True,1.0,True
RIAL__SMBDR,RIAL,SMBDR,neuron_to_neuron,cook_si5_and_fenyves,7.0,7.0,7.0,Cook2019_SI5,no pred,-,fenyves_no_pred_default_inhibitory,True,True,True,True,True,1.0,True
RIAL__SMDDL,RIAL,SMDDL,neuron_to_neuron,cook_si5_and_fenyves,22.0,22.0,22.0,Cook2019_SI5,+,+,fenyves_sign_prediction,True,True,True,True,True,13.0,True
RIAL__SMDDR,RIAL,SMDDR,neuron_to_neuron,cook_si5_and_fenyves,33.0,33.0,33.0,Cook2019_SI5,+,+,fenyves_sign_prediction,True,True,True,True,True,22.0,True
RIAL__SMDVL,RIAL,SMDVL,neuron_to_neuron,cook_si5_and_fenyves,14.0,14.0,14.0,Cook2019_SI5,+,+,fenyves_sign_prediction,True,True,True,True,True,11.0,True
RIAL__SMDVR,RIAL,SMDVR,neuron_to_neuron,cook_si5_and_fenyves,32.0,32.0,32.0,Cook2019_SI5,+,+,fenyves_sign_prediction,True,True,True,True,True,20.0,True
RIAL__URXL,RIAL,URXL,neuron_to_neuron,cook_si5_and_fenyves,2.0,2.0,2.0,Cook2019_SI5,no pred,-,fenyves_no_pred_default_inhibitory,True,True,True,True,True,2.0,True
RIAR__ADFR,RIAR,ADFR,neuron_to_neuron,cook_si5_and_fenyves,2.0,2.0,2.0,Cook2019_SI5,no pred,-,fenyves_no_pred_default_inhibitory,True,True,True,True,True,1.0,True
RIAR__AUAR,RIAR,AUAR,neuron_to_neuron,cook_si5_and_fenyves,2.0,2.0,2.0,Cook2019_SI5,+,+,fenyves_sign_prediction,True,True,True,True,True,1.0,True
RIAR__AVAR,RIAR,AVAR,neuron_to_neuron,cook_si5_and_fenyves,2.0,2.0,2.0,Cook2019_SI5,+,+,fenyves_sign_prediction,True,True,True,True,True,2.0,True
RIAR__CEPVL,RIAR,CEPVL,neuron_to_neuron,cook_si5_and_fenyves,1.0,1.0,1.0,Cook2019_SI5,no pred,-,fenyves_no_pred_default_inhibitory,True,True,True,True,True,1.0,True
RIAR__CEPVR,RIAR,CEPVR,neuron_to_neuron,cook_si5_and_fenyves,1.0,1.0,1.0,Cook2019_SI5,no pred,-,fenyves_no_pred_default_inhibitory,True,True,True,True,True,1.0,True
RIAR__IL1R,RIAR,IL1R,neuron_to_neuron,cook_si5_and_fenyves,2.0,2.0,2.0,Cook2019_SI5,no pred,-,fenyves_no_pred_default_inhibitory,True,True,True,True,True,1.0,True
RIAR__RIAL,RIAR,RIAL,neuron_to_neuron,cook_si5_and_fenyves,38.0,38.0,38.0,Cook2019_SI5,complex,complex,fenyves_sign_prediction,True,True,True,True,True,19.0,True
RIAR__RIAR,RIAR,RIAR,neuron_to_neuron,cook_si5_and_fenyves,3.0,3.0,3.0,Cook2019_SI5,complex,complex,fenyves_sign_prediction,True,True,True,True,True,1.0,True
RIAR__RIBR,RIAR,RIBR,neuron_to_neuron,cook_si5_and_fenyves,1.0,1.0,1.0,Cook2019_SI5,complex,complex,fenyves_sign_prediction,True,True,True,True,True,1.0,True
RIAR__RIVL,RIAR,RIVL,neuron_to_neuron,cook_si5_and_fenyves,3.0,3.0,3.0,Cook2019_SI5,no pred,-,fenyves_no_pred_default_inhibitory,True,True,True,True,True,1.0,True
RIAR__RIVR,RIAR,RIVR,neuron_to_neuron,cook_si5_and_fenyves,3.0,3.0,3.0,Cook2019_SI5,no pred,-,fenyves_no_pred_default_inhibitory,True,True,True,True,True,2.0,True
RIAR__RMDDL,RIAR,RMDDL,neuron_to_neuron,cook_si5_and_fenyves,48.0,48.0,48.0,Cook2019_SI5,+,+,fenyves_sign_prediction,True,True,True,True,True,24.0,True
RIAR__RMDDR,RIAR,RMDDR,neuron_to_neuron,cook_si5_and_fenyves,53.0,53.0,53.0,Cook2019_SI5,+,+,fenyves_sign_prediction,True,True,True,True,True,18.0,True
RIAR__RMDL,RIAR,RMDL,neuron_to_neuron,cook_si5_and_fenyves,9.0,9.0,9.0,Cook2019_SI5,+,+,fenyves_sign_prediction,True,True,True,True,True,7.0,True
RIAR__RMDR,RIAR,RMDR,neuron_to_neuron,cook_si5_and_fenyves,35.0,35.0,35.0,Cook2019_SI5,+,+,fenyves_sign_prediction,True,True,True,True,True,15.0,True
RIAR__RMDVL,RIAR,RMDVL,neuron_to_neuron,cook_si5_and_fenyves,57.0,57.0,57.0,Cook2019_SI5,+,+,fenyves_sign_prediction,True,True,True,True,True,16.0,True
RIAR__RMDVR,RIAR,RMDVR,neuron_to_neuron,cook_si5_and_fenyves,47.0,47.0,47.0,Cook2019_SI5,+,+,fenyves_sign_prediction,True,True,True,True,True,28.0,True
RIAR__SAADR,RIAR,SAADR,neuron_to_neuron,cook_si5_and_fenyves,1.0,1.0,1.0,Cook2019_SI5,+,+,fenyves_sign_prediction,True,True,True,True,True,1.0,True
RIAR__SIADR,RIAR,SIADR,neuron_to_neuron,cook_si5_and_fenyves,4.0,4.0,4.0,Cook2019_SI5,no pred,-,fenyves_no_pred_default_inhibitory,True,True,True,True,True,3.0,True
RIAR__SIAVL,RIAR,SIAVL,neuron_to_neuron,cook_si5_and_fenyves,7.0,7.0,7.0,Cook2019_SI5,no pred,-,fenyves_no_pred_default_inhibitory,True,True,True,True,True,7.0,True
RIAR__SMBDR,RIAR,SMBDR,neuron_to_neuron,cook_si5_and_fenyves,2.0,2.0,2.0,Cook2019_SI5,no pred,-,fenyves_no_pred_default_inhibitory,True,True,True,True,True,1.0,True
RIAR__SMBVR,RIAR,SMBVR,neuron_to_neuron,cook_si5_and_fenyves,2.0,2.0,2.0,Cook2019_SI5,no pred,-,fenyves_no_pred_default_inhibitory,True,True,True,True,True,1.0,True
RIAR__SMDDL,RIAR,SMDDL,neuron_to_neuron,cook_si5_and_fenyves,32.0,32.0,32.0,Cook2019_SI5,+,+,fenyves_sign_prediction,True,True,True,True,True,18.0,True
RIAR__SMDDR,RIAR,SMDDR,neuron_to_neuron,cook_si5_and_fenyves,26.0,26.0,26.0,Cook2019_SI5,+,+,fenyves_sign_prediction,True,True,True,True,True,11.0,True
RIAR__SMDVL,RIAR,SMDVL,neuron_to_neuron,cook_si5_and_fenyves,43.0,43.0,43.0,Cook2019_SI5,+,+,fenyves_sign_prediction,True,True,True,True,True,26.0,True
RIAR__SMDVR,RIAR,SMDVR,neuron_to_neuron,cook_si5_and_fenyves,26.0,26.0,26.0,Cook2019_SI5,+,+,fenyves_sign_prediction,True,True,True,True,True,13.0,True
RIAR__vBWML6,RIAR,vBWML6,neuron_to_non_neuron_or_muscle,cook_si5_only,2.0,2.0,,Cook2019_SI5,,-,missing_fenyves_default_inhibitory,True,True,False,True,False,1.0,True
RIBL__AIBR,RIBL,AIBR,neuron_to_neuron,cook_si5_and_fenyves,8.0,8.0,8.0,Cook2019_SI5,-,-,fenyves_sign_prediction,True,True,True,True,True,2.0,True
RIBL__AUAL,RIBL,AUAL,neuron_to_neuron,cook_si5_and_fenyves,9.0,9.0,9.0,Cook2019_SI5,no pred,-,fenyves_no_pred_default_inhibitory,True,True,True,True,True,3.0,True
RIBL__AVAL,RIBL,AVAL,neuron_to_neuron,cook_si5_and_fenyves,5.0,5.0,5.0,Cook2019_SI5,complex,complex,fenyves_sign_prediction,True,True,True,True,True,4.0,True
RIBL__AVBR,RIBL,AVBR,neuron_to_neuron,cook_si5_and_fenyves,1.0,1.0,1.0,Cook2019_SI5,complex,complex,fenyves_sign_prediction,True,True,True,True,True,1.0,True
RIBL__AVDR,RIBL,AVDR,neuron_to_neuron,cook_si5_and_fenyves,4.0,4.0,4.0,Cook2019_SI5,+,+,fenyves_sign_prediction,True,True,True,True,True,1.0,True
RIBL__AVEL,RIBL,AVEL,neuron_to_neuron,cook_si5_and_fenyves,9.0,9.0,9.0,Cook2019_SI5,-,-,fenyves_sign_prediction,True,True,True,True,True,3.0,True
RIBL__AVER,RIBL,AVER,neuron_to_neuron,cook_si5_and_fenyves,14.0,14.0,14.0,Cook2019_SI5,-,-,fenyves_sign_prediction,True,True,True,True,True,9.0,True
RIBL__BAGR,RIBL,BAGR,neuron_to_neuron,cook_si5_and_fenyves,3.0,3.0,3.0,Cook2019_SI5,no pred,-,fenyves_no_pred_default_inhibitory,True,True,True,True,True,3.0,True
RIBL__CEPVL,RIBL,CEPVL,neuron_to_neuron,cook_si5_and_fenyves,5.0,5.0,5.0,Cook2019_SI5,-,-,fenyves_sign_prediction,True,True,True,True,True,3.0,True
RIBL__DVC,RIBL,DVC,neuron_to_neuron,cook_si5_and_fenyves,1.0,1.0,1.0,Cook2019_SI5,+,+,fenyves_sign_prediction,True,True,True,True,True,1.0,True
RIBL__RIAL,RIBL,RIAL,neuron_to_neuron,cook_si5_and_fenyves,6.0,6.0,6.0,Cook2019_SI5,-,-,fenyves_sign_prediction,True,True,True,True,True,3.0,True
RIBL__RIGL,RIBL,RIGL,neuron_to_neuron,cook_si5_and_fenyves,1.0,1.0,1.0,Cook2019_SI5,complex,complex,fenyves_sign_prediction,True,True,True,True,True,1.0,True
RIBL__RIML,RIBL,RIML,neuron_to_neuron,cook_si5_and_fenyves,1.0,1.0,1.0,Cook2019_SI5,complex,complex,fenyves_sign_prediction,True,True,True,True,True,1.0,True
RIBL__RIS,RIBL,RIS,neuron_to_neuron,cook_si5_and_fenyves,5.0,5.0,5.0,Cook2019_SI5,-,-,fenyves_sign_prediction,True,True,True,True,True,3.0,True
RIBL__RMDR,RIBL,RMDR,neuron_to_neuron,cook_si5_and_fenyves,1.0,1.0,1.0,Cook2019_SI5,-,-,fenyves_sign_prediction,True,True,True,True,True,1.0,True
RIBL__SMDVR,RIBL,SMDVR,neuron_to_neuron,cook_si5_and_fenyves,6.0,6.0,6.0,Cook2019_SI5,complex,complex,fenyves_sign_prediction,True,True,True,True,True,3.0,True
RIBL__URYDL,RIBL,URYDL,neuron_to_neuron,cook_si5_and_fenyves,3.0,3.0,3.0,Cook2019_SI5,-,-,fenyves_sign_prediction,True,True,True,True,True,3.0,True
RIBR__AIBL,RIBR,AIBL,neuron_to_neuron,cook_si5_and_fenyves,3.0,3.0,3.0,Cook2019_SI5,-,-,fenyves_sign_prediction,True,True,True,True,True,2.0,True
RIBR__AINL,RIBR,AINL,neuron_to_neuron,cook_si5_and_fenyves,1.0,1.0,1.0,Cook2019_SI5,-,-,fenyves_sign_prediction,True,True,True,True,True,1.0,True
RIBR__AIZR,RIBR,AIZR,neuron_to_neuron,cook_si5_and_fenyves,2.0,2.0,2.0,Cook2019_SI5,-,-,fenyves_sign_prediction,True,True,True,True,True,2.0,True
RIBR__AUAR,RIBR,AUAR,neuron_to_neuron,cook_si5_and_fenyves,2.0,2.0,2.0,Cook2019_SI5,no pred,-,fenyves_no_pred_default_inhibitory,True,True,True,True,True,1.0,True
RIBR__AVAR,RIBR,AVAR,neuron_to_neuron,cook_si5_and_fenyves,6.0,6.0,6.0,Cook2019_SI5,complex,complex,fenyves_sign_prediction,True,True,True,True,True,3.0,True
RIBR__AVBL,RIBR,AVBL,neuron_to_neuron,cook_si5_and_fenyves,2.0,2.0,2.0,Cook2019_SI5,complex,complex,fenyves_sign_prediction,True,True,True,True,True,1.0,True
RIBR__AVEL,RIBR,AVEL,neuron_to_neuron,cook_si5_and_fenyves,6.0,6.0,6.0,Cook2019_SI5,-,-,fenyves_sign_prediction,True,True,True,True,True,4.0,True
RIBR__AVER,RIBR,AVER,neuron_to_neuron,cook_si5_and_fenyves,4.0,4.0,4.0,Cook2019_SI5,-,-,fenyves_sign_prediction,True,True,True,True,True,3.0,True
RIBR__BAGL,RIBR,BAGL,neuron_to_neuron,cook_si5_and_fenyves,8.0,8.0,8.0,Cook2019_SI5,no pred,-,fenyves_no_pred_default_inhibitory,True,True,True,True,True,5.0,True
RIBR__OLLR,RIBR,OLLR,neuron_to_neuron,cook_si5_and_fenyves,1.0,1.0,1.0,Cook2019_SI5,-,-,fenyves_sign_prediction,True,True,True,True,True,1.0,True
RIBR__RIAR,RIBR,RIAR,neuron_to_neuron,cook_si5_and_fenyves,8.0,8.0,8.0,Cook2019_SI5,-,-,fenyves_sign_prediction,True,True,True,True,True,5.0,True
RIBR__RIGR,RIBR,RIGR,neuron_to_neuron,cook_si5_and_fenyves,5.0,5.0,5.0,Cook2019_SI5,complex,complex,fenyves_sign_prediction,True,True,True,True,True,4.0,True
RIBR__RIH,RIBR,RIH,neuron_to_neuron,cook_si5_and_fenyves,2.0,2.0,2.0,Cook2019_SI5,-,-,fenyves_sign_prediction,True,True,True,True,True,1.0,True
RIBR__RIS,RIBR,RIS,neuron_to_neuron,cook_si5_and_fenyves,1.0,1.0,1.0,Cook2019_SI5,-,-,fenyves_sign_prediction,True,True,True,True,True,1.0,True
RIBR__RMDVR,RIBR,RMDVR,neuron_to_neuron,cook_si5_and_fenyves,1.0,1.0,1.0,Cook2019_SI5,-,-,fenyves_sign_prediction,True,True,True,True,True,1.0,True
RIBR__RMED,RIBR,RMED,neuron_to_neuron,cook_si5_and_fenyves,1.0,1.0,1.0,Cook2019_SI5,+,+,fenyves_sign_prediction,True,True,True,True,True,1.0,True
RIBR__SMDDL,RIBR,SMDDL,neuron_to_neuron,cook_si5_and_fenyves,2.0,2.0,2.0,Cook2019_SI5,complex,complex,fenyves_sign_prediction,True,True,True,True,True,1.0,True
RIBR__SMDVL,RIBR,SMDVL,neuron_to_neuron,cook_si5_and_fenyves,2.0,2.0,2.0,Cook2019_SI5,complex,complex,fenyves_sign_prediction,True,True,True,True,True,1.0,True
RIBR__SMDVR,RIBR,SMDVR,neuron_to_neuron,cook_si5_and_fenyves,2.0,2.0,2.0,Cook2019_SI5,complex,complex,fenyves_sign_prediction,True,True,True,True,True,1.0,True
RIBR__URYVR,RIBR,URYVR,neuron_to_neuron,cook_si5_and_fenyves,2.0,2.0,2.0,Cook2019_SI5,-,-,fenyves_sign_prediction,True,True,True,True,True,1.0,True
RICL__ADAL,RICL,ADAL,neuron_to_neuron,cook_si5_and_fenyves,1.0,1.0,1.0,Cook2019_SI5,no pred,-,fenyves_no_pred_default_inhibitory,True,True,True,True,True,1.0,True
RICL__ADAR,RICL,ADAR,neuron_to_neuron,cook_si5_and_fenyves,7.0,7.0,7.0,Cook2019_SI5,no pred,-,fenyves_no_pred_default_inhibitory,True,True,True,True,True,4.0,True
RICL__ADLR,RICL,ADLR,neuron_to_neuron,cook_si5_and_fenyves,2.0,2.0,2.0,Cook2019_SI5,no pred,-,fenyves_no_pred_default_inhibitory,True,True,True,True,True,1.0,True
RICL__AVAL,RICL,AVAL,neuron_to_neuron,cook_si5_and_fenyves,15.0,15.0,15.0,Cook2019_SI5,no pred,-,fenyves_no_pred_default_inhibitory,True,True,True,True,True,10.0,True
RICL__AVAR,RICL,AVAR,neuron_to_neuron,cook_si5_and_fenyves,18.0,18.0,18.0,Cook2019_SI5,no pred,-,fenyves_no_pred_default_inhibitory,True,True,True,True,True,10.0,True
RICL__CEPDL,RICL,CEPDL,neuron_to_neuron,cook_si5_and_fenyves,1.0,1.0,1.0,Cook2019_SI5,no pred,-,fenyves_no_pred_default_inhibitory,True,True,True,True,True,1.0,True
RICL__CEPVL,RICL,CEPVL,neuron_to_neuron,cook_si5_and_fenyves,2.0,2.0,2.0,Cook2019_SI5,no pred,-,fenyves_no_pred_default_inhibitory,True,True,True,True,True,2.0,True
RICL__OLQVL,RICL,OLQVL,neuron_to_neuron,cook_si5_and_fenyves,1.0,1.0,1.0,Cook2019_SI5,no pred,-,fenyves_no_pred_default_inhibitory,True,True,True,True,True,1.0,True
RICL__RICR,RICL,RICR,neuron_to_neuron,cook_si5_and_fenyves,2.0,2.0,2.0,Cook2019_SI5,no pred,-,fenyves_no_pred_default_inhibitory,True,True,True,True,True,1.0,True
RICL__RIML,RICL,RIML,neuron_to_neuron,cook_si5_and_fenyves,1.0,1.0,1.0,Cook2019_SI5,no pred,-,fenyves_no_pred_default_inhibitory,True,True,True,True,True,1.0,True
RICL__RIMR,RICL,RIMR,neuron_to_neuron,cook_si5_and_fenyves,8.0,8.0,8.0,Cook2019_SI5,no pred,-,fenyves_no_pred_default_inhibitory,True,True,True,True,True,4.0,True
RICL__RIVR,RICL,RIVR,neuron_to_neuron,cook_si5_and_fenyves,4.0,4.0,4.0,Cook2019_SI5,no pred,-,fenyves_no_pred_default_inhibitory,True,True,True,True,True,3.0,True
RICL__RMFR,RICL,RMFR,neuron_to_neuron,cook_si5_and_fenyves,2.0,2.0,2.0,Cook2019_SI5,no pred,-,fenyves_no_pred_default_inhibitory,True,True,True,True,True,1.0,True
RICL__SAAVL,RICL,SAAVL,neuron_to_neuron,cook_si5_and_fenyves,2.0,2.0,2.0,Cook2019_SI5,no pred,-,fenyves_no_pred_default_inhibitory,True,True,True,True,True,1.0,True
RICL__SMBDL,RICL,SMBDL,neuron_to_neuron,cook_si5_and_fenyves,5.0,5.0,5.0,Cook2019_SI5,no pred,-,fenyves_no_pred_default_inhibitory,True,True,True,True,True,3.0,True
RICL__SMBDR,RICL,SMBDR,neuron_to_neuron,cook_si5_and_fenyves,1.0,1.0,1.0,Cook2019_SI5,no pred,-,fenyves_no_pred_default_inhibitory,True,True,True,True,True,1.0,True
RICL__SMDDL,RICL,SMDDL,neuron_to_neuron,cook_si5_and_fenyves,11.0,11.0,11.0,Cook2019_SI5,no pred,-,fenyves_no_pred_default_inhibitory,True,True,True,True,True,5.0,True
RICL__SMDDR,RICL,SMDDR,neuron_to_neuron,cook_si5_and_fenyves,8.0,8.0,8.0,Cook2019_SI5,no pred,-,fenyves_no_pred_default_inhibitory,True,True,True,True,True,4.0,True
RICL__SMDVR,RICL,SMDVR,neuron_to_neuron,cook_si5_and_fenyves,1.0,1.0,1.0,Cook2019_SI5,no pred,-,fenyves_no_pred_default_inhibitory,True,True,True,True,True,1.0,True
RICL__URBR,RICL,URBR,neuron_to_neuron,cook_si5_and_fenyves,2.0,2.0,2.0,Cook2019_SI5,no pred,-,fenyves_no_pred_default_inhibitory,True,True,True,True,True,1.0,True
RICR__ADAR,RICR,ADAR,neuron_to_neuron,cook_si5_and_fenyves,2.0,2.0,2.0,Cook2019_SI5,no pred,-,fenyves_no_pred_default_inhibitory,True,True,True,True,True,2.0,True
RICR__AIBL,RICR,AIBL,neuron_to_neuron,cook_si5_and_fenyves,2.0,2.0,2.0,Cook2019_SI5,no pred,-,fenyves_no_pred_default_inhibitory,True,True,True,True,True,1.0,True
RICR__AIBR,RICR,AIBR,neuron_to_neuron,cook_si5_and_fenyves,2.0,2.0,2.0,Cook2019_SI5,no pred,-,fenyves_no_pred_default_inhibitory,True,True,True,True,True,1.0,True
RICR__AIZL,RICR,AIZL,neuron_to_neuron,cook_si5_and_fenyves,6.0,6.0,6.0,Cook2019_SI5,no pred,-,fenyves_no_pred_default_inhibitory,True,True,True,True,True,1.0,True
RICR__AVAL,RICR,AVAL,neuron_to_neuron,cook_si5_and_fenyves,15.0,15.0,15.0,Cook2019_SI5,no pred,-,fenyves_no_pred_default_inhibitory,True,True,True,True,True,7.0,True
RICR__AVAR,RICR,AVAR,neuron_to_neuron,cook_si5_and_fenyves,13.0,13.0,13.0,Cook2019_SI5,no pred,-,fenyves_no_pred_default_inhibitory,True,True,True,True,True,8.0,True
RICR__AVKR,RICR,AVKR,neuron_to_neuron,cook_si5_and_fenyves,1.0,1.0,1.0,Cook2019_SI5,no pred,-,fenyves_no_pred_default_inhibitory,True,True,True,True,True,1.0,True
RICR__CEPDL,RICR,CEPDL,neuron_to_neuron,cook_si5_and_fenyves,1.0,1.0,1.0,Cook2019_SI5,no pred,-,fenyves_no_pred_default_inhibitory,True,True,True,True,True,1.0,True
RICR__CEPDR,RICR,CEPDR,neuron_to_neuron,cook_si5_and_fenyves,1.0,1.0,1.0,Cook2019_SI5,no pred,-,fenyves_no_pred_default_inhibitory,True,True,True,True,True,1.0,True
RICR__RICL,RICR,RICL,neuron_to_neuron,cook_si5_and_fenyves,3.0,3.0,3.0,Cook2019_SI5,no pred,-,fenyves_no_pred_default_inhibitory,True,True,True,True,True,3.0,True
RICR__RIML,RICR,RIML,neuron_to_neuron,cook_si5_and_fenyves,10.0,10.0,10.0,Cook2019_SI5,no pred,-,fenyves_no_pred_default_inhibitory,True,True,True,True,True,4.0,True
RICR__RIMR,RICR,RIMR,neuron_to_neuron,cook_si5_and_fenyves,1.0,1.0,1.0,Cook2019_SI5,no pred,-,fenyves_no_pred_default_inhibitory,True,True,True,True,True,1.0,True
RICR__RIVL,RICR,RIVL,neuron_to_neuron,cook_si5_and_fenyves,1.0,1.0,1.0,Cook2019_SI5,no pred,-,fenyves_no_pred_default_inhibitory,True,True,True,True,True,1.0,True
RICR__RMFL,RICR,RMFL,neuron_to_neuron,cook_si5_and_fenyves,1.0,1.0,1.0,Cook2019_SI5,no pred,-,fenyves_no_pred_default_inhibitory,True,True,True,True,True,1.0,True
RICR__RMGL,RICR,RMGL,neuron_to_neuron,cook_si5_and_fenyves,1.0,1.0,1.0,Cook2019_SI5,no pred,-,fenyves_no_pred_default_inhibitory,True,True,True,True,True,1.0,True
RICR__SMBDR,RICR,SMBDR,neuron_to_neuron,cook_si5_and_fenyves,3.0,3.0,3.0,Cook2019_SI5,no pred,-,fenyves_no_pred_default_inhibitory,True,True,True,True,True,2.0,True
RICR__SMDDL,RICR,SMDDL,neuron_to_neuron,cook_si5_and_fenyves,9.0,9.0,9.0,Cook2019_SI5,no pred,-,fenyves_no_pred_default_inhibitory,True,True,True,True,True,5.0,True
RICR__SMDDR,RICR,SMDDR,neuron_to_neuron,cook_si5_and_fenyves,9.0,9.0,9.0,Cook2019_SI5,no pred,-,fenyves_no_pred_default_inhibitory,True,True,True,True,True,3.0,True
RICR__SMDVL,RICR,SMDVL,neuron_to_neuron,cook_si5_and_fenyves,6.0,6.0,6.0,Cook2019_SI5,no pred,-,fenyves_no_pred_default_inhibitory,True,True,True,True,True,4.0,True
RICR__SMDVR,RICR,SMDVR,neuron_to_neuron,cook_si5_and_fenyves,3.0,3.0,3.0,Cook2019_SI5,no pred,-,fenyves_no_pred_default_inhibitory,True,True,True,True,True,2.0,True
RICR__URBR,RICR,URBR,neuron_to_neuron,cook_si5_and_fenyves,2.0,2.0,2.0,Cook2019_SI5,no pred,-,fenyves_no_pred_default_inhibitory,True,True,True,True,True,2.0,True
RICR__VB01,RICR,VB01,neuron_to_neuron,cook_si5_and_fenyves,7.0,7.0,7.0,Cook2019_SI5,no pred,-,fenyves_no_pred_default_inhibitory,True,True,True,True,True,2.0,True
RID__AS11,RID,AS11,neuron_to_neuron,cook_si5_only,1.0,1.0,,Cook2019_SI5,,-,missing_fenyves_default_inhibitory,True,True,True,True,False,1.0,True
RID__DA02,RID,DA02,neuron_to_neuron,cook_si5_and_fenyves,1.0,1.0,1.0,Cook2019_SI5,no pred,-,fenyves_no_pred_default_inhibitory,True,True,True,True,True,1.0,True
RID__DA06,RID,DA06,neuron_to_neuron,cook_si5_and_fenyves,2.0,2.0,2.0,Cook2019_SI5,no pred,-,fenyves_no_pred_default_inhibitory,True,True,True,True,True,2.0,True
RID__DB01,RID,DB01,neuron_to_neuron,cook_si5_and_fenyves,1.0,1.0,1.0,Cook2019_SI5,no pred,-,fenyves_no_pred_default_inhibitory,True,True,True,True,True,1.0,True
RID__DD01,RID,DD01,neuron_to_neuron,cook_si5_and_fenyves,3.0,3.0,3.0,Cook2019_SI5,no pred,-,fenyves_no_pred_default_inhibitory,True,True,True,True,True,2.0,True
RID__DD02,RID,DD02,neuron_to_neuron,cook_si5_and_fenyves,2.0,2.0,2.0,Cook2019_SI5,no pred,-,fenyves_no_pred_default_inhibitory,True,True,True,True,True,2.0,True
RID__DD03,RID,DD03,neuron_to_neuron,cook_si5_only,2.0,2.0,,Cook2019_SI5,,-,missing_fenyves_default_inhibitory,True,True,True,True,False,2.0,True
RID__FLPL,RID,FLPL,neuron_to_neuron,cook_si5_and_fenyves,1.0,1.0,1.0,Cook2019_SI5,no pred,-,fenyves_no_pred_default_inhibitory,True,True,True,True,True,1.0,True
RID__RMED,RID,RMED,neuron_to_neuron,cook_si5_and_fenyves,5.0,5.0,5.0,Cook2019_SI5,no pred,-,fenyves_no_pred_default_inhibitory,True,True,True,True,True,4.0,True
RID__VD05,RID,VD05,neuron_to_neuron,cook_si5_and_fenyves,1.0,1.0,1.0,Cook2019_SI5,no pred,-,fenyves_no_pred_default_inhibitory,True,True,True,True,True,1.0,True
RID__VD13,RID,VD13,neuron_to_neuron,cook_si5_only,2.0,2.0,,Cook2019_SI5,,-,missing_fenyves_default_inhibitory,True,True,True,True,False,0.0,False
RID__dBWML13,RID,dBWML13,neuron_to_non_neuron_or_muscle,cook_si5_only,1.0,1.0,,Cook2019_SI5,,-,missing_fenyves_default_inhibitory,True,True,False,True,False,0.0,False
RID__dBWML14,RID,dBWML14,neuron_to_non_neuron_or_muscle,cook_si5_only,1.0,1.0,,Cook2019_SI5,,-,missing_fenyves_default_inhibitory,True,True,False,True,False,0.0,False
RID__dBWMR10,RID,dBWMR10,neuron_to_non_neuron_or_muscle,cook_si5_only,1.0,1.0,,Cook2019_SI5,,-,missing_fenyves_default_inhibitory,True,True,False,True,False,0.0,False
RID__hyp,RID,hyp,neuron_to_non_neuron_or_muscle,cook_si5_only,2.0,2.0,,Cook2019_SI5,,-,missing_fenyves_default_inhibitory,True,True,False,True,False,7.0,True
RIFL__ALML,RIFL,ALML,neuron_to_neuron,cook_si5_and_fenyves,5.0,5.0,5.0,Cook2019_SI5,+,+,fenyves_sign_prediction,True,True,True,True,True,5.0,True
RIFL__AVBL,RIFL,AVBL,neuron_to_neuron,cook_si5_and_fenyves,26.0,26.0,26.0,Cook2019_SI5,+,+,fenyves_sign_prediction,True,True,True,True,True,19.0,True
RIFL__AVBR,RIFL,AVBR,neuron_to_neuron,cook_si5_and_fenyves,1.0,1.0,1.0,Cook2019_SI5,+,+,fenyves_sign_prediction,True,True,True,True,True,1.0,True
RIFL__AVHR,RIFL,AVHR,neuron_to_neuron,cook_si5_and_fenyves,1.0,1.0,1.0,Cook2019_SI5,no pred,-,fenyves_no_pred_default_inhibitory,True,True,True,True,True,1.0,True
RIFL__AVJR,RIFL,AVJR,neuron_to_neuron,cook_si5_and_fenyves,8.0,8.0,8.0,Cook2019_SI5,no pred,-,fenyves_no_pred_default_inhibitory,True,True,True,True,True,5.0,True
RIFL__PVPL,RIFL,PVPL,neuron_to_neuron,cook_si5_and_fenyves,8.0,8.0,8.0,Cook2019_SI5,no pred,-,fenyves_no_pred_default_inhibitory,True,True,True,True,True,7.0,True
RIFL__RIML,RIFL,RIML,neuron_to_neuron,cook_si5_and_fenyves,7.0,7.0,7.0,Cook2019_SI5,complex,complex,fenyves_sign_prediction,True,True,True,True,True,3.0,True
RIFL__dBWML5,RIFL,dBWML5,neuron_to_non_neuron_or_muscle,cook_si5_only,2.0,2.0,,Cook2019_SI5,,-,missing_fenyves_default_inhibitory,True,True,False,True,False,1.0,True
RIFR__ADLR,RIFR,ADLR,neuron_to_neuron,cook_si5_and_fenyves,1.0,1.0,1.0,Cook2019_SI5,no pred,-,fenyves_no_pred_default_inhibitory,True,True,True,True,True,1.0,True
RIFR__AIZL,RIFR,AIZL,neuron_to_neuron,cook_si5_and_fenyves,1.0,1.0,1.0,Cook2019_SI5,-,-,fenyves_sign_prediction,True,True,True,True,True,1.0,True
RIFR__ASHR,RIFR,ASHR,neuron_to_neuron,cook_si5_and_fenyves,6.0,6.0,6.0,Cook2019_SI5,no pred,-,fenyves_no_pred_default_inhibitory,True,True,True,True,True,3.0,True
RIFR__AVBL,RIFR,AVBL,neuron_to_neuron,cook_si5_and_fenyves,1.0,1.0,1.0,Cook2019_SI5,+,+,fenyves_sign_prediction,True,True,True,True,True,1.0,True
RIFR__AVBR,RIFR,AVBR,neuron_to_neuron,cook_si5_and_fenyves,35.0,35.0,35.0,Cook2019_SI5,+,+,fenyves_sign_prediction,True,True,True,True,True,20.0,True
RIFR__AVFL,RIFR,AVFL,neuron_to_neuron,cook_si5_and_fenyves,1.0,1.0,1.0,Cook2019_SI5,no pred,-,fenyves_no_pred_default_inhibitory,True,True,True,True,True,1.0,True
RIFR__AVJL,RIFR,AVJL,neuron_to_neuron,cook_si5_and_fenyves,2.0,2.0,2.0,Cook2019_SI5,no pred,-,fenyves_no_pred_default_inhibitory,True,True,True,True,True,2.0,True
RIFR__AVJR,RIFR,AVJR,neuron_to_neuron,cook_si5_and_fenyves,2.0,2.0,2.0,Cook2019_SI5,no pred,-,fenyves_no_pred_default_inhibitory,True,True,True,True,True,1.0,True
RIFR__AWBR,RIFR,AWBR,neuron_to_neuron,cook_si5_and_fenyves,2.0,2.0,2.0,Cook2019_SI5,no pred,-,fenyves_no_pred_default_inhibitory,True,True,True,True,True,1.0,True
RIFR__CEPVR,RIFR,CEPVR,neuron_to_neuron,cook_si5_and_fenyves,2.0,2.0,2.0,Cook2019_SI5,no pred,-,fenyves_no_pred_default_inhibitory,True,True,True,True,True,1.0,True
RIFR__HSNL,RIFR,HSNL,neuron_to_neuron,cook_si5_and_fenyves,2.0,2.0,2.0,Cook2019_SI5,+,+,fenyves_sign_prediction,True,True,True,True,True,1.0,True
RIFR__HSNR,RIFR,HSNR,neuron_to_neuron,cook_si5_and_fenyves,3.0,3.0,3.0,Cook2019_SI5,+,+,fenyves_sign_prediction,True,True,True,True,True,1.0,True
RIFR__PVCL,RIFR,PVCL,neuron_to_neuron,cook_si5_and_fenyves,1.0,1.0,1.0,Cook2019_SI5,+,+,fenyves_sign_prediction,True,True,True,True,True,1.0,True
RIFR__PVCR,RIFR,PVCR,neuron_to_neuron,cook_si5_and_fenyves,1.0,1.0,1.0,Cook2019_SI5,+,+,fenyves_sign_prediction,True,True,True,True,True,1.0,True
RIFR__PVPR,RIFR,PVPR,neuron_to_neuron,cook_si5_and_fenyves,6.0,6.0,6.0,Cook2019_SI5,no pred,-,fenyves_no_pred_default_inhibitory,True,True,True,True,True,3.0,True
RIFR__RIAR,RIFR,RIAR,neuron_to_neuron,cook_si5_and_fenyves,1.0,1.0,1.0,Cook2019_SI5,-,-,fenyves_sign_prediction,True,True,True,True,True,1.0,True
RIFR__RIFL,RIFR,RIFL,neuron_to_neuron,cook_si5_and_fenyves,1.0,1.0,1.0,Cook2019_SI5,no pred,-,fenyves_no_pred_default_inhibitory,True,True,True,True,True,1.0,True
RIFR__RIMR,RIFR,RIMR,neuron_to_neuron,cook_si5_and_fenyves,10.0,10.0,10.0,Cook2019_SI5,complex,complex,fenyves_sign_prediction,True,True,True,True,True,5.0,True
RIFR__RIPR,RIFR,RIPR,neuron_to_neuron,cook_si5_and_fenyves,2.0,2.0,2.0,Cook2019_SI5,no pred,-,fenyves_no_pred_default_inhibitory,True,True,True,True,True,1.0,True
RIFR__URXR,RIFR,URXR,neuron_to_neuron,cook_si5_and_fenyves,3.0,3.0,3.0,Cook2019_SI5,-,-,fenyves_sign_prediction,True,True,True,True,True,2.0,True
RIGL__ADFL,RIGL,ADFL,neuron_to_neuron,cook_si5_and_fenyves,1.0,1.0,1.0,Cook2019_SI5,no pred,-,fenyves_no_pred_default_inhibitory,True,True,True,True,True,1.0,True
RIGL__ADLL,RIGL,ADLL,neuron_to_neuron,cook_si5_and_fenyves,2.0,2.0,2.0,Cook2019_SI5,no pred,-,fenyves_no_pred_default_inhibitory,True,True,True,True,True,1.0,True
RIGL__AIBR,RIGL,AIBR,neuron_to_neuron,cook_si5_and_fenyves,4.0,4.0,4.0,Cook2019_SI5,+,+,fenyves_sign_prediction,True,True,True,True,True,4.0,True
RIGL__AIZL,RIGL,AIZL,neuron_to_neuron,cook_si5_and_fenyves,10.0,10.0,10.0,Cook2019_SI5,no pred,-,fenyves_no_pred_default_inhibitory,True,True,True,True,True,9.0,True
RIGL__AIZR,RIGL,AIZR,neuron_to_neuron,cook_si5_and_fenyves,2.0,2.0,2.0,Cook2019_SI5,no pred,-,fenyves_no_pred_default_inhibitory,True,True,True,True,True,1.0,True
RIGL__ALNL,RIGL,ALNL,neuron_to_neuron,cook_si5_and_fenyves,6.0,6.0,6.0,Cook2019_SI5,no pred,-,fenyves_no_pred_default_inhibitory,True,True,True,True,True,1.0,True
RIGL__AVEL,RIGL,AVEL,neuron_to_neuron,cook_si5_and_fenyves,7.0,7.0,7.0,Cook2019_SI5,+,+,fenyves_sign_prediction,True,True,True,True,True,5.0,True
RIGL__AVER,RIGL,AVER,neuron_to_neuron,cook_si5_and_fenyves,1.0,1.0,1.0,Cook2019_SI5,+,+,fenyves_sign_prediction,True,True,True,True,True,1.0,True
RIGL__AVKR,RIGL,AVKR,neuron_to_neuron,cook_si5_and_fenyves,17.0,17.0,17.0,Cook2019_SI5,+,+,fenyves_sign_prediction,True,True,True,True,True,2.0,True
RIGL__BAGR,RIGL,BAGR,neuron_to_neuron,cook_si5_and_fenyves,3.0,3.0,3.0,Cook2019_SI5,no pred,-,fenyves_no_pred_default_inhibitory,True,True,True,True,True,2.0,True
RIGL__DVA,RIGL,DVA,neuron_to_neuron,cook_si5_and_fenyves,1.0,1.0,1.0,Cook2019_SI5,+,+,fenyves_sign_prediction,True,True,True,True,True,1.0,True
RIGL__OLQVL,RIGL,OLQVL,neuron_to_neuron,cook_si5_and_fenyves,2.0,2.0,2.0,Cook2019_SI5,no pred,-,fenyves_no_pred_default_inhibitory,True,True,True,True,True,1.0,True
RIGL__PVPL,RIGL,PVPL,neuron_to_neuron,cook_si5_and_fenyves,2.0,2.0,2.0,Cook2019_SI5,no pred,-,fenyves_no_pred_default_inhibitory,True,True,True,True,True,1.0,True
RIGL__RIBL,RIGL,RIBL,neuron_to_neuron,cook_si5_and_fenyves,3.0,3.0,3.0,Cook2019_SI5,complex,complex,fenyves_sign_prediction,True,True,True,True,True,2.0,True
RIGL__RIH,RIGL,RIH,neuron_to_neuron,cook_si5_and_fenyves,2.0,2.0,2.0,Cook2019_SI5,+,+,fenyves_sign_prediction,True,True,True,True,True,1.0,True
RIGL__RIR,RIGL,RIR,neuron_to_neuron,cook_si5_and_fenyves,8.0,8.0,8.0,Cook2019_SI5,+,+,fenyves_sign_prediction,True,True,True,True,True,5.0,True
RIGL__RMGL,RIGL,RMGL,neuron_to_neuron,cook_si5_and_fenyves,6.0,6.0,6.0,Cook2019_SI5,complex,complex,fenyves_sign_prediction,True,True,True,True,True,1.0,True
RIGL__RMHR,RIGL,RMHR,neuron_to_neuron,cook_si5_and_fenyves,23.0,23.0,23.0,Cook2019_SI5,+,+,fenyves_sign_prediction,True,True,True,True,True,3.0,True
RIGL__URXL,RIGL,URXL,neuron_to_neuron,cook_si5_and_fenyves,6.0,6.0,6.0,Cook2019_SI5,no pred,-,fenyves_no_pred_default_inhibitory,True,True,True,True,True,3.0,True
RIGR__AFDR,RIGR,AFDR,neuron_to_neuron,cook_si5_and_fenyves,1.0,1.0,1.0,Cook2019_SI5,no pred,-,fenyves_no_pred_default_inhibitory,True,True,True,True,True,1.0,True
RIGR__AIBL,RIGR,AIBL,neuron_to_neuron,cook_si5_and_fenyves,2.0,2.0,2.0,Cook2019_SI5,+,+,fenyves_sign_prediction,True,True,True,True,True,1.0,True
RIGR__AIZR,RIGR,AIZR,neuron_to_neuron,cook_si5_and_fenyves,5.0,5.0,5.0,Cook2019_SI5,no pred,-,fenyves_no_pred_default_inhibitory,True,True,True,True,True,5.0,True
RIGR__ALNR,RIGR,ALNR,neuron_to_neuron,cook_si5_and_fenyves,3.0,3.0,3.0,Cook2019_SI5,no pred,-,fenyves_no_pred_default_inhibitory,True,True,True,True,True,2.0,True
RIGR__AVDL,RIGR,AVDL,neuron_to_neuron,cook_si5_and_fenyves,1.0,1.0,1.0,Cook2019_SI5,+,+,fenyves_sign_prediction,True,True,True,True,True,1.0,True
RIGR__AVER,RIGR,AVER,neuron_to_neuron,cook_si5_and_fenyves,4.0,4.0,4.0,Cook2019_SI5,+,+,fenyves_sign_prediction,True,True,True,True,True,4.0,True
RIGR__AVKL,RIGR,AVKL,neuron_to_neuron,cook_si5_and_fenyves,21.0,21.0,21.0,Cook2019_SI5,+,+,fenyves_sign_prediction,True,True,True,True,True,3.0,True
RIGR__AVKR,RIGR,AVKR,neuron_to_neuron,cook_si5_and_fenyves,5.0,5.0,5.0,Cook2019_SI5,+,+,fenyves_sign_prediction,True,True,True,True,True,1.0,True
RIGR__BAGL,RIGR,BAGL,neuron_to_neuron,cook_si5_and_fenyves,2.0,2.0,2.0,Cook2019_SI5,no pred,-,fenyves_no_pred_default_inhibitory,True,True,True,True,True,1.0,True
RIGR__DVA,RIGR,DVA,neuron_to_neuron,cook_si5_and_fenyves,4.0,4.0,4.0,Cook2019_SI5,+,+,fenyves_sign_prediction,True,True,True,True,True,2.0,True
RIGR__DVC,RIGR,DVC,neuron_to_neuron,cook_si5_and_fenyves,2.0,2.0,2.0,Cook2019_SI5,+,+,fenyves_sign_prediction,True,True,True,True,True,1.0,True
RIGR__OLQVR,RIGR,OLQVR,neuron_to_neuron,cook_si5_and_fenyves,2.0,2.0,2.0,Cook2019_SI5,no pred,-,fenyves_no_pred_default_inhibitory,True,True,True,True,True,1.0,True
RIGR__PVT,RIGR,PVT,neuron_to_neuron,cook_si5_and_fenyves,5.0,5.0,5.0,Cook2019_SI5,no pred,-,fenyves_no_pred_default_inhibitory,True,True,True,True,True,1.0,True
RIGR__RIAR,RIGR,RIAR,neuron_to_neuron,cook_si5_and_fenyves,3.0,3.0,3.0,Cook2019_SI5,complex,complex,fenyves_sign_prediction,True,True,True,True,True,2.0,True
RIGR__RIBR,RIGR,RIBR,neuron_to_neuron,cook_si5_and_fenyves,2.0,2.0,2.0,Cook2019_SI5,complex,complex,fenyves_sign_prediction,True,True,True,True,True,2.0,True
RIGR__RIR,RIGR,RIR,neuron_to_neuron,cook_si5_and_fenyves,5.0,5.0,5.0,Cook2019_SI5,+,+,fenyves_sign_prediction,True,True,True,True,True,2.0,True
RIGR__RMHL,RIGR,RMHL,neuron_to_neuron,cook_si5_and_fenyves,17.0,17.0,17.0,Cook2019_SI5,+,+,fenyves_sign_prediction,True,True,True,True,True,3.0,True
RIGR__URXR,RIGR,URXR,neuron_to_neuron,cook_si5_and_fenyves,3.0,3.0,3.0,Cook2019_SI5,no pred,-,fenyves_no_pred_default_inhibitory,True,True,True,True,True,3.0,True
RIGR__URYVR,RIGR,URYVR,neuron_to_neuron,cook_si5_and_fenyves,2.0,2.0,2.0,Cook2019_SI5,+,+,fenyves_sign_prediction,True,True,True,True,True,1.0,True
RIH__ADFR,RIH,ADFR,neuron_to_neuron,cook_si5_and_fenyves,3.0,3.0,3.0,Cook2019_SI5,no pred,-,fenyves_no_pred_default_inhibitory,True,True,True,True,True,1.0,True
RIH__AIYL,RIH,AIYL,neuron_to_neuron,cook_si5_and_fenyves,3.0,3.0,3.0,Cook2019_SI5,complex,complex,fenyves_sign_prediction,True,True,True,True,True,1.0,True
RIH__AIYR,RIH,AIYR,neuron_to_neuron,cook_si5_and_fenyves,4.0,4.0,4.0,Cook2019_SI5,complex,complex,fenyves_sign_prediction,True,True,True,True,True,2.0,True
RIH__AIZL,RIH,AIZL,neuron_to_neuron,cook_si5_and_fenyves,12.0,12.0,12.0,Cook2019_SI5,-,-,fenyves_sign_prediction,True,True,True,True,True,6.0,True
RIH__AIZR,RIH,AIZR,neuron_to_neuron,cook_si5_and_fenyves,19.0,19.0,19.0,Cook2019_SI5,-,-,fenyves_sign_prediction,True,True,True,True,True,5.0,True
RIH__AUAR,RIH,AUAR,neuron_to_neuron,cook_si5_and_fenyves,2.0,2.0,2.0,Cook2019_SI5,no pred,-,fenyves_no_pred_default_inhibitory,True,True,True,True,True,1.0,True
RIH__BAGL,RIH,BAGL,neuron_to_neuron,cook_si5_and_fenyves,2.0,2.0,2.0,Cook2019_SI5,no pred,-,fenyves_no_pred_default_inhibitory,True,True,True,True,True,1.0,True
RIH__BAGR,RIH,BAGR,neuron_to_neuron,cook_si5_and_fenyves,5.0,5.0,5.0,Cook2019_SI5,no pred,-,fenyves_no_pred_default_inhibitory,True,True,True,True,True,1.0,True
RIH__CEPDL,RIH,CEPDL,neuron_to_neuron,cook_si5_and_fenyves,6.0,6.0,6.0,Cook2019_SI5,no pred,-,fenyves_no_pred_default_inhibitory,True,True,True,True,True,3.0,True
RIH__CEPVL,RIH,CEPVL,neuron_to_neuron,cook_si5_and_fenyves,3.0,3.0,3.0,Cook2019_SI5,no pred,-,fenyves_no_pred_default_inhibitory,True,True,True,True,True,2.0,True
RIH__CEPVR,RIH,CEPVR,neuron_to_neuron,cook_si5_and_fenyves,6.0,6.0,6.0,Cook2019_SI5,no pred,-,fenyves_no_pred_default_inhibitory,True,True,True,True,True,2.0,True
RIH__CEPshVR,RIH,CEPshVR,neuron_to_non_neuron_or_muscle,cook_si5_only,5.0,5.0,,Cook2019_SI5,,-,missing_fenyves_default_inhibitory,True,True,False,True,False,2.0,True
RIH__IL2L,RIH,IL2L,neuron_to_neuron,cook_si5_and_fenyves,2.0,2.0,2.0,Cook2019_SI5,no pred,-,fenyves_no_pred_default_inhibitory,True,True,True,True,True,1.0,True
RIH__IL2R,RIH,IL2R,neuron_to_neuron,cook_si5_and_fenyves,3.0,3.0,3.0,Cook2019_SI5,no pred,-,fenyves_no_pred_default_inhibitory,True,True,True,True,True,1.0,True
RIH__IL2VL,RIH,IL2VL,neuron_to_neuron,cook_si5_and_fenyves,4.0,4.0,4.0,Cook2019_SI5,no pred,-,fenyves_no_pred_default_inhibitory,True,True,True,True,True,3.0,True
RIH__IL2VR,RIH,IL2VR,neuron_to_neuron,cook_si5_and_fenyves,5.0,5.0,5.0,Cook2019_SI5,no pred,-,fenyves_no_pred_default_inhibitory,True,True,True,True,True,4.0,True
RIH__OLQDL,RIH,OLQDL,neuron_to_neuron,cook_si5_and_fenyves,11.0,11.0,11.0,Cook2019_SI5,no pred,-,fenyves_no_pred_default_inhibitory,True,True,True,True,True,6.0,True
RIH__OLQDR,RIH,OLQDR,neuron_to_neuron,cook_si5_and_fenyves,7.0,7.0,7.0,Cook2019_SI5,no pred,-,fenyves_no_pred_default_inhibitory,True,True,True,True,True,4.0,True
RIH__OLQVL,RIH,OLQVL,neuron_to_neuron,cook_si5_and_fenyves,13.0,13.0,13.0,Cook2019_SI5,no pred,-,fenyves_no_pred_default_inhibitory,True,True,True,True,True,3.0,True
RIH__OLQVR,RIH,OLQVR,neuron_to_neuron,cook_si5_and_fenyves,7.0,7.0,7.0,Cook2019_SI5,no pred,-,fenyves_no_pred_default_inhibitory,True,True,True,True,True,6.0,True
RIH__RIAL,RIH,RIAL,neuron_to_neuron,cook_si5_and_fenyves,34.0,34.0,34.0,Cook2019_SI5,-,-,fenyves_sign_prediction,True,True,True,True,True,13.0,True
RIH__RIAR,RIH,RIAR,neuron_to_neuron,cook_si5_and_fenyves,36.0,36.0,36.0,Cook2019_SI5,-,-,fenyves_sign_prediction,True,True,True,True,True,14.0,True
RIH__RIBL,RIH,RIBL,neuron_to_neuron,cook_si5_and_fenyves,18.0,18.0,18.0,Cook2019_SI5,+,+,fenyves_sign_prediction,True,True,True,True,True,7.0,True
RIH__RIBR,RIH,RIBR,neuron_to_neuron,cook_si5_and_fenyves,15.0,15.0,15.0,Cook2019_SI5,+,+,fenyves_sign_prediction,True,True,True,True,True,8.0,True
RIH__RIPL,RIH,RIPL,neuron_to_neuron,cook_si5_and_fenyves,18.0,18.0,18.0,Cook2019_SI5,no pred,-,fenyves_no_pred_default_inhibitory,True,True,True,True,True,6.0,True
RIH__RIPR,RIH,RIPR,neuron_to_neuron,cook_si5_and_fenyves,7.0,7.0,7.0,Cook2019_SI5,no pred,-,fenyves_no_pred_default_inhibitory,True,True,True,True,True,6.0,True
RIH__RMER,RIH,RMER,neuron_to_neuron,cook_si5_and_fenyves,6.0,6.0,6.0,Cook2019_SI5,+,+,fenyves_sign_prediction,True,True,True,True,True,4.0,True
RIH__RMEV,RIH,RMEV,neuron_to_neuron,cook_si5_and_fenyves,10.0,10.0,10.0,Cook2019_SI5,+,+,fenyves_sign_prediction,True,True,True,True,True,8.0,True
RIH__URAVR,RIH,URAVR,neuron_to_neuron,cook_si5_and_fenyves,1.0,1.0,1.0,Cook2019_SI5,no pred,-,fenyves_no_pred_default_inhibitory,True,True,True,True,True,1.0,True
RIH__URYVR,RIH,URYVR,neuron_to_neuron,cook_si5_and_fenyves,4.0,4.0,4.0,Cook2019_SI5,no pred,-,fenyves_no_pred_default_inhibitory,True,True,True,True,True,2.0,True
RIML__AIBL,RIML,AIBL,neuron_to_neuron,cook_si5_and_fenyves,1.0,1.0,1.0,Cook2019_SI5,+,+,fenyves_sign_prediction,True,True,True,True,True,1.0,True
RIML__AIBR,RIML,AIBR,neuron_to_neuron,cook_si5_and_fenyves,22.0,22.0,22.0,Cook2019_SI5,+,+,fenyves_sign_prediction,True,True,True,True,True,13.0,True
RIML__AVAL,RIML,AVAL,neuron_to_neuron,cook_si5_and_fenyves,5.0,5.0,5.0,Cook2019_SI5,+,+,fenyves_sign_prediction,True,True,True,True,True,2.0,True
RIML__AVAR,RIML,AVAR,neuron_to_neuron,cook_si5_and_fenyves,2.0,2.0,2.0,Cook2019_SI5,+,+,fenyves_sign_prediction,True,True,True,True,True,1.0,True
RIML__AVBL,RIML,AVBL,neuron_to_neuron,cook_si5_and_fenyves,9.0,9.0,9.0,Cook2019_SI5,+,+,fenyves_sign_prediction,True,True,True,True,True,2.0,True
RIML__AVBR,RIML,AVBR,neuron_to_neuron,cook_si5_and_fenyves,11.0,11.0,11.0,Cook2019_SI5,+,+,fenyves_sign_prediction,True,True,True,True,True,4.0,True
RIML__AVER,RIML,AVER,neuron_to_neuron,cook_si5_and_fenyves,5.0,5.0,5.0,Cook2019_SI5,+,+,fenyves_sign_prediction,True,True,True,True,True,2.0,True
RIML__AVKR,RIML,AVKR,neuron_to_neuron,cook_si5_and_fenyves,1.0,1.0,1.0,Cook2019_SI5,+,+,fenyves_sign_prediction,True,True,True,True,True,1.0,True
RIML__RIAL,RIML,RIAL,neuron_to_neuron,cook_si5_and_fenyves,3.0,3.0,3.0,Cook2019_SI5,complex,complex,fenyves_sign_prediction,True,True,True,True,True,1.0,True
RIML__RIBL,RIML,RIBL,neuron_to_neuron,cook_si5_and_fenyves,9.0,9.0,9.0,Cook2019_SI5,complex,complex,fenyves_sign_prediction,True,True,True,True,True,8.0,True
RIML__RICR,RIML,RICR,neuron_to_neuron,cook_si5_and_fenyves,1.0,1.0,1.0,Cook2019_SI5,+,+,fenyves_sign_prediction,True,True,True,True,True,1.0,True
RIML__RIML,RIML,RIML,neuron_to_neuron,cook_si5_and_fenyves,11.0,11.0,11.0,Cook2019_SI5,complex,complex,fenyves_sign_prediction,True,True,True,True,True,2.0,True
RIML__RIMR,RIML,RIMR,neuron_to_neuron,cook_si5_and_fenyves,2.0,2.0,2.0,Cook2019_SI5,complex,complex,fenyves_sign_prediction,True,True,True,True,True,2.0,True
RIML__RMDL,RIML,RMDL,neuron_to_neuron,cook_si5_and_fenyves,9.0,9.0,9.0,Cook2019_SI5,+,+,fenyves_sign_prediction,True,True,True,True,True,5.0,True
RIML__RMDR,RIML,RMDR,neuron_to_neuron,cook_si5_and_fenyves,21.0,21.0,21.0,Cook2019_SI5,+,+,fenyves_sign_prediction,True,True,True,True,True,10.0,True
RIML__RMFL,RIML,RMFL,neuron_to_neuron,cook_si5_and_fenyves,2.0,2.0,2.0,Cook2019_SI5,+,+,fenyves_sign_prediction,True,True,True,True,True,1.0,True
RIML__RMFR,RIML,RMFR,neuron_to_neuron,cook_si5_and_fenyves,2.0,2.0,2.0,Cook2019_SI5,+,+,fenyves_sign_prediction,True,True,True,True,True,2.0,True
RIML__SAADL,RIML,SAADL,neuron_to_neuron,cook_si5_and_fenyves,1.0,1.0,1.0,Cook2019_SI5,+,+,fenyves_sign_prediction,True,True,True,True,True,1.0,True
RIML__SAADR,RIML,SAADR,neuron_to_neuron,cook_si5_and_fenyves,4.0,4.0,4.0,Cook2019_SI5,+,+,fenyves_sign_prediction,True,True,True,True,True,3.0,True
RIML__SAAVL,RIML,SAAVL,neuron_to_neuron,cook_si5_and_fenyves,10.0,10.0,10.0,Cook2019_SI5,+,+,fenyves_sign_prediction,True,True,True,True,True,7.0,True
RIML__SAAVR,RIML,SAAVR,neuron_to_neuron,cook_si5_and_fenyves,10.0,10.0,10.0,Cook2019_SI5,+,+,fenyves_sign_prediction,True,True,True,True,True,4.0,True
RIML__SMDDL,RIML,SMDDL,neuron_to_neuron,cook_si5_and_fenyves,11.0,11.0,11.0,Cook2019_SI5,+,+,fenyves_sign_prediction,True,True,True,True,True,4.0,True
RIML__SMDDR,RIML,SMDDR,neuron_to_neuron,cook_si5_and_fenyves,14.0,14.0,14.0,Cook2019_SI5,+,+,fenyves_sign_prediction,True,True,True,True,True,10.0,True
RIML__SMDVL,RIML,SMDVL,neuron_to_neuron,cook_si5_and_fenyves,11.0,11.0,11.0,Cook2019_SI5,+,+,fenyves_sign_prediction,True,True,True,True,True,7.0,True
RIML__VB01,RIML,VB01,neuron_to_neuron,cook_si5_and_fenyves,8.0,8.0,8.0,Cook2019_SI5,+,+,fenyves_sign_prediction,True,True,True,True,True,2.0,True
RIML__dBWMR5,RIML,dBWMR5,neuron_to_non_neuron_or_muscle,cook_si5_only,6.0,6.0,,Cook2019_SI5,,-,missing_fenyves_default_inhibitory,True,True,False,True,False,3.0,True
RIML__vBWMR4,RIML,vBWMR4,neuron_to_non_neuron_or_muscle,cook_si5_only,2.0,2.0,,Cook2019_SI5,,-,missing_fenyves_default_inhibitory,True,True,False,True,False,1.0,True
RIMR__ADAR,RIMR,ADAR,neuron_to_neuron,cook_si5_and_fenyves,9.0,9.0,9.0,Cook2019_SI5,no pred,-,fenyves_no_pred_default_inhibitory,True,True,True,True,True,3.0,True
RIMR__AIBL,RIMR,AIBL,neuron_to_neuron,cook_si5_and_fenyves,15.0,15.0,15.0,Cook2019_SI5,+,+,fenyves_sign_prediction,True,True,True,True,True,8.0,True
RIMR__AVAL,RIMR,AVAL,neuron_to_neuron,cook_si5_and_fenyves,9.0,9.0,9.0,Cook2019_SI5,+,+,fenyves_sign_prediction,True,True,True,True,True,8.0,True
RIMR__AVBL,RIMR,AVBL,neuron_to_neuron,cook_si5_and_fenyves,9.0,9.0,9.0,Cook2019_SI5,+,+,fenyves_sign_prediction,True,True,True,True,True,3.0,True
RIMR__AVBR,RIMR,AVBR,neuron_to_neuron,cook_si5_and_fenyves,12.0,12.0,12.0,Cook2019_SI5,+,+,fenyves_sign_prediction,True,True,True,True,True,5.0,True
RIMR__AVJL,RIMR,AVJL,neuron_to_neuron,cook_si5_and_fenyves,4.0,4.0,4.0,Cook2019_SI5,+,+,fenyves_sign_prediction,True,True,True,True,True,2.0,True
RIMR__AVKL,RIMR,AVKL,neuron_to_neuron,cook_si5_and_fenyves,1.0,1.0,1.0,Cook2019_SI5,+,+,fenyves_sign_prediction,True,True,True,True,True,1.0,True
RIMR__RIBR,RIMR,RIBR,neuron_to_neuron,cook_si5_and_fenyves,4.0,4.0,4.0,Cook2019_SI5,complex,complex,fenyves_sign_prediction,True,True,True,True,True,1.0,True
RIMR__RIML,RIMR,RIML,neuron_to_neuron,cook_si5_and_fenyves,4.0,4.0,4.0,Cook2019_SI5,complex,complex,fenyves_sign_prediction,True,True,True,True,True,2.0,True
RIMR__RIS,RIMR,RIS,neuron_to_neuron,cook_si5_and_fenyves,2.0,2.0,2.0,Cook2019_SI5,complex,complex,fenyves_sign_prediction,True,True,True,True,True,2.0,True
RIMR__RMDL,RIMR,RMDL,neuron_to_neuron,cook_si5_and_fenyves,15.0,15.0,15.0,Cook2019_SI5,+,+,fenyves_sign_prediction,True,True,True,True,True,6.0,True
RIMR__RMDR,RIMR,RMDR,neuron_to_neuron,cook_si5_and_fenyves,12.0,12.0,12.0,Cook2019_SI5,+,+,fenyves_sign_prediction,True,True,True,True,True,6.0,True
RIMR__RMFL,RIMR,RMFL,neuron_to_neuron,cook_si5_and_fenyves,1.0,1.0,1.0,Cook2019_SI5,+,+,fenyves_sign_prediction,True,True,True,True,True,1.0,True
RIMR__RMFR,RIMR,RMFR,neuron_to_neuron,cook_si5_and_fenyves,7.0,7.0,7.0,Cook2019_SI5,+,+,fenyves_sign_prediction,True,True,True,True,True,4.0,True
RIMR__SAAVL,RIMR,SAAVL,neuron_to_neuron,cook_si5_and_fenyves,11.0,11.0,11.0,Cook2019_SI5,+,+,fenyves_sign_prediction,True,True,True,True,True,6.0,True
RIMR__SAAVR,RIMR,SAAVR,neuron_to_neuron,cook_si5_and_fenyves,8.0,8.0,8.0,Cook2019_SI5,+,+,fenyves_sign_prediction,True,True,True,True,True,6.0,True
RIMR__SMDDL,RIMR,SMDDL,neuron_to_neuron,cook_si5_and_fenyves,9.0,9.0,9.0,Cook2019_SI5,+,+,fenyves_sign_prediction,True,True,True,True,True,6.0,True
RIMR__SMDDR,RIMR,SMDDR,neuron_to_neuron,cook_si5_and_fenyves,14.0,14.0,14.0,Cook2019_SI5,+,+,fenyves_sign_prediction,True,True,True,True,True,9.0,True
RIMR__SMDVL,RIMR,SMDVL,neuron_to_neuron,cook_si5_and_fenyves,2.0,2.0,2.0,Cook2019_SI5,+,+,fenyves_sign_prediction,True,True,True,True,True,1.0,True
RIMR__SMDVR,RIMR,SMDVR,neuron_to_neuron,cook_si5_and_fenyves,3.0,3.0,3.0,Cook2019_SI5,+,+,fenyves_sign_prediction,True,True,True,True,True,2.0,True
RIMR__VB01,RIMR,VB01,neuron_to_neuron,cook_si5_and_fenyves,2.0,2.0,2.0,Cook2019_SI5,+,+,fenyves_sign_prediction,True,True,True,True,True,1.0,True
RIMR__dBWML5,RIMR,dBWML5,neuron_to_non_neuron_or_muscle,cook_si5_only,15.0,15.0,,Cook2019_SI5,,-,missing_fenyves_default_inhibitory,True,True,False,True,False,6.0,True
RIMR__vBWML4,RIMR,vBWML4,neuron_to_non_neuron_or_muscle,cook_si5_only,5.0,5.0,,Cook2019_SI5,,-,missing_fenyves_default_inhibitory,True,True,False,True,False,2.0,True
RIPL__ADFL,RIPL,ADFL,neuron_to_neuron,cook_si5_only,3.0,3.0,,Cook2019_SI5,,-,missing_fenyves_default_inhibitory,True,True,True,True,False,0.0,False
RIPL__BAGL,RIPL,BAGL,neuron_to_neuron,cook_si5_only,7.0,7.0,,Cook2019_SI5,,-,missing_fenyves_default_inhibitory,True,True,True,True,False,0.0,False
RIPL__OLLL,RIPL,OLLL,neuron_to_neuron,cook_si5_only,4.0,4.0,,Cook2019_SI5,,-,missing_fenyves_default_inhibitory,True,True,True,True,False,0.0,False
RIPL__OLQDR,RIPL,OLQDR,neuron_to_neuron,cook_si5_and_fenyves,2.0,2.0,2.0,Cook2019_SI5,no pred,-,fenyves_no_pred_default_inhibitory,True,True,True,True,True,1.0,True
RIPL__OLQVL,RIPL,OLQVL,neuron_to_neuron,cook_si5_and_fenyves,1.0,1.0,1.0,Cook2019_SI5,no pred,-,fenyves_no_pred_default_inhibitory,True,True,True,True,True,1.0,True
RIPL__RIH,RIPL,RIH,neuron_to_neuron,cook_si5_and_fenyves,2.0,2.0,2.0,Cook2019_SI5,no pred,-,fenyves_no_pred_default_inhibitory,True,True,True,True,True,1.0,True
RIPL__RIPL,RIPL,RIPL,neuron_to_neuron,cook_si5_and_fenyves,3.0,3.0,2.0,Cook2019_SI5,no pred,-,fenyves_no_pred_default_inhibitory,True,True,True,True,True,1.0,True
RIPL__hyp,RIPL,hyp,neuron_to_non_neuron_or_muscle,cook_si5_only,3.0,3.0,,Cook2019_SI5,,-,missing_fenyves_default_inhibitory,True,True,False,True,False,0.0,False
RIPL__mc2DL,RIPL,mc2DL,neuron_to_non_neuron_or_muscle,cook_si5_only,2.0,2.0,,Cook2019_SI5,,-,missing_fenyves_default_inhibitory,True,True,False,True,False,0.0,False
RIPL__pm3VL,RIPL,pm3VL,neuron_to_non_neuron_or_muscle,cook_si5_only,4.0,4.0,,Cook2019_SI5,,-,missing_fenyves_default_inhibitory,True,True,False,True,False,0.0,False
RIPR__ADFR,RIPR,ADFR,neuron_to_neuron,cook_si5_only,1.0,1.0,,Cook2019_SI5,,-,missing_fenyves_default_inhibitory,True,True,True,True,False,0.0,False
RIPR__AVBR,RIPR,AVBR,neuron_to_neuron,cook_si5_and_fenyves,2.0,2.0,2.0,Cook2019_SI5,no pred,-,fenyves_no_pred_default_inhibitory,True,True,True,True,True,1.0,True
RIPR__BAGR,RIPR,BAGR,neuron_to_neuron,cook_si5_only,2.0,2.0,,Cook2019_SI5,,-,missing_fenyves_default_inhibitory,True,True,True,True,False,0.0,False
RIPR__IL1R,RIPR,IL1R,neuron_to_neuron,cook_si5_only,1.0,1.0,,Cook2019_SI5,,-,missing_fenyves_default_inhibitory,True,True,True,True,False,0.0,False
RIPR__OLQDR,RIPR,OLQDR,neuron_to_neuron,cook_si5_and_fenyves,3.0,3.0,3.0,Cook2019_SI5,no pred,-,fenyves_no_pred_default_inhibitory,True,True,True,True,True,2.0,True
RIPR__OLQVR,RIPR,OLQVR,neuron_to_neuron,cook_si5_and_fenyves,2.0,2.0,2.0,Cook2019_SI5,no pred,-,fenyves_no_pred_default_inhibitory,True,True,True,True,True,2.0,True
RIPR__RIH,RIPR,RIH,neuron_to_neuron,cook_si5_and_fenyves,1.0,1.0,1.0,Cook2019_SI5,no pred,-,fenyves_no_pred_default_inhibitory,True,True,True,True,True,1.0,True
RIPR__URAVR,RIPR,URAVR,neuron_to_neuron,cook_si5_and_fenyves,1.0,1.0,1.0,Cook2019_SI5,no pred,-,fenyves_no_pred_default_inhibitory,True,True,True,True,True,1.0,True
RIPR__URBR,RIPR,URBR,neuron_to_neuron,cook_si5_only,1.0,1.0,,Cook2019_SI5,,-,missing_fenyves_default_inhibitory,True,True,True,True,False,0.0,False
RIPR__hyp,RIPR,hyp,neuron_to_non_neuron_or_muscle,cook_si5_only,4.0,4.0,,Cook2019_SI5,,-,missing_fenyves_default_inhibitory,True,True,False,True,False,0.0,False
RIPR__mc2DR,RIPR,mc2DR,neuron_to_non_neuron_or_muscle,cook_si5_only,1.0,1.0,,Cook2019_SI5,,-,missing_fenyves_default_inhibitory,True,True,False,True,False,0.0,False
RIPR__pm3VR,RIPR,pm3VR,neuron_to_non_neuron_or_muscle,cook_si5_only,6.0,6.0,,Cook2019_SI5,,-,missing_fenyves_default_inhibitory,True,True,False,True,False,0.0,False
RIR__ADAR,RIR,ADAR,neuron_to_neuron,cook_si5_and_fenyves,1.0,1.0,1.0,Cook2019_SI5,no pred,-,fenyves_no_pred_default_inhibitory,True,True,True,True,True,1.0,True
RIR__ADFL,RIR,ADFL,neuron_to_neuron,cook_si5_and_fenyves,1.0,1.0,1.0,Cook2019_SI5,no pred,-,fenyves_no_pred_default_inhibitory,True,True,True,True,True,1.0,True
RIR__ADFR,RIR,ADFR,neuron_to_neuron,cook_si5_and_fenyves,4.0,4.0,4.0,Cook2019_SI5,no pred,-,fenyves_no_pred_default_inhibitory,True,True,True,True,True,2.0,True
RIR__AFDR,RIR,AFDR,neuron_to_neuron,cook_si5_and_fenyves,1.0,1.0,1.0,Cook2019_SI5,no pred,-,fenyves_no_pred_default_inhibitory,True,True,True,True,True,1.0,True
RIR__AIMR,RIR,AIMR,neuron_to_neuron,cook_si5_and_fenyves,1.0,1.0,1.0,Cook2019_SI5,no pred,-,fenyves_no_pred_default_inhibitory,True,True,True,True,True,1.0,True
RIR__AIZL,RIR,AIZL,neuron_to_neuron,cook_si5_and_fenyves,12.0,12.0,12.0,Cook2019_SI5,-,-,fenyves_sign_prediction,True,True,True,True,True,8.0,True
RIR__AIZR,RIR,AIZR,neuron_to_neuron,cook_si5_and_fenyves,15.0,15.0,15.0,Cook2019_SI5,-,-,fenyves_sign_prediction,True,True,True,True,True,9.0,True
RIR__AQR,RIR,AQR,neuron_to_neuron,cook_si5_and_fenyves,2.0,2.0,2.0,Cook2019_SI5,no pred,-,fenyves_no_pred_default_inhibitory,True,True,True,True,True,2.0,True
RIR__ASHL,RIR,ASHL,neuron_to_neuron,cook_si5_and_fenyves,1.0,1.0,1.0,Cook2019_SI5,no pred,-,fenyves_no_pred_default_inhibitory,True,True,True,True,True,1.0,True
RIR__ASHR,RIR,ASHR,neuron_to_neuron,cook_si5_and_fenyves,1.0,1.0,1.0,Cook2019_SI5,no pred,-,fenyves_no_pred_default_inhibitory,True,True,True,True,True,1.0,True
RIR__AUAL,RIR,AUAL,neuron_to_neuron,cook_si5_and_fenyves,7.0,7.0,7.0,Cook2019_SI5,no pred,-,fenyves_no_pred_default_inhibitory,True,True,True,True,True,3.0,True
RIR__AVEL,RIR,AVEL,neuron_to_neuron,cook_si5_and_fenyves,4.0,4.0,4.0,Cook2019_SI5,-,-,fenyves_sign_prediction,True,True,True,True,True,1.0,True
RIR__AWBR,RIR,AWBR,neuron_to_neuron,cook_si5_and_fenyves,1.0,1.0,1.0,Cook2019_SI5,no pred,-,fenyves_no_pred_default_inhibitory,True,True,True,True,True,1.0,True
RIR__BAGR,RIR,BAGR,neuron_to_neuron,cook_si5_and_fenyves,1.0,1.0,1.0,Cook2019_SI5,no pred,-,fenyves_no_pred_default_inhibitory,True,True,True,True,True,1.0,True
RIR__DVA,RIR,DVA,neuron_to_neuron,cook_si5_and_fenyves,9.0,9.0,9.0,Cook2019_SI5,+,+,fenyves_sign_prediction,True,True,True,True,True,6.0,True
RIR__HSNL,RIR,HSNL,neuron_to_neuron,cook_si5_and_fenyves,1.0,1.0,1.0,Cook2019_SI5,+,+,fenyves_sign_prediction,True,True,True,True,True,1.0,True
RIR__PVPL,RIR,PVPL,neuron_to_neuron,cook_si5_and_fenyves,2.0,2.0,2.0,Cook2019_SI5,no pred,-,fenyves_no_pred_default_inhibitory,True,True,True,True,True,1.0,True
RIR__PVPR,RIR,PVPR,neuron_to_neuron,cook_si5_and_fenyves,1.0,1.0,1.0,Cook2019_SI5,no pred,-,fenyves_no_pred_default_inhibitory,True,True,True,True,True,1.0,True
RIR__RIAL,RIR,RIAL,neuron_to_neuron,cook_si5_and_fenyves,11.0,11.0,11.0,Cook2019_SI5,-,-,fenyves_sign_prediction,True,True,True,True,True,5.0,True
RIR__RIAR,RIR,RIAR,neuron_to_neuron,cook_si5_and_fenyves,4.0,4.0,4.0,Cook2019_SI5,-,-,fenyves_sign_prediction,True,True,True,True,True,3.0,True
RIR__RIGL,RIR,RIGL,neuron_to_neuron,cook_si5_and_fenyves,2.0,2.0,2.0,Cook2019_SI5,complex,complex,fenyves_sign_prediction,True,True,True,True,True,1.0,True
RIR__RIGR,RIR,RIGR,neuron_to_neuron,cook_si5_and_fenyves,4.0,4.0,4.0,Cook2019_SI5,complex,complex,fenyves_sign_prediction,True,True,True,True,True,1.0,True
RIR__RMGL,RIR,RMGL,neuron_to_neuron,cook_si5_and_fenyves,1.0,1.0,1.0,Cook2019_SI5,no pred,-,fenyves_no_pred_default_inhibitory,True,True,True,True,True,1.0,True
RIR__RMGR,RIR,RMGR,neuron_to_neuron,cook_si5_and_fenyves,1.0,1.0,1.0,Cook2019_SI5,no pred,-,fenyves_no_pred_default_inhibitory,True,True,True,True,True,1.0,True
RIR__URXL,RIR,URXL,neuron_to_neuron,cook_si5_and_fenyves,9.0,9.0,9.0,Cook2019_SI5,-,-,fenyves_sign_prediction,True,True,True,True,True,4.0,True
RIR__URXR,RIR,URXR,neuron_to_neuron,cook_si5_and_fenyves,6.0,6.0,6.0,Cook2019_SI5,-,-,fenyves_sign_prediction,True,True,True,True,True,5.0,True
RIS__AVEL,RIS,AVEL,neuron_to_neuron,cook_si5_and_fenyves,17.0,17.0,17.0,Cook2019_SI5,-,-,fenyves_sign_prediction,True,True,True,True,True,11.0,True
RIS__AVER,RIS,AVER,neuron_to_neuron,cook_si5_and_fenyves,18.0,18.0,18.0,Cook2019_SI5,-,-,fenyves_sign_prediction,True,True,True,True,True,9.0,True
RIS__AVKL,RIS,AVKL,neuron_to_neuron,cook_si5_and_fenyves,6.0,6.0,6.0,Cook2019_SI5,no pred,-,fenyves_no_pred_default_inhibitory,True,True,True,True,True,4.0,True
RIS__AVKR,RIS,AVKR,neuron_to_neuron,cook_si5_and_fenyves,13.0,13.0,13.0,Cook2019_SI5,no pred,-,fenyves_no_pred_default_inhibitory,True,True,True,True,True,8.0,True
RIS__AVL,RIS,AVL,neuron_to_neuron,cook_si5_and_fenyves,9.0,9.0,9.0,Cook2019_SI5,no pred,-,fenyves_no_pred_default_inhibitory,True,True,True,True,True,0.0,False
RIS__CEPDL,RIS,CEPDL,neuron_to_neuron,cook_si5_and_fenyves,4.0,4.0,4.0,Cook2019_SI5,-,-,fenyves_sign_prediction,True,True,True,True,True,2.0,True
RIS__CEPDR,RIS,CEPDR,neuron_to_neuron,cook_si5_only,1.0,1.0,,Cook2019_SI5,,-,missing_fenyves_default_inhibitory,True,True,True,True,False,1.0,True
RIS__CEPVL,RIS,CEPVL,neuron_to_neuron,cook_si5_and_fenyves,7.0,7.0,7.0,Cook2019_SI5,-,-,fenyves_sign_prediction,True,True,True,True,True,3.0,True
RIS__CEPVR,RIS,CEPVR,neuron_to_neuron,cook_si5_and_fenyves,4.0,4.0,4.0,Cook2019_SI5,-,-,fenyves_sign_prediction,True,True,True,True,True,3.0,True
RIS__OLLR,RIS,OLLR,neuron_to_neuron,cook_si5_and_fenyves,5.0,5.0,5.0,Cook2019_SI5,-,-,fenyves_sign_prediction,True,True,True,True,True,1.0,True
RIS__RIBL,RIS,RIBL,neuron_to_neuron,cook_si5_and_fenyves,8.0,8.0,8.0,Cook2019_SI5,no pred,-,fenyves_no_pred_default_inhibitory,True,True,True,True,True,5.0,True
RIS__RIBR,RIS,RIBR,neuron_to_neuron,cook_si5_and_fenyves,18.0,18.0,18.0,Cook2019_SI5,no pred,-,fenyves_no_pred_default_inhibitory,True,True,True,True,True,11.0,True
RIS__RIML,RIS,RIML,neuron_to_neuron,cook_si5_and_fenyves,10.0,10.0,10.0,Cook2019_SI5,no pred,-,fenyves_no_pred_default_inhibitory,True,True,True,True,True,6.0,True
RIS__RIMR,RIS,RIMR,neuron_to_neuron,cook_si5_and_fenyves,15.0,15.0,15.0,Cook2019_SI5,no pred,-,fenyves_no_pred_default_inhibitory,True,True,True,True,True,6.0,True
RIS__RIS,RIS,RIS,neuron_to_neuron,cook_si5_and_fenyves,3.0,3.0,3.0,Cook2019_SI5,-,-,fenyves_sign_prediction,True,True,True,True,True,1.0,True
RIS__RMDDL,RIS,RMDDL,neuron_to_neuron,cook_si5_and_fenyves,1.0,1.0,1.0,Cook2019_SI5,no pred,-,fenyves_no_pred_default_inhibitory,True,True,True,True,True,1.0,True
RIS__RMDDR,RIS,RMDDR,neuron_to_neuron,cook_si5_and_fenyves,1.0,1.0,1.0,Cook2019_SI5,no pred,-,fenyves_no_pred_default_inhibitory,True,True,True,True,True,1.0,True
RIS__RMDL,RIS,RMDL,neuron_to_neuron,cook_si5_and_fenyves,10.0,10.0,10.0,Cook2019_SI5,-,-,fenyves_sign_prediction,True,True,True,True,True,4.0,True
RIS__RMDR,RIS,RMDR,neuron_to_neuron,cook_si5_and_fenyves,16.0,16.0,16.0,Cook2019_SI5,-,-,fenyves_sign_prediction,True,True,True,True,True,9.0,True
RIS__RMEV,RIS,RMEV,neuron_to_neuron,cook_si5_and_fenyves,3.0,3.0,3.0,Cook2019_SI5,no pred,-,fenyves_no_pred_default_inhibitory,True,True,True,True,True,2.0,True
RIS__SMDDL,RIS,SMDDL,neuron_to_neuron,cook_si5_and_fenyves,1.0,1.0,1.0,Cook2019_SI5,-,-,fenyves_sign_prediction,True,True,True,True,True,1.0,True
RIS__SMDDR,RIS,SMDDR,neuron_to_neuron,cook_si5_and_fenyves,6.0,6.0,6.0,Cook2019_SI5,-,-,fenyves_sign_prediction,True,True,True,True,True,4.0,True
RIS__SMDVL,RIS,SMDVL,neuron_to_neuron,cook_si5_and_fenyves,1.0,1.0,1.0,Cook2019_SI5,-,-,fenyves_sign_prediction,True,True,True,True,True,1.0,True
RIS__SMDVR,RIS,SMDVR,neuron_to_neuron,cook_si5_and_fenyves,1.0,1.0,1.0,Cook2019_SI5,-,-,fenyves_sign_prediction,True,True,True,True,True,1.0,True
RIS__URYDR,RIS,URYDR,neuron_to_neuron,cook_si5_and_fenyves,1.0,1.0,1.0,Cook2019_SI5,-,-,fenyves_sign_prediction,True,True,True,True,True,1.0,True
RIS__URYVL,RIS,URYVL,neuron_to_neuron,fenyves_only,1.0,,1.0,Fenyves2020_only,-,-,fenyves_only_connection_with_sign,True,True,True,False,True,0.0,False
RIS__URYVR,RIS,URYVR,neuron_to_neuron,cook_si5_and_fenyves,5.0,5.0,5.0,Cook2019_SI5,-,-,fenyves_sign_prediction,True,True,True,True,True,1.0,True
RIVL__ASGL,RIVL,ASGL,neuron_to_neuron,fenyves_only,1.0,,1.0,Fenyves2020_only,no pred,-,fenyves_no_pred_default_inhibitory,True,True,True,False,True,0.0,False
RIVL__ASJL,RIVL,ASJL,neuron_to_neuron,fenyves_only,1.0,,1.0,Fenyves2020_only,no pred,-,fenyves_no_pred_default_inhibitory,True,True,True,False,True,0.0,False
RIVL__RIAL,RIVL,RIAL,neuron_to_neuron,cook_si5_and_fenyves,5.0,5.0,5.0,Cook2019_SI5,-,-,fenyves_sign_prediction,True,True,True,True,True,3.0,True
RIVL__RIAR,RIVL,RIAR,neuron_to_neuron,cook_si5_and_fenyves,2.0,2.0,2.0,Cook2019_SI5,-,-,fenyves_sign_prediction,True,True,True,True,True,1.0,True
RIVL__RIVR,RIVL,RIVR,neuron_to_neuron,cook_si5_only,1.0,1.0,,Cook2019_SI5,,-,missing_fenyves_default_inhibitory,True,True,True,True,False,1.0,True
RIVL__RMDL,RIVL,RMDL,neuron_to_neuron,cook_si5_and_fenyves,4.0,4.0,4.0,Cook2019_SI5,-,-,fenyves_sign_prediction,True,True,True,True,True,3.0,True
RIVL__RMDVL,RIVL,RMDVL,neuron_to_neuron,cook_si5_and_fenyves,5.0,5.0,5.0,Cook2019_SI5,-,-,fenyves_sign_prediction,True,True,True,True,True,3.0,True
RIVL__SAADR,RIVL,SAADR,neuron_to_neuron,cook_si5_and_fenyves,11.0,11.0,11.0,Cook2019_SI5,complex,complex,fenyves_sign_prediction,True,True,True,True,True,3.0,True
RIVL__SIAVR,RIVL,SIAVR,neuron_to_neuron,cook_si5_and_fenyves,5.0,5.0,5.0,Cook2019_SI5,complex,complex,fenyves_sign_prediction,True,True,True,True,True,3.0,True
RIVL__SMDDR,RIVL,SMDDR,neuron_to_neuron,cook_si5_and_fenyves,8.0,8.0,8.0,Cook2019_SI5,complex,complex,fenyves_sign_prediction,True,True,True,True,True,5.0,True
RIVL__SMDVL,RIVL,SMDVL,neuron_to_neuron,cook_si5_and_fenyves,2.0,2.0,2.0,Cook2019_SI5,complex,complex,fenyves_sign_prediction,True,True,True,True,True,1.0,True
RIVL__vBWMR5,RIVL,vBWMR5,neuron_to_non_neuron_or_muscle,cook_si5_only,6.0,6.0,,Cook2019_SI5,,-,missing_fenyves_default_inhibitory,True,True,False,True,False,3.0,True
RIVL__vBWMR6,RIVL,vBWMR6,neuron_to_non_neuron_or_muscle,cook_si5_only,3.0,3.0,,Cook2019_SI5,,-,missing_fenyves_default_inhibitory,True,True,False,True,False,2.0,True
RIVL__vBWMR7,RIVL,vBWMR7,neuron_to_non_neuron_or_muscle,cook_si5_only,18.0,18.0,,Cook2019_SI5,,-,missing_fenyves_default_inhibitory,True,True,False,True,False,12.0,True
RIVR__GLRVL,RIVR,GLRVL,neuron_to_non_neuron_or_muscle,cook_si5_only,14.0,14.0,,Cook2019_SI5,,-,missing_fenyves_default_inhibitory,True,True,False,True,False,4.0,True
RIVR__GLRVR,RIVR,GLRVR,neuron_to_non_neuron_or_muscle,cook_si5_only,8.0,8.0,,Cook2019_SI5,,-,missing_fenyves_default_inhibitory,True,True,False,True,False,1.0,True
RIVR__RIAL,RIVR,RIAL,neuron_to_neuron,cook_si5_and_fenyves,6.0,6.0,6.0,Cook2019_SI5,-,-,fenyves_sign_prediction,True,True,True,True,True,3.0,True
RIVR__RIAR,RIVR,RIAR,neuron_to_neuron,cook_si5_and_fenyves,2.0,2.0,2.0,Cook2019_SI5,-,-,fenyves_sign_prediction,True,True,True,True,True,2.0,True
RIVR__RIVL,RIVR,RIVL,neuron_to_neuron,cook_si5_and_fenyves,8.0,8.0,8.0,Cook2019_SI5,-,-,fenyves_sign_prediction,True,True,True,True,True,1.0,True
RIVR__RMDDL,RIVR,RMDDL,neuron_to_neuron,cook_si5_and_fenyves,1.0,1.0,1.0,Cook2019_SI5,-,-,fenyves_sign_prediction,True,True,True,True,True,1.0,True
RIVR__RMDR,RIVR,RMDR,neuron_to_neuron,cook_si5_and_fenyves,4.0,4.0,4.0,Cook2019_SI5,-,-,fenyves_sign_prediction,True,True,True,True,True,3.0,True
RIVR__RMDVR,RIVR,RMDVR,neuron_to_neuron,cook_si5_and_fenyves,1.0,1.0,1.0,Cook2019_SI5,-,-,fenyves_sign_prediction,True,True,True,True,True,2.0,True
RIVR__RMHR,RIVR,RMHR,neuron_to_neuron,cook_si5_and_fenyves,2.0,2.0,2.0,Cook2019_SI5,no pred,-,fenyves_no_pred_default_inhibitory,True,True,True,True,True,2.0,True
RIVR__SAADL,RIVR,SAADL,neuron_to_neuron,cook_si5_and_fenyves,12.0,12.0,12.0,Cook2019_SI5,complex,complex,fenyves_sign_prediction,True,True,True,True,True,7.0,True
RIVR__SIAVL,RIVR,SIAVL,neuron_to_neuron,cook_si5_and_fenyves,5.0,5.0,5.0,Cook2019_SI5,complex,complex,fenyves_sign_prediction,True,True,True,True,True,3.0,True
RIVR__SIBVL,RIVR,SIBVL,neuron_to_neuron,fenyves_only,1.0,,1.0,Fenyves2020_only,complex,complex,fenyves_only_connection_with_sign,True,True,True,False,True,0.0,False
RIVR__SMBDL,RIVR,SMBDL,neuron_to_neuron,fenyves_only,1.0,,1.0,Fenyves2020_only,-,-,fenyves_only_connection_with_sign,True,True,True,False,True,0.0,False
RIVR__SMBVL,RIVR,SMBVL,neuron_to_neuron,cook_si5_only,1.0,1.0,,Cook2019_SI5,,-,missing_fenyves_default_inhibitory,True,True,True,True,False,1.0,True
RIVR__SMDDL,RIVR,SMDDL,neuron_to_neuron,cook_si5_and_fenyves,6.0,6.0,6.0,Cook2019_SI5,complex,complex,fenyves_sign_prediction,True,True,True,True,True,4.0,True
RIVR__SMDVR,RIVR,SMDVR,neuron_to_neuron,cook_si5_and_fenyves,3.0,3.0,3.0,Cook2019_SI5,complex,complex,fenyves_sign_prediction,True,True,True,True,True,2.0,True
RIVR__dBWMR7,RIVR,dBWMR7,neuron_to_non_neuron_or_muscle,cook_si5_only,1.0,1.0,,Cook2019_SI5,,-,missing_fenyves_default_inhibitory,True,True,False,True,False,0.0,False
RIVR__vBWML3,RIVR,vBWML3,neuron_to_non_neuron_or_muscle,cook_si5_only,2.0,2.0,,Cook2019_SI5,,-,missing_fenyves_default_inhibitory,True,True,False,True,False,0.0,False
RIVR__vBWML4,RIVR,vBWML4,neuron_to_non_neuron_or_muscle,cook_si5_only,1.0,1.0,,Cook2019_SI5,,-,missing_fenyves_default_inhibitory,True,True,False,True,False,1.0,True
RIVR__vBWML7,RIVR,vBWML7,neuron_to_non_neuron_or_muscle,cook_si5_only,9.0,9.0,,Cook2019_SI5,,-,missing_fenyves_default_inhibitory,True,True,False,True,False,8.0,True
RIVR__vBWMR6,RIVR,vBWMR6,neuron_to_non_neuron_or_muscle,cook_si5_only,8.0,8.0,,Cook2019_SI5,,-,missing_fenyves_default_inhibitory,True,True,False,True,False,1.0,True
RIVR__vBWMR7,RIVR,vBWMR7,neuron_to_non_neuron_or_muscle,cook_si5_only,14.0,14.0,,Cook2019_SI5,,-,missing_fenyves_default_inhibitory,True,True,False,True,False,4.0,True
RMDDL__AVER,RMDDL,AVER,neuron_to_neuron,cook_si5_and_fenyves,1.0,1.0,1.0,Cook2019_SI5,-,-,fenyves_sign_prediction,True,True,True,True,True,1.0,True
RMDDL__CEPVL,RMDDL,CEPVL,neuron_to_neuron,cook_si5_and_fenyves,2.0,2.0,2.0,Cook2019_SI5,no pred,-,fenyves_no_pred_default_inhibitory,True,True,True,True,True,2.0,True
RMDDL__IL1DR,RMDDL,IL1DR,neuron_to_neuron,cook_si5_and_fenyves,2.0,2.0,2.0,Cook2019_SI5,+,+,fenyves_sign_prediction,True,True,True,True,True,2.0,True
RMDDL__IL1R,RMDDL,IL1R,neuron_to_neuron,cook_si5_and_fenyves,9.0,9.0,9.0,Cook2019_SI5,+,+,fenyves_sign_prediction,True,True,True,True,True,1.0,True
RMDDL__RIAL,RMDDL,RIAL,neuron_to_neuron,cook_si5_and_fenyves,1.0,1.0,1.0,Cook2019_SI5,-,-,fenyves_sign_prediction,True,True,True,True,True,1.0,True
RMDDL__RMDVL,RMDDL,RMDVL,neuron_to_neuron,cook_si5_and_fenyves,1.0,1.0,1.0,Cook2019_SI5,-,-,fenyves_sign_prediction,True,True,True,True,True,1.0,True
RMDDL__RMDVR,RMDDL,RMDVR,neuron_to_neuron,cook_si5_and_fenyves,22.0,22.0,22.0,Cook2019_SI5,-,-,fenyves_sign_prediction,True,True,True,True,True,9.0,True
RMDDL__RMEV,RMDDL,RMEV,neuron_to_neuron,cook_si5_and_fenyves,2.0,2.0,2.0,Cook2019_SI5,+,+,fenyves_sign_prediction,True,True,True,True,True,1.0,True
RMDDL__RMHL,RMDDL,RMHL,neuron_to_neuron,cook_si5_and_fenyves,1.0,1.0,1.0,Cook2019_SI5,no pred,-,fenyves_no_pred_default_inhibitory,True,True,True,True,True,1.0,True
RMDDL__dBWMR1,RMDDL,dBWMR1,neuron_to_non_neuron_or_muscle,cook_si5_only,8.0,8.0,,Cook2019_SI5,,-,missing_fenyves_default_inhibitory,True,True,False,True,False,4.0,True
RMDDL__dBWMR2,RMDDL,dBWMR2,neuron_to_non_neuron_or_muscle,cook_si5_only,4.0,4.0,,Cook2019_SI5,,-,missing_fenyves_default_inhibitory,True,True,False,True,False,4.0,True
RMDDL__dBWMR3,RMDDL,dBWMR3,neuron_to_non_neuron_or_muscle,cook_si5_only,8.0,8.0,,Cook2019_SI5,,-,missing_fenyves_default_inhibitory,True,True,False,True,False,5.0,True
RMDDL__dBWMR4,RMDDL,dBWMR4,neuron_to_non_neuron_or_muscle,cook_si5_only,12.0,12.0,,Cook2019_SI5,,-,missing_fenyves_default_inhibitory,True,True,False,True,False,2.0,True
RMDDL__dBWMR5,RMDDL,dBWMR5,neuron_to_non_neuron_or_muscle,cook_si5_only,13.0,13.0,,Cook2019_SI5,,-,missing_fenyves_default_inhibitory,True,True,False,True,False,5.0,True
RMDDL__dBWMR6,RMDDL,dBWMR6,neuron_to_non_neuron_or_muscle,cook_si5_only,2.0,2.0,,Cook2019_SI5,,-,missing_fenyves_default_inhibitory,True,True,False,True,False,1.0,True
RMDDL__vBWML1,RMDDL,vBWML1,neuron_to_non_neuron_or_muscle,cook_si5_only,1.0,1.0,,Cook2019_SI5,,-,missing_fenyves_default_inhibitory,True,True,False,True,False,1.0,True
RMDDR__RMDDL,RMDDR,RMDDL,neuron_to_neuron,cook_si5_and_fenyves,1.0,1.0,1.0,Cook2019_SI5,-,-,fenyves_sign_prediction,True,True,True,True,True,1.0,True
RMDDR__RMDVL,RMDDR,RMDVL,neuron_to_neuron,cook_si5_and_fenyves,26.0,26.0,26.0,Cook2019_SI5,-,-,fenyves_sign_prediction,True,True,True,True,True,9.0,True
RMDDR__RMDVR,RMDDR,RMDVR,neuron_to_neuron,cook_si5_and_fenyves,3.0,3.0,3.0,Cook2019_SI5,-,-,fenyves_sign_prediction,True,True,True,True,True,1.0,True
RMDDR__dBWML1,RMDDR,dBWML1,neuron_to_non_neuron_or_muscle,cook_si5_only,2.0,2.0,,Cook2019_SI5,,-,missing_fenyves_default_inhibitory,True,True,False,True,False,2.0,True
RMDDR__dBWML2,RMDDR,dBWML2,neuron_to_non_neuron_or_muscle,cook_si5_only,12.0,12.0,,Cook2019_SI5,,-,missing_fenyves_default_inhibitory,True,True,False,True,False,5.0,True
RMDDR__dBWML3,RMDDR,dBWML3,neuron_to_non_neuron_or_muscle,cook_si5_only,1.0,1.0,,Cook2019_SI5,,-,missing_fenyves_default_inhibitory,True,True,False,True,False,1.0,True
RMDDR__dBWML4,RMDDR,dBWML4,neuron_to_non_neuron_or_muscle,cook_si5_only,17.0,17.0,,Cook2019_SI5,,-,missing_fenyves_default_inhibitory,True,True,False,True,False,0.0,False
RMDDR__dBWML6,RMDDR,dBWML6,neuron_to_non_neuron_or_muscle,cook_si5_only,3.0,3.0,,Cook2019_SI5,,-,missing_fenyves_default_inhibitory,True,True,False,True,False,2.0,True
RMDDR__dBWMR1,RMDDR,dBWMR1,neuron_to_non_neuron_or_muscle,cook_si5_only,3.0,3.0,,Cook2019_SI5,,-,missing_fenyves_default_inhibitory,True,True,False,True,False,1.0,True
RMDDR__dBWMR2,RMDDR,dBWMR2,neuron_to_non_neuron_or_muscle,cook_si5_only,7.0,7.0,,Cook2019_SI5,,-,missing_fenyves_default_inhibitory,True,True,False,True,False,3.0,True
RMDDR__dBWMR6,RMDDR,dBWMR6,neuron_to_non_neuron_or_muscle,cook_si5_only,3.0,3.0,,Cook2019_SI5,,-,missing_fenyves_default_inhibitory,True,True,False,True,False,1.0,True
RMDDR__dBWMR7,RMDDR,dBWMR7,neuron_to_non_neuron_or_muscle,cook_si5_only,3.0,3.0,,Cook2019_SI5,,-,missing_fenyves_default_inhibitory,True,True,False,True,False,1.0,True
RMDDR__vBWML1,RMDDR,vBWML1,neuron_to_non_neuron_or_muscle,cook_si5_only,2.0,2.0,,Cook2019_SI5,,-,missing_fenyves_default_inhibitory,True,True,False,True,False,1.0,True
RMDL__ADEL,RMDL,ADEL,neuron_to_neuron,fenyves_only,1.0,,1.0,Fenyves2020_only,no pred,-,fenyves_no_pred_default_inhibitory,True,True,True,False,True,0.0,False
RMDL__ADER,RMDL,ADER,neuron_to_neuron,cook_si5_and_fenyves,3.0,3.0,3.0,Cook2019_SI5,no pred,-,fenyves_no_pred_default_inhibitory,True,True,True,True,True,1.0,True
RMDL__AVKR,RMDL,AVKR,neuron_to_neuron,cook_si5_and_fenyves,1.0,1.0,1.0,Cook2019_SI5,no pred,-,fenyves_no_pred_default_inhibitory,True,True,True,True,True,1.0,True
RMDL__CEPVL,RMDL,CEPVL,neuron_to_neuron,fenyves_only,1.0,,1.0,Fenyves2020_only,no pred,-,fenyves_no_pred_default_inhibitory,True,True,True,False,True,0.0,False
RMDL__IL1L,RMDL,IL1L,neuron_to_neuron,cook_si5_and_fenyves,1.0,1.0,1.0,Cook2019_SI5,+,+,fenyves_sign_prediction,True,True,True,True,True,1.0,True
RMDL__IL1R,RMDL,IL1R,neuron_to_neuron,cook_si5_and_fenyves,1.0,1.0,1.0,Cook2019_SI5,+,+,fenyves_sign_prediction,True,True,True,True,True,1.0,True
RMDL__OLLL,RMDL,OLLL,neuron_to_neuron,fenyves_only,1.0,,1.0,Fenyves2020_only,-,-,fenyves_only_connection_with_sign,True,True,True,False,True,0.0,False
RMDL__OLLR,RMDL,OLLR,neuron_to_neuron,cook_si5_and_fenyves,3.0,3.0,3.0,Cook2019_SI5,-,-,fenyves_sign_prediction,True,True,True,True,True,1.0,True
RMDL__RIAL,RMDL,RIAL,neuron_to_neuron,cook_si5_and_fenyves,20.0,20.0,20.0,Cook2019_SI5,-,-,fenyves_sign_prediction,True,True,True,True,True,14.0,True
RMDL__RIAR,RMDL,RIAR,neuron_to_neuron,cook_si5_and_fenyves,22.0,22.0,22.0,Cook2019_SI5,-,-,fenyves_sign_prediction,True,True,True,True,True,15.0,True
RMDL__RIBR,RMDL,RIBR,neuron_to_neuron,cook_si5_and_fenyves,1.0,1.0,1.0,Cook2019_SI5,+,+,fenyves_sign_prediction,True,True,True,True,True,1.0,True
RMDL__RIML,RMDL,RIML,neuron_to_neuron,cook_si5_and_fenyves,3.0,3.0,3.0,Cook2019_SI5,complex,complex,fenyves_sign_prediction,True,True,True,True,True,1.0,True
RMDL__RIS,RMDL,RIS,neuron_to_neuron,cook_si5_and_fenyves,1.0,1.0,1.0,Cook2019_SI5,no pred,-,fenyves_no_pred_default_inhibitory,True,True,True,True,True,1.0,True
RMDL__RIVL,RMDL,RIVL,neuron_to_neuron,cook_si5_and_fenyves,1.0,1.0,1.0,Cook2019_SI5,-,-,fenyves_sign_prediction,True,True,True,True,True,1.0,True
RMDL__RMDDR,RMDL,RMDDR,neuron_to_neuron,cook_si5_and_fenyves,7.0,7.0,7.0,Cook2019_SI5,-,-,fenyves_sign_prediction,True,True,True,True,True,4.0,True
RMDL__RMDR,RMDL,RMDR,neuron_to_neuron,cook_si5_and_fenyves,8.0,8.0,8.0,Cook2019_SI5,-,-,fenyves_sign_prediction,True,True,True,True,True,5.0,True
RMDL__RMDVL,RMDL,RMDVL,neuron_to_neuron,cook_si5_and_fenyves,2.0,2.0,2.0,Cook2019_SI5,-,-,fenyves_sign_prediction,True,True,True,True,True,2.0,True
RMDL__RMDVR,RMDL,RMDVR,neuron_to_neuron,cook_si5_and_fenyves,3.0,3.0,3.0,Cook2019_SI5,-,-,fenyves_sign_prediction,True,True,True,True,True,2.0,True
RMDL__RMER,RMDL,RMER,neuron_to_neuron,fenyves_only,3.0,,3.0,Fenyves2020_only,+,+,fenyves_only_connection_with_sign,True,True,True,False,True,0.0,False
RMDL__RMFR,RMDL,RMFR,neuron_to_neuron,cook_si5_and_fenyves,1.0,1.0,1.0,Cook2019_SI5,-,-,fenyves_sign_prediction,True,True,True,True,True,1.0,True
RMDL__RMHL,RMDL,RMHL,neuron_to_neuron,cook_si5_and_fenyves,3.0,3.0,3.0,Cook2019_SI5,no pred,-,fenyves_no_pred_default_inhibitory,True,True,True,True,True,2.0,True
RMDL__RMHR,RMDL,RMHR,neuron_to_neuron,fenyves_only,1.0,,1.0,Fenyves2020_only,no pred,-,fenyves_no_pred_default_inhibitory,True,True,True,False,True,0.0,False
RMDL__SIBDR,RMDL,SIBDR,neuron_to_neuron,fenyves_only,3.0,,3.0,Fenyves2020_only,complex,complex,fenyves_only_connection_with_sign,True,True,True,False,True,0.0,False
RMDL__SIBVR,RMDL,SIBVR,neuron_to_neuron,cook_si5_only,3.0,3.0,,Cook2019_SI5,,-,missing_fenyves_default_inhibitory,True,True,True,True,False,0.0,False
RMDL__SMBVR,RMDL,SMBVR,neuron_to_neuron,cook_si5_and_fenyves,2.0,2.0,2.0,Cook2019_SI5,-,-,fenyves_sign_prediction,True,True,True,True,True,2.0,True
RMDL__SMDDR,RMDL,SMDDR,neuron_to_neuron,cook_si5_and_fenyves,1.0,1.0,1.0,Cook2019_SI5,complex,complex,fenyves_sign_prediction,True,True,True,True,True,1.0,True
RMDL__URXR,RMDL,URXR,neuron_to_neuron,cook_si5_and_fenyves,1.0,1.0,1.0,Cook2019_SI5,-,-,fenyves_sign_prediction,True,True,True,True,True,1.0,True
RMDL__dBWML3,RMDL,dBWML3,neuron_to_non_neuron_or_muscle,cook_si5_only,1.0,1.0,,Cook2019_SI5,,-,missing_fenyves_default_inhibitory,True,True,False,True,False,0.0,False
RMDL__dBWML5,RMDL,dBWML5,neuron_to_non_neuron_or_muscle,cook_si5_only,2.0,2.0,,Cook2019_SI5,,-,missing_fenyves_default_inhibitory,True,True,False,True,False,1.0,True
RMDL__dBWMR3,RMDL,dBWMR3,neuron_to_non_neuron_or_muscle,cook_si5_only,4.0,4.0,,Cook2019_SI5,,-,missing_fenyves_default_inhibitory,True,True,False,True,False,3.0,True
RMDL__dBWMR4,RMDL,dBWMR4,neuron_to_non_neuron_or_muscle,cook_si5_only,6.0,6.0,,Cook2019_SI5,,-,missing_fenyves_default_inhibitory,True,True,False,True,False,2.0,True
RMDL__vBWML1,RMDL,vBWML1,neuron_to_non_neuron_or_muscle,cook_si5_only,4.0,4.0,,Cook2019_SI5,,-,missing_fenyves_default_inhibitory,True,True,False,True,False,0.0,False
RMDL__vBWMR4,RMDL,vBWMR4,neuron_to_non_neuron_or_muscle,cook_si5_only,8.0,8.0,,Cook2019_SI5,,-,missing_fenyves_default_inhibitory,True,True,False,True,False,4.0,True
RMDL__vBWMR8,RMDL,vBWMR8,neuron_to_non_neuron_or_muscle,cook_si5_only,1.0,1.0,,Cook2019_SI5,,-,missing_fenyves_default_inhibitory,True,True,False,True,False,1.0,True
RMDR__AVKR,RMDR,AVKR,neuron_to_neuron,cook_si5_and_fenyves,1.0,1.0,1.0,Cook2019_SI5,no pred,-,fenyves_no_pred_default_inhibitory,True,True,True,True,True,1.0,True
RMDR__IL1L,RMDR,IL1L,neuron_to_neuron,cook_si5_and_fenyves,2.0,2.0,2.0,Cook2019_SI5,+,+,fenyves_sign_prediction,True,True,True,True,True,1.0,True
RMDR__OLLR,RMDR,OLLR,neuron_to_neuron,cook_si5_and_fenyves,2.0,2.0,2.0,Cook2019_SI5,-,-,fenyves_sign_prediction,True,True,True,True,True,1.0,True
RMDR__RIAL,RMDR,RIAL,neuron_to_neuron,cook_si5_and_fenyves,14.0,14.0,14.0,Cook2019_SI5,-,-,fenyves_sign_prediction,True,True,True,True,True,6.0,True
RMDR__RIAR,RMDR,RIAR,neuron_to_neuron,cook_si5_and_fenyves,21.0,21.0,21.0,Cook2019_SI5,-,-,fenyves_sign_prediction,True,True,True,True,True,10.0,True
RMDR__RIMR,RMDR,RIMR,neuron_to_neuron,cook_si5_and_fenyves,1.0,1.0,1.0,Cook2019_SI5,complex,complex,fenyves_sign_prediction,True,True,True,True,True,1.0,True
RMDR__RIS,RMDR,RIS,neuron_to_neuron,cook_si5_and_fenyves,1.0,1.0,1.0,Cook2019_SI5,no pred,-,fenyves_no_pred_default_inhibitory,True,True,True,True,True,1.0,True
RMDR__RMDDL,RMDR,RMDDL,neuron_to_neuron,cook_si5_and_fenyves,6.0,6.0,6.0,Cook2019_SI5,-,-,fenyves_sign_prediction,True,True,True,True,True,3.0,True
RMDR__RMDL,RMDR,RMDL,neuron_to_neuron,cook_si5_and_fenyves,11.0,11.0,11.0,Cook2019_SI5,-,-,fenyves_sign_prediction,True,True,True,True,True,5.0,True
RMDR__RMDVL,RMDR,RMDVL,neuron_to_neuron,cook_si5_and_fenyves,9.0,9.0,9.0,Cook2019_SI5,-,-,fenyves_sign_prediction,True,True,True,True,True,4.0,True
RMDR__RMGL,RMDR,RMGL,neuron_to_neuron,cook_si5_and_fenyves,1.0,1.0,1.0,Cook2019_SI5,no pred,-,fenyves_no_pred_default_inhibitory,True,True,True,True,True,1.0,True
RMDR__SIAVL,RMDR,SIAVL,neuron_to_neuron,cook_si5_and_fenyves,1.0,1.0,1.0,Cook2019_SI5,complex,complex,fenyves_sign_prediction,True,True,True,True,True,1.0,True
RMDR__SMDDR,RMDR,SMDDR,neuron_to_neuron,cook_si5_and_fenyves,1.0,1.0,1.0,Cook2019_SI5,complex,complex,fenyves_sign_prediction,True,True,True,True,True,1.0,True
RMDR__dBWML5,RMDR,dBWML5,neuron_to_non_neuron_or_muscle,cook_si5_only,2.0,2.0,,Cook2019_SI5,,-,missing_fenyves_default_inhibitory,True,True,False,True,False,1.0,True
RMDR__vBWML4,RMDR,vBWML4,neuron_to_non_neuron_or_muscle,cook_si5_only,2.0,2.0,,Cook2019_SI5,,-,missing_fenyves_default_inhibitory,True,True,False,True,False,1.0,True
RMDR__vBWML5,RMDR,vBWML5,neuron_to_non_neuron_or_muscle,cook_si5_only,2.0,2.0,,Cook2019_SI5,,-,missing_fenyves_default_inhibitory,True,True,False,True,False,1.0,True
RMDVL__AVER,RMDVL,AVER,neuron_to_neuron,cook_si5_and_fenyves,2.0,2.0,2.0,Cook2019_SI5,-,-,fenyves_sign_prediction,True,True,True,True,True,1.0,True
RMDVL__CEPDL,RMDVL,CEPDL,neuron_to_neuron,cook_si5_and_fenyves,2.0,2.0,2.0,Cook2019_SI5,no pred,-,fenyves_no_pred_default_inhibitory,True,True,True,True,True,1.0,True
RMDVL__IL1R,RMDVL,IL1R,neuron_to_neuron,cook_si5_and_fenyves,2.0,2.0,2.0,Cook2019_SI5,+,+,fenyves_sign_prediction,True,True,True,True,True,1.0,True
RMDVL__IL2VR,RMDVL,IL2VR,neuron_to_neuron,cook_si5_and_fenyves,1.0,1.0,1.0,Cook2019_SI5,no pred,-,fenyves_no_pred_default_inhibitory,True,True,True,True,True,1.0,True
RMDVL__OLQVR,RMDVL,OLQVR,neuron_to_neuron,cook_si5_and_fenyves,3.0,3.0,3.0,Cook2019_SI5,no pred,-,fenyves_no_pred_default_inhibitory,True,True,True,True,True,2.0,True
RMDVL__RMDDR,RMDVL,RMDDR,neuron_to_neuron,cook_si5_and_fenyves,41.0,41.0,41.0,Cook2019_SI5,-,-,fenyves_sign_prediction,True,True,True,True,True,10.0,True
RMDVL__RMDR,RMDVL,RMDR,neuron_to_neuron,cook_si5_and_fenyves,2.0,2.0,2.0,Cook2019_SI5,-,-,fenyves_sign_prediction,True,True,True,True,True,1.0,True
RMDVL__RMDVR,RMDVL,RMDVR,neuron_to_neuron,cook_si5_and_fenyves,1.0,1.0,1.0,Cook2019_SI5,-,-,fenyves_sign_prediction,True,True,True,True,True,1.0,True
RMDVL__SIAVR,RMDVL,SIAVR,neuron_to_neuron,cook_si5_and_fenyves,2.0,2.0,2.0,Cook2019_SI5,complex,complex,fenyves_sign_prediction,True,True,True,True,True,2.0,True
RMDVL__SIBDR,RMDVL,SIBDR,neuron_to_neuron,cook_si5_only,1.0,1.0,,Cook2019_SI5,,-,missing_fenyves_default_inhibitory,True,True,True,True,False,0.0,False
RMDVL__SIBVR,RMDVL,SIBVR,neuron_to_neuron,fenyves_only,1.0,,1.0,Fenyves2020_only,complex,complex,fenyves_only_connection_with_sign,True,True,True,False,True,0.0,False
RMDVL__URYVR,RMDVL,URYVR,neuron_to_neuron,cook_si5_and_fenyves,1.0,1.0,1.0,Cook2019_SI5,no pred,-,fenyves_no_pred_default_inhibitory,True,True,True,True,True,1.0,True
RMDVL__vBWMR2,RMDVL,vBWMR2,neuron_to_non_neuron_or_muscle,cook_si5_only,20.0,20.0,,Cook2019_SI5,,-,missing_fenyves_default_inhibitory,True,True,False,True,False,5.0,True
RMDVL__vBWMR3,RMDVL,vBWMR3,neuron_to_non_neuron_or_muscle,cook_si5_only,11.0,11.0,,Cook2019_SI5,,-,missing_fenyves_default_inhibitory,True,True,False,True,False,1.0,True
RMDVL__vBWMR4,RMDVL,vBWMR4,neuron_to_non_neuron_or_muscle,cook_si5_only,31.0,31.0,,Cook2019_SI5,,-,missing_fenyves_default_inhibitory,True,True,False,True,False,9.0,True
RMDVL__vBWMR6,RMDVL,vBWMR6,neuron_to_non_neuron_or_muscle,cook_si5_only,18.0,18.0,,Cook2019_SI5,,-,missing_fenyves_default_inhibitory,True,True,False,True,False,7.0,True
RMDVL__vBWMR7,RMDVL,vBWMR7,neuron_to_non_neuron_or_muscle,cook_si5_only,3.0,3.0,,Cook2019_SI5,,-,missing_fenyves_default_inhibitory,True,True,False,True,False,3.0,True
RMDVR__AVAR,RMDVR,AVAR,neuron_to_neuron,cook_si5_and_fenyves,1.0,1.0,1.0,Cook2019_SI5,complex,complex,fenyves_sign_prediction,True,True,True,True,True,1.0,True
RMDVR__CEPDR,RMDVR,CEPDR,neuron_to_neuron,cook_si5_only,2.0,2.0,,Cook2019_SI5,,-,missing_fenyves_default_inhibitory,True,True,True,True,False,1.0,True
RMDVR__GLRVL,RMDVR,GLRVL,neuron_to_non_neuron_or_muscle,cook_si5_only,1.0,1.0,,Cook2019_SI5,,-,missing_fenyves_default_inhibitory,True,True,False,True,False,1.0,True
RMDVR__IL1DR,RMDVR,IL1DR,neuron_to_neuron,cook_si5_and_fenyves,1.0,1.0,1.0,Cook2019_SI5,+,+,fenyves_sign_prediction,True,True,True,True,True,1.0,True
RMDVR__IL1L,RMDVR,IL1L,neuron_to_neuron,cook_si5_and_fenyves,1.0,1.0,1.0,Cook2019_SI5,+,+,fenyves_sign_prediction,True,True,True,True,True,1.0,True
RMDVR__OLQVL,RMDVR,OLQVL,neuron_to_neuron,cook_si5_and_fenyves,2.0,2.0,2.0,Cook2019_SI5,no pred,-,fenyves_no_pred_default_inhibitory,True,True,True,True,True,2.0,True
RMDVR__RIAR,RMDVR,RIAR,neuron_to_neuron,cook_si5_and_fenyves,1.0,1.0,1.0,Cook2019_SI5,-,-,fenyves_sign_prediction,True,True,True,True,True,1.0,True
RMDVR__RMDDL,RMDVR,RMDDL,neuron_to_neuron,cook_si5_and_fenyves,43.0,43.0,43.0,Cook2019_SI5,-,-,fenyves_sign_prediction,True,True,True,True,True,20.0,True
RMDVR__RMDVR,RMDVR,RMDVR,neuron_to_neuron,cook_si5_and_fenyves,2.0,2.0,2.0,Cook2019_SI5,-,-,fenyves_sign_prediction,True,True,True,True,True,2.0,True
RMDVR__SIAVL,RMDVR,SIAVL,neuron_to_neuron,cook_si5_and_fenyves,2.0,2.0,2.0,Cook2019_SI5,complex,complex,fenyves_sign_prediction,True,True,True,True,True,2.0,True
RMDVR__SIBDR,RMDVR,SIBDR,neuron_to_neuron,fenyves_only,1.0,,1.0,Fenyves2020_only,complex,complex,fenyves_only_connection_with_sign,True,True,True,False,True,0.0,False
RMDVR__SIBVL,RMDVR,SIBVL,neuron_to_neuron,fenyves_only,1.0,,1.0,Fenyves2020_only,complex,complex,fenyves_only_connection_with_sign,True,True,True,False,True,0.0,False
RMDVR__SIBVR,RMDVR,SIBVR,neuron_to_neuron,cook_si5_only,1.0,1.0,,Cook2019_SI5,,-,missing_fenyves_default_inhibitory,True,True,True,True,False,0.0,False
RMDVR__SMBDR,RMDVR,SMBDR,neuron_to_neuron,cook_si5_and_fenyves,1.0,1.0,1.0,Cook2019_SI5,-,-,fenyves_sign_prediction,True,True,True,True,True,1.0,True
RMDVR__URAVL,RMDVR,URAVL,neuron_to_neuron,cook_si5_and_fenyves,8.0,8.0,8.0,Cook2019_SI5,no pred,-,fenyves_no_pred_default_inhibitory,True,True,True,True,True,3.0,True
RMDVR__URYVL,RMDVR,URYVL,neuron_to_neuron,fenyves_only,2.0,,2.0,Fenyves2020_only,no pred,-,fenyves_no_pred_default_inhibitory,True,True,True,False,True,0.0,False
RMDVR__dBWML3,RMDVR,dBWML3,neuron_to_non_neuron_or_muscle,cook_si5_only,5.0,5.0,,Cook2019_SI5,,-,missing_fenyves_default_inhibitory,True,True,False,True,False,1.0,True
RMDVR__vBWML1,RMDVR,vBWML1,neuron_to_non_neuron_or_muscle,cook_si5_only,21.0,21.0,,Cook2019_SI5,,-,missing_fenyves_default_inhibitory,True,True,False,True,False,7.0,True
RMDVR__vBWML2,RMDVR,vBWML2,neuron_to_non_neuron_or_muscle,cook_si5_only,15.0,15.0,,Cook2019_SI5,,-,missing_fenyves_default_inhibitory,True,True,False,True,False,8.0,True
RMDVR__vBWML3,RMDVR,vBWML3,neuron_to_non_neuron_or_muscle,cook_si5_only,8.0,8.0,,Cook2019_SI5,,-,missing_fenyves_default_inhibitory,True,True,False,True,False,0.0,False
RMDVR__vBWML4,RMDVR,vBWML4,neuron_to_non_neuron_or_muscle,cook_si5_only,19.0,19.0,,Cook2019_SI5,,-,missing_fenyves_default_inhibitory,True,True,False,True,False,7.0,True
RMDVR__vBWML5,RMDVR,vBWML5,neuron_to_non_neuron_or_muscle,cook_si5_only,8.0,8.0,,Cook2019_SI5,,-,missing_fenyves_default_inhibitory,True,True,False,True,False,3.0,True
RMDVR__vBWML6,RMDVR,vBWML6,neuron_to_non_neuron_or_muscle,cook_si5_only,5.0,5.0,,Cook2019_SI5,,-,missing_fenyves_default_inhibitory,True,True,False,True,False,2.0,True
RMDVR__vBWML7,RMDVR,vBWML7,neuron_to_non_neuron_or_muscle,cook_si5_only,2.0,2.0,,Cook2019_SI5,,-,missing_fenyves_default_inhibitory,True,True,False,True,False,1.0,True
RMDVR__vBWMR3,RMDVR,vBWMR3,neuron_to_non_neuron_or_muscle,cook_si5_only,2.0,2.0,,Cook2019_SI5,,-,missing_fenyves_default_inhibitory,True,True,False,True,False,2.0,True
RMDVR__vBWMR6,RMDVR,vBWMR6,neuron_to_non_neuron_or_muscle,cook_si5_only,2.0,2.0,,Cook2019_SI5,,-,missing_fenyves_default_inhibitory,True,True,False,True,False,2.0,True
RMDVR__vBWMR7,RMDVR,vBWMR7,neuron_to_non_neuron_or_muscle,cook_si5_only,2.0,2.0,,Cook2019_SI5,,-,missing_fenyves_default_inhibitory,True,True,False,True,False,2.0,True
RMED__RIBL,RMED,RIBL,neuron_to_neuron,cook_si5_and_fenyves,1.0,1.0,1.0,Cook2019_SI5,no pred,-,fenyves_no_pred_default_inhibitory,True,True,True,True,True,1.0,True
RMED__RIBR,RMED,RIBR,neuron_to_neuron,cook_si5_and_fenyves,1.0,1.0,1.0,Cook2019_SI5,no pred,-,fenyves_no_pred_default_inhibitory,True,True,True,True,True,1.0,True
RMED__RMED,RMED,RMED,neuron_to_neuron,cook_si5_and_fenyves,1.0,1.0,1.0,Cook2019_SI5,no pred,-,fenyves_no_pred_default_inhibitory,True,True,True,True,True,1.0,True
RMED__SMDDL,RMED,SMDDL,neuron_to_neuron,cook_si5_and_fenyves,1.0,1.0,1.0,Cook2019_SI5,-,-,fenyves_sign_prediction,True,True,True,True,True,1.0,True
RMED__SMDDR,RMED,SMDDR,neuron_to_neuron,cook_si5_and_fenyves,4.0,4.0,4.0,Cook2019_SI5,-,-,fenyves_sign_prediction,True,True,True,True,True,1.0,True
RMED__vBWML2,RMED,vBWML2,neuron_to_non_neuron_or_muscle,cook_si5_only,15.0,15.0,,Cook2019_SI5,,-,missing_fenyves_default_inhibitory,True,True,False,True,False,4.0,True
RMED__vBWML3,RMED,vBWML3,neuron_to_non_neuron_or_muscle,cook_si5_only,10.0,10.0,,Cook2019_SI5,,-,missing_fenyves_default_inhibitory,True,True,False,True,False,0.0,False
RMED__vBWMR2,RMED,vBWMR2,neuron_to_non_neuron_or_muscle,cook_si5_only,25.0,25.0,,Cook2019_SI5,,-,missing_fenyves_default_inhibitory,True,True,False,True,False,7.0,True
RMED__vBWMR3,RMED,vBWMR3,neuron_to_non_neuron_or_muscle,cook_si5_only,26.0,26.0,,Cook2019_SI5,,-,missing_fenyves_default_inhibitory,True,True,False,True,False,9.0,True
RMED__vBWMR6,RMED,vBWMR6,neuron_to_non_neuron_or_muscle,cook_si5_only,2.0,2.0,,Cook2019_SI5,,-,missing_fenyves_default_inhibitory,True,True,False,True,False,1.0,True
RMEL__GLRR,RMEL,GLRR,neuron_to_non_neuron_or_muscle,cook_si5_only,2.0,2.0,,Cook2019_SI5,,-,missing_fenyves_default_inhibitory,True,True,False,True,False,1.0,True
RMEL__IL1R,RMEL,IL1R,neuron_to_neuron,cook_si5_and_fenyves,2.0,2.0,2.0,Cook2019_SI5,no pred,-,fenyves_no_pred_default_inhibitory,True,True,True,True,True,2.0,True
RMEL__OLLR,RMEL,OLLR,neuron_to_neuron,cook_si5_and_fenyves,1.0,1.0,1.0,Cook2019_SI5,-,-,fenyves_sign_prediction,True,True,True,True,True,1.0,True
RMEL__RIPR,RMEL,RIPR,neuron_to_neuron,cook_si5_and_fenyves,1.0,1.0,1.0,Cook2019_SI5,no pred,-,fenyves_no_pred_default_inhibitory,True,True,True,True,True,1.0,True
RMEL__RMEV,RMEL,RMEV,neuron_to_neuron,cook_si5_and_fenyves,1.0,1.0,1.0,Cook2019_SI5,no pred,-,fenyves_no_pred_default_inhibitory,True,True,True,True,True,1.0,True
RMEL__dBWMR3,RMEL,dBWMR3,neuron_to_non_neuron_or_muscle,cook_si5_only,22.0,22.0,,Cook2019_SI5,,-,missing_fenyves_default_inhibitory,True,True,False,True,False,14.0,True
RMEL__dBWMR5,RMEL,dBWMR5,neuron_to_non_neuron_or_muscle,cook_si5_only,7.0,7.0,,Cook2019_SI5,,-,missing_fenyves_default_inhibitory,True,True,False,True,False,6.0,True
RMEL__vBWMR4,RMEL,vBWMR4,neuron_to_non_neuron_or_muscle,cook_si5_only,9.0,9.0,,Cook2019_SI5,,-,missing_fenyves_default_inhibitory,True,True,False,True,False,5.0,True
RMER__IL1L,RMER,IL1L,neuron_to_neuron,cook_si5_and_fenyves,4.0,4.0,4.0,Cook2019_SI5,no pred,-,fenyves_no_pred_default_inhibitory,True,True,True,True,True,3.0,True
RMER__RMER,RMER,RMER,neuron_to_neuron,cook_si5_and_fenyves,5.0,5.0,5.0,Cook2019_SI5,no pred,-,fenyves_no_pred_default_inhibitory,True,True,True,True,True,3.0,True
RMER__RMHR,RMER,RMHR,neuron_to_neuron,cook_si5_and_fenyves,3.0,3.0,3.0,Cook2019_SI5,no pred,-,fenyves_no_pred_default_inhibitory,True,True,True,True,True,3.0,True
RMER__dBWML3,RMER,dBWML3,neuron_to_non_neuron_or_muscle,cook_si5_only,45.0,45.0,,Cook2019_SI5,,-,missing_fenyves_default_inhibitory,True,True,False,True,False,20.0,True
RMER__dBWML4,RMER,dBWML4,neuron_to_non_neuron_or_muscle,cook_si5_only,4.0,4.0,,Cook2019_SI5,,-,missing_fenyves_default_inhibitory,True,True,False,True,False,0.0,False
RMER__vBWML1,RMER,vBWML1,neuron_to_non_neuron_or_muscle,cook_si5_only,14.0,14.0,,Cook2019_SI5,,-,missing_fenyves_default_inhibitory,True,True,False,True,False,7.0,True
RMER__vBWML4,RMER,vBWML4,neuron_to_non_neuron_or_muscle,cook_si5_only,7.0,7.0,,Cook2019_SI5,,-,missing_fenyves_default_inhibitory,True,True,False,True,False,3.0,True
RMEV__RIBR,RMEV,RIBR,neuron_to_neuron,cook_si5_and_fenyves,2.0,2.0,2.0,Cook2019_SI5,no pred,-,fenyves_no_pred_default_inhibitory,True,True,True,True,True,1.0,True
RMEV__RIH,RMEV,RIH,neuron_to_neuron,cook_si5_and_fenyves,2.0,2.0,2.0,Cook2019_SI5,no pred,-,fenyves_no_pred_default_inhibitory,True,True,True,True,True,1.0,True
RMEV__RIS,RMEV,RIS,neuron_to_neuron,cook_si5_and_fenyves,1.0,1.0,1.0,Cook2019_SI5,-,-,fenyves_sign_prediction,True,True,True,True,True,1.0,True
RMEV__RMDDL,RMEV,RMDDL,neuron_to_neuron,cook_si5_and_fenyves,1.0,1.0,1.0,Cook2019_SI5,no pred,-,fenyves_no_pred_default_inhibitory,True,True,True,True,True,1.0,True
RMEV__RMDDR,RMEV,RMDDR,neuron_to_neuron,cook_si5_and_fenyves,1.0,1.0,1.0,Cook2019_SI5,no pred,-,fenyves_no_pred_default_inhibitory,True,True,True,True,True,1.0,True
RMEV__RMED,RMEV,RMED,neuron_to_neuron,cook_si5_and_fenyves,1.0,1.0,1.0,Cook2019_SI5,no pred,-,fenyves_no_pred_default_inhibitory,True,True,True,True,True,1.0,True
RMEV__SMDDR,RMEV,SMDDR,neuron_to_neuron,cook_si5_and_fenyves,1.0,1.0,1.0,Cook2019_SI5,-,-,fenyves_sign_prediction,True,True,True,True,True,1.0,True
RMEV__SMDVL,RMEV,SMDVL,neuron_to_neuron,cook_si5_and_fenyves,1.0,1.0,1.0,Cook2019_SI5,-,-,fenyves_sign_prediction,True,True,True,True,True,1.0,True
RMEV__dBWML1,RMEV,dBWML1,neuron_to_non_neuron_or_muscle,cook_si5_only,1.0,1.0,,Cook2019_SI5,,-,missing_fenyves_default_inhibitory,True,True,False,True,False,1.0,True
RMEV__dBWML2,RMEV,dBWML2,neuron_to_non_neuron_or_muscle,cook_si5_only,5.0,5.0,,Cook2019_SI5,,-,missing_fenyves_default_inhibitory,True,True,False,True,False,3.0,True
RMEV__dBWMR1,RMEV,dBWMR1,neuron_to_non_neuron_or_muscle,cook_si5_only,9.0,9.0,,Cook2019_SI5,,-,missing_fenyves_default_inhibitory,True,True,False,True,False,4.0,True
RMEV__dBWMR2,RMEV,dBWMR2,neuron_to_non_neuron_or_muscle,cook_si5_only,5.0,5.0,,Cook2019_SI5,,-,missing_fenyves_default_inhibitory,True,True,False,True,False,3.0,True
RMEV__dBWMR6,RMEV,dBWMR6,neuron_to_non_neuron_or_muscle,cook_si5_only,5.0,5.0,,Cook2019_SI5,,-,missing_fenyves_default_inhibitory,True,True,False,True,False,2.0,True
RMEV__dBWMR7,RMEV,dBWMR7,neuron_to_non_neuron_or_muscle,cook_si5_only,4.0,4.0,,Cook2019_SI5,,-,missing_fenyves_default_inhibitory,True,True,False,True,False,2.0,True
RMFL__AVKL,RMFL,AVKL,neuron_to_neuron,cook_si5_and_fenyves,9.0,9.0,9.0,Cook2019_SI5,no pred,-,fenyves_no_pred_default_inhibitory,True,True,True,True,True,6.0,True
RMFL__AVKR,RMFL,AVKR,neuron_to_neuron,cook_si5_and_fenyves,14.0,14.0,14.0,Cook2019_SI5,no pred,-,fenyves_no_pred_default_inhibitory,True,True,True,True,True,7.0,True
RMFL__BAGL,RMFL,BAGL,neuron_to_neuron,cook_si5_and_fenyves,1.0,1.0,1.0,Cook2019_SI5,no pred,-,fenyves_no_pred_default_inhibitory,True,True,True,True,True,1.0,True
RMFL__DVC,RMFL,DVC,neuron_to_neuron,cook_si5_and_fenyves,1.0,1.0,1.0,Cook2019_SI5,+,+,fenyves_sign_prediction,True,True,True,True,True,1.0,True
RMFL__PVT,RMFL,PVT,neuron_to_neuron,cook_si5_and_fenyves,3.0,3.0,3.0,Cook2019_SI5,+,+,fenyves_sign_prediction,True,True,True,True,True,2.0,True
RMFL__RIBR,RMFL,RIBR,neuron_to_neuron,cook_si5_and_fenyves,1.0,1.0,1.0,Cook2019_SI5,+,+,fenyves_sign_prediction,True,True,True,True,True,1.0,True
RMFL__RIMR,RMFL,RIMR,neuron_to_neuron,cook_si5_and_fenyves,2.0,2.0,2.0,Cook2019_SI5,complex,complex,fenyves_sign_prediction,True,True,True,True,True,2.0,True
RMFL__RIS,RMFL,RIS,neuron_to_neuron,cook_si5_and_fenyves,1.0,1.0,1.0,Cook2019_SI5,no pred,-,fenyves_no_pred_default_inhibitory,True,True,True,True,True,1.0,True
RMFL__RMDR,RMFL,RMDR,neuron_to_neuron,cook_si5_and_fenyves,13.0,13.0,13.0,Cook2019_SI5,-,-,fenyves_sign_prediction,True,True,True,True,True,8.0,True
RMFL__RMHL,RMFL,RMHL,neuron_to_neuron,cook_si5_and_fenyves,2.0,2.0,2.0,Cook2019_SI5,no pred,-,fenyves_no_pred_default_inhibitory,True,True,True,True,True,1.0,True
RMFL__SAAVR,RMFL,SAAVR,neuron_to_neuron,cook_si5_and_fenyves,1.0,1.0,1.0,Cook2019_SI5,complex,complex,fenyves_sign_prediction,True,True,True,True,True,1.0,True
RMFL__SMDVL,RMFL,SMDVL,neuron_to_neuron,cook_si5_and_fenyves,1.0,1.0,1.0,Cook2019_SI5,complex,complex,fenyves_sign_prediction,True,True,True,True,True,1.0,True
RMFR__AVKL,RMFR,AVKL,neuron_to_neuron,cook_si5_and_fenyves,7.0,7.0,7.0,Cook2019_SI5,no pred,-,fenyves_no_pred_default_inhibitory,True,True,True,True,True,4.0,True
RMFR__AVKR,RMFR,AVKR,neuron_to_neuron,cook_si5_and_fenyves,9.0,9.0,9.0,Cook2019_SI5,no pred,-,fenyves_no_pred_default_inhibitory,True,True,True,True,True,5.0,True
RMFR__DVC,RMFR,DVC,neuron_to_neuron,cook_si5_and_fenyves,2.0,2.0,2.0,Cook2019_SI5,+,+,fenyves_sign_prediction,True,True,True,True,True,1.0,True
RMFR__RIH,RMFR,RIH,neuron_to_neuron,cook_si5_and_fenyves,1.0,1.0,1.0,Cook2019_SI5,-,-,fenyves_sign_prediction,True,True,True,True,True,1.0,True
RMFR__RMDL,RMFR,RMDL,neuron_to_neuron,cook_si5_and_fenyves,6.0,6.0,6.0,Cook2019_SI5,-,-,fenyves_sign_prediction,True,True,True,True,True,4.0,True
RMFR__RMDR,RMFR,RMDR,neuron_to_neuron,cook_si5_and_fenyves,1.0,1.0,1.0,Cook2019_SI5,-,-,fenyves_sign_prediction,True,True,True,True,True,1.0,True
RMGL__ADAL,RMGL,ADAL,neuron_to_neuron,cook_si5_and_fenyves,4.0,4.0,4.0,Cook2019_SI5,no pred,-,fenyves_no_pred_default_inhibitory,True,True,True,True,True,4.0,True
RMGL__ADLL,RMGL,ADLL,neuron_to_neuron,cook_si5_and_fenyves,1.0,1.0,1.0,Cook2019_SI5,no pred,-,fenyves_no_pred_default_inhibitory,True,True,True,True,True,1.0,True
RMGL__AIBR,RMGL,AIBR,neuron_to_neuron,cook_si5_and_fenyves,2.0,2.0,2.0,Cook2019_SI5,no pred,-,fenyves_no_pred_default_inhibitory,True,True,True,True,True,1.0,True
RMGL__AIML,RMGL,AIML,neuron_to_neuron,cook_si5_and_fenyves,3.0,3.0,3.0,Cook2019_SI5,no pred,-,fenyves_no_pred_default_inhibitory,True,True,True,True,True,2.0,True
RMGL__ASHL,RMGL,ASHL,neuron_to_neuron,cook_si5_and_fenyves,1.0,1.0,1.0,Cook2019_SI5,no pred,-,fenyves_no_pred_default_inhibitory,True,True,True,True,True,1.0,True
RMGL__AVAL,RMGL,AVAL,neuron_to_neuron,cook_si5_and_fenyves,3.0,3.0,3.0,Cook2019_SI5,no pred,-,fenyves_no_pred_default_inhibitory,True,True,True,True,True,3.0,True
RMGL__AVBR,RMGL,AVBR,neuron_to_neuron,cook_si5_and_fenyves,3.0,3.0,3.0,Cook2019_SI5,no pred,-,fenyves_no_pred_default_inhibitory,True,True,True,True,True,2.0,True
RMGL__AVEL,RMGL,AVEL,neuron_to_neuron,cook_si5_and_fenyves,2.0,2.0,2.0,Cook2019_SI5,no pred,-,fenyves_no_pred_default_inhibitory,True,True,True,True,True,2.0,True
RMGL__AVFR,RMGL,AVFR,neuron_to_neuron,cook_si5_and_fenyves,1.0,1.0,1.0,Cook2019_SI5,no pred,-,fenyves_no_pred_default_inhibitory,True,True,True,True,True,1.0,True
RMGL__CEPDL,RMGL,CEPDL,neuron_to_neuron,cook_si5_and_fenyves,1.0,1.0,1.0,Cook2019_SI5,no pred,-,fenyves_no_pred_default_inhibitory,True,True,True,True,True,1.0,True
RMGL__PVPL,RMGL,PVPL,neuron_to_neuron,cook_si5_and_fenyves,1.0,1.0,1.0,Cook2019_SI5,no pred,-,fenyves_no_pred_default_inhibitory,True,True,True,True,True,1.0,True
RMGL__RID,RMGL,RID,neuron_to_neuron,cook_si5_and_fenyves,2.0,2.0,2.0,Cook2019_SI5,no pred,-,fenyves_no_pred_default_inhibitory,True,True,True,True,True,1.0,True
RMGL__RIFL,RMGL,RIFL,neuron_to_neuron,cook_si5_and_fenyves,1.0,1.0,1.0,Cook2019_SI5,no pred,-,fenyves_no_pred_default_inhibitory,True,True,True,True,True,1.0,True
RMGL__RIVR,RMGL,RIVR,neuron_to_neuron,fenyves_only,1.0,,1.0,Fenyves2020_only,no pred,-,fenyves_no_pred_default_inhibitory,True,True,True,False,True,0.0,False
RMGL__RMDDR,RMGL,RMDDR,neuron_to_neuron,cook_si5_and_fenyves,1.0,1.0,1.0,Cook2019_SI5,no pred,-,fenyves_no_pred_default_inhibitory,True,True,True,True,True,1.0,True
RMGL__RMDL,RMGL,RMDL,neuron_to_neuron,cook_si5_and_fenyves,2.0,2.0,2.0,Cook2019_SI5,no pred,-,fenyves_no_pred_default_inhibitory,True,True,True,True,True,2.0,True
RMGL__RMDR,RMGL,RMDR,neuron_to_neuron,cook_si5_and_fenyves,16.0,16.0,16.0,Cook2019_SI5,no pred,-,fenyves_no_pred_default_inhibitory,True,True,True,True,True,8.0,True
RMGL__RMDVL,RMGL,RMDVL,neuron_to_neuron,cook_si5_and_fenyves,15.0,15.0,15.0,Cook2019_SI5,no pred,-,fenyves_no_pred_default_inhibitory,True,True,True,True,True,7.0,True
RMGL__RMHL,RMGL,RMHL,neuron_to_neuron,cook_si5_and_fenyves,1.0,1.0,1.0,Cook2019_SI5,no pred,-,fenyves_no_pred_default_inhibitory,True,True,True,True,True,1.0,True
RMGL__RMHR,RMGL,RMHR,neuron_to_neuron,cook_si5_and_fenyves,4.0,4.0,4.0,Cook2019_SI5,no pred,-,fenyves_no_pred_default_inhibitory,True,True,True,True,True,3.0,True
RMGL__SAADL,RMGL,SAADL,neuron_to_neuron,cook_si5_and_fenyves,1.0,1.0,1.0,Cook2019_SI5,no pred,-,fenyves_no_pred_default_inhibitory,True,True,True,True,True,1.0,True
RMGL__SIADL,RMGL,SIADL,neuron_to_neuron,cook_si5_and_fenyves,2.0,2.0,2.0,Cook2019_SI5,no pred,-,fenyves_no_pred_default_inhibitory,True,True,True,True,True,1.0,True
RMGL__SIADR,RMGL,SIADR,neuron_to_neuron,cook_si5_and_fenyves,2.0,2.0,2.0,Cook2019_SI5,no pred,-,fenyves_no_pred_default_inhibitory,True,True,True,True,True,1.0,True
RMGL__SIAVL,RMGL,SIAVL,neuron_to_neuron,cook_si5_and_fenyves,4.0,4.0,4.0,Cook2019_SI5,no pred,-,fenyves_no_pred_default_inhibitory,True,True,True,True,True,3.0,True
RMGL__SIBDL,RMGL,SIBDL,neuron_to_neuron,fenyves_only,5.0,,5.0,Fenyves2020_only,no pred,-,fenyves_no_pred_default_inhibitory,True,True,True,False,True,0.0,False
RMGL__SIBDR,RMGL,SIBDR,neuron_to_neuron,cook_si5_only,1.0,1.0,,Cook2019_SI5,,-,missing_fenyves_default_inhibitory,True,True,True,True,False,0.0,False
RMGL__SIBVL,RMGL,SIBVL,neuron_to_neuron,cook_si5_only,4.0,4.0,,Cook2019_SI5,,-,missing_fenyves_default_inhibitory,True,True,True,True,False,2.0,True
RMGL__SIBVR,RMGL,SIBVR,neuron_to_neuron,cook_si5_and_fenyves,4.0,4.0,4.0,Cook2019_SI5,no pred,-,fenyves_no_pred_default_inhibitory,True,True,True,True,True,0.0,False
RMGL__SMBVL,RMGL,SMBVL,neuron_to_neuron,cook_si5_and_fenyves,2.0,2.0,2.0,Cook2019_SI5,no pred,-,fenyves_no_pred_default_inhibitory,True,True,True,True,True,2.0,True
RMGL__SMDDL,RMGL,SMDDL,neuron_to_neuron,cook_si5_and_fenyves,1.0,1.0,1.0,Cook2019_SI5,no pred,-,fenyves_no_pred_default_inhibitory,True,True,True,True,True,1.0,True
RMGL__SMDDR,RMGL,SMDDR,neuron_to_neuron,cook_si5_and_fenyves,2.0,2.0,2.0,Cook2019_SI5,no pred,-,fenyves_no_pred_default_inhibitory,True,True,True,True,True,1.0,True
RMGL__URXL,RMGL,URXL,neuron_to_neuron,cook_si5_and_fenyves,3.0,3.0,3.0,Cook2019_SI5,no pred,-,fenyves_no_pred_default_inhibitory,True,True,True,True,True,3.0,True
RMGL__dBWML4,RMGL,dBWML4,neuron_to_non_neuron_or_muscle,cook_si5_only,7.0,7.0,,Cook2019_SI5,,-,missing_fenyves_default_inhibitory,True,True,False,True,False,0.0,False
RMGL__dBWML5,RMGL,dBWML5,neuron_to_non_neuron_or_muscle,cook_si5_only,1.0,1.0,,Cook2019_SI5,,-,missing_fenyves_default_inhibitory,True,True,False,True,False,1.0,True
RMGL__vBWML5,RMGL,vBWML5,neuron_to_non_neuron_or_muscle,cook_si5_only,2.0,2.0,,Cook2019_SI5,,-,missing_fenyves_default_inhibitory,True,True,False,True,False,2.0,True
RMGR__ADAR,RMGR,ADAR,neuron_to_neuron,cook_si5_and_fenyves,2.0,2.0,2.0,Cook2019_SI5,no pred,-,fenyves_no_pred_default_inhibitory,True,True,True,True,True,2.0,True
RMGR__ADER,RMGR,ADER,neuron_to_neuron,cook_si5_and_fenyves,2.0,2.0,2.0,Cook2019_SI5,no pred,-,fenyves_no_pred_default_inhibitory,True,True,True,True,True,1.0,True
RMGR__AIMR,RMGR,AIMR,neuron_to_neuron,cook_si5_and_fenyves,2.0,2.0,2.0,Cook2019_SI5,no pred,-,fenyves_no_pred_default_inhibitory,True,True,True,True,True,1.0,True
RMGR__ALMR,RMGR,ALMR,neuron_to_neuron,cook_si5_and_fenyves,1.0,1.0,1.0,Cook2019_SI5,no pred,-,fenyves_no_pred_default_inhibitory,True,True,True,True,True,1.0,True
RMGR__ALNR,RMGR,ALNR,neuron_to_neuron,cook_si5_and_fenyves,4.0,4.0,4.0,Cook2019_SI5,no pred,-,fenyves_no_pred_default_inhibitory,True,True,True,True,True,3.0,True
RMGR__ASHR,RMGR,ASHR,neuron_to_neuron,cook_si5_and_fenyves,1.0,1.0,1.0,Cook2019_SI5,no pred,-,fenyves_no_pred_default_inhibitory,True,True,True,True,True,1.0,True
RMGR__AVAL,RMGR,AVAL,neuron_to_neuron,cook_si5_and_fenyves,1.0,1.0,1.0,Cook2019_SI5,no pred,-,fenyves_no_pred_default_inhibitory,True,True,True,True,True,1.0,True
RMGR__AVBL,RMGR,AVBL,neuron_to_neuron,cook_si5_and_fenyves,2.0,2.0,2.0,Cook2019_SI5,no pred,-,fenyves_no_pred_default_inhibitory,True,True,True,True,True,2.0,True
RMGR__AVBR,RMGR,AVBR,neuron_to_neuron,cook_si5_and_fenyves,3.0,3.0,3.0,Cook2019_SI5,no pred,-,fenyves_no_pred_default_inhibitory,True,True,True,True,True,2.0,True
RMGR__AVDL,RMGR,AVDL,neuron_to_neuron,cook_si5_and_fenyves,2.0,2.0,2.0,Cook2019_SI5,no pred,-,fenyves_no_pred_default_inhibitory,True,True,True,True,True,1.0,True
RMGR__AVER,RMGR,AVER,neuron_to_neuron,cook_si5_and_fenyves,6.0,6.0,6.0,Cook2019_SI5,no pred,-,fenyves_no_pred_default_inhibitory,True,True,True,True,True,3.0,True
RMGR__AVJL,RMGR,AVJL,neuron_to_neuron,cook_si5_and_fenyves,4.0,4.0,4.0,Cook2019_SI5,no pred,-,fenyves_no_pred_default_inhibitory,True,True,True,True,True,3.0,True
RMGR__IL2DR,RMGR,IL2DR,neuron_to_neuron,fenyves_only,1.0,,1.0,Fenyves2020_only,no pred,-,fenyves_no_pred_default_inhibitory,True,True,True,False,True,0.0,False
RMGR__IL2R,RMGR,IL2R,neuron_to_neuron,cook_si5_and_fenyves,2.0,2.0,2.0,Cook2019_SI5,no pred,-,fenyves_no_pred_default_inhibitory,True,True,True,True,True,1.0,True
RMGR__OLLR,RMGR,OLLR,neuron_to_neuron,cook_si5_and_fenyves,1.0,1.0,1.0,Cook2019_SI5,no pred,-,fenyves_no_pred_default_inhibitory,True,True,True,True,True,1.0,True
RMGR__RIGR,RMGR,RIGR,neuron_to_neuron,cook_si5_and_fenyves,2.0,2.0,2.0,Cook2019_SI5,no pred,-,fenyves_no_pred_default_inhibitory,True,True,True,True,True,2.0,True
RMGR__RIR,RMGR,RIR,neuron_to_neuron,cook_si5_and_fenyves,1.0,1.0,1.0,Cook2019_SI5,no pred,-,fenyves_no_pred_default_inhibitory,True,True,True,True,True,1.0,True
RMGR__RMDDL,RMGR,RMDDL,neuron_to_neuron,cook_si5_and_fenyves,1.0,1.0,1.0,Cook2019_SI5,no pred,-,fenyves_no_pred_default_inhibitory,True,True,True,True,True,1.0,True
RMGR__RMDL,RMGR,RMDL,neuron_to_neuron,cook_si5_and_fenyves,20.0,20.0,20.0,Cook2019_SI5,no pred,-,fenyves_no_pred_default_inhibitory,True,True,True,True,True,6.0,True
RMGR__RMDR,RMGR,RMDR,neuron_to_neuron,cook_si5_and_fenyves,7.0,7.0,7.0,Cook2019_SI5,no pred,-,fenyves_no_pred_default_inhibitory,True,True,True,True,True,4.0,True
RMGR__RMDVR,RMGR,RMDVR,neuron_to_neuron,cook_si5_and_fenyves,23.0,23.0,23.0,Cook2019_SI5,no pred,-,fenyves_no_pred_default_inhibitory,True,True,True,True,True,8.0,True
RMGR__SAADL,RMGR,SAADL,neuron_to_neuron,cook_si5_and_fenyves,3.0,3.0,3.0,Cook2019_SI5,no pred,-,fenyves_no_pred_default_inhibitory,True,True,True,True,True,2.0,True
RMGR__SAAVR,RMGR,SAAVR,neuron_to_neuron,cook_si5_only,1.0,1.0,,Cook2019_SI5,,-,missing_fenyves_default_inhibitory,True,True,True,True,False,1.0,True
RMGR__SIADL,RMGR,SIADL,neuron_to_neuron,cook_si5_and_fenyves,1.0,1.0,1.0,Cook2019_SI5,no pred,-,fenyves_no_pred_default_inhibitory,True,True,True,True,True,1.0,True
RMGR__SIAVR,RMGR,SIAVR,neuron_to_neuron,cook_si5_and_fenyves,2.0,2.0,2.0,Cook2019_SI5,no pred,-,fenyves_no_pred_default_inhibitory,True,True,True,True,True,1.0,True
RMGR__SIBDL,RMGR,SIBDL,neuron_to_neuron,cook_si5_only,2.0,2.0,,Cook2019_SI5,,-,missing_fenyves_default_inhibitory,True,True,True,True,False,2.0,True
RMGR__SIBVL,RMGR,SIBVL,neuron_to_neuron,fenyves_only,2.0,,2.0,Fenyves2020_only,no pred,-,fenyves_no_pred_default_inhibitory,True,True,True,False,True,0.0,False
RMGR__SMBVR,RMGR,SMBVR,neuron_to_neuron,cook_si5_and_fenyves,1.0,1.0,1.0,Cook2019_SI5,no pred,-,fenyves_no_pred_default_inhibitory,True,True,True,True,True,1.0,True
RMGR__URXR,RMGR,URXR,neuron_to_neuron,cook_si5_and_fenyves,3.0,3.0,3.0,Cook2019_SI5,no pred,-,fenyves_no_pred_default_inhibitory,True,True,True,True,True,2.0,True
RMGR__dBWMR5,RMGR,dBWMR5,neuron_to_non_neuron_or_muscle,cook_si5_only,3.0,3.0,,Cook2019_SI5,,-,missing_fenyves_default_inhibitory,True,True,False,True,False,3.0,True
RMGR__vBWMR8,RMGR,vBWMR8,neuron_to_non_neuron_or_muscle,cook_si5_only,2.0,2.0,,Cook2019_SI5,,-,missing_fenyves_default_inhibitory,True,True,False,True,False,2.0,True
RMHL__AVAR,RMHL,AVAR,neuron_to_neuron,cook_si5_and_fenyves,1.0,1.0,1.0,Cook2019_SI5,complex,complex,fenyves_sign_prediction,True,True,True,True,True,1.0,True
RMHL__IL1R,RMHL,IL1R,neuron_to_neuron,cook_si5_and_fenyves,2.0,2.0,2.0,Cook2019_SI5,+,+,fenyves_sign_prediction,True,True,True,True,True,2.0,True
RMHL__RICL,RMHL,RICL,neuron_to_neuron,cook_si5_and_fenyves,1.0,1.0,1.0,Cook2019_SI5,no pred,-,fenyves_no_pred_default_inhibitory,True,True,True,True,True,1.0,True
RMHL__RICR,RMHL,RICR,neuron_to_neuron,cook_si5_and_fenyves,1.0,1.0,1.0,Cook2019_SI5,no pred,-,fenyves_no_pred_default_inhibitory,True,True,True,True,True,1.0,True
RMHL__RID,RMHL,RID,neuron_to_neuron,cook_si5_and_fenyves,1.0,1.0,1.0,Cook2019_SI5,+,+,fenyves_sign_prediction,True,True,True,True,True,1.0,True
RMHL__RMDDL,RMHL,RMDDL,neuron_to_neuron,cook_si5_and_fenyves,2.0,2.0,2.0,Cook2019_SI5,-,-,fenyves_sign_prediction,True,True,True,True,True,1.0,True
RMHL__RMDR,RMHL,RMDR,neuron_to_neuron,cook_si5_and_fenyves,1.0,1.0,1.0,Cook2019_SI5,-,-,fenyves_sign_prediction,True,True,True,True,True,1.0,True
RMHL__SAAVL,RMHL,SAAVL,neuron_to_neuron,cook_si5_and_fenyves,1.0,1.0,1.0,Cook2019_SI5,complex,complex,fenyves_sign_prediction,True,True,True,True,True,1.0,True
RMHL__SIBDR,RMHL,SIBDR,neuron_to_neuron,fenyves_only,1.0,,1.0,Fenyves2020_only,complex,complex,fenyves_only_connection_with_sign,True,True,True,False,True,0.0,False
RMHL__URXR,RMHL,URXR,neuron_to_neuron,cook_si5_only,1.0,1.0,,Cook2019_SI5,,-,missing_fenyves_default_inhibitory,True,True,True,True,False,1.0,True
RMHL__dBWMR3,RMHL,dBWMR3,neuron_to_non_neuron_or_muscle,cook_si5_only,7.0,7.0,,Cook2019_SI5,,-,missing_fenyves_default_inhibitory,True,True,False,True,False,6.0,True
RMHL__dBWMR4,RMHL,dBWMR4,neuron_to_non_neuron_or_muscle,cook_si5_only,2.0,2.0,,Cook2019_SI5,,-,missing_fenyves_default_inhibitory,True,True,False,True,False,2.0,True
RMHL__dBWMR5,RMHL,dBWMR5,neuron_to_non_neuron_or_muscle,cook_si5_only,2.0,2.0,,Cook2019_SI5,,-,missing_fenyves_default_inhibitory,True,True,False,True,False,1.0,True
RMHR__AIBR,RMHR,AIBR,neuron_to_neuron,cook_si5_and_fenyves,3.0,3.0,3.0,Cook2019_SI5,-,-,fenyves_sign_prediction,True,True,True,True,True,1.0,True
RMHR__CEPVL,RMHR,CEPVL,neuron_to_neuron,cook_si5_and_fenyves,1.0,1.0,1.0,Cook2019_SI5,no pred,-,fenyves_no_pred_default_inhibitory,True,True,True,True,True,1.0,True
RMHR__RMDL,RMHR,RMDL,neuron_to_neuron,cook_si5_and_fenyves,4.0,4.0,4.0,Cook2019_SI5,-,-,fenyves_sign_prediction,True,True,True,True,True,2.0,True
RMHR__RMDR,RMHR,RMDR,neuron_to_neuron,cook_si5_and_fenyves,1.0,1.0,1.0,Cook2019_SI5,-,-,fenyves_sign_prediction,True,True,True,True,True,1.0,True
RMHR__RMER,RMHR,RMER,neuron_to_neuron,cook_si5_and_fenyves,4.0,4.0,4.0,Cook2019_SI5,+,+,fenyves_sign_prediction,True,True,True,True,True,2.0,True
RMHR__RMGL,RMHR,RMGL,neuron_to_neuron,cook_si5_and_fenyves,8.0,8.0,8.0,Cook2019_SI5,no pred,-,fenyves_no_pred_default_inhibitory,True,True,True,True,True,5.0,True
RMHR__RMHL,RMHR,RMHL,neuron_to_neuron,cook_si5_and_fenyves,3.0,3.0,3.0,Cook2019_SI5,no pred,-,fenyves_no_pred_default_inhibitory,True,True,True,True,True,1.0,True
RMHR__SMDDL,RMHR,SMDDL,neuron_to_neuron,cook_si5_and_fenyves,3.0,3.0,3.0,Cook2019_SI5,complex,complex,fenyves_sign_prediction,True,True,True,True,True,1.0,True
RMHR__dBWML3,RMHR,dBWML3,neuron_to_non_neuron_or_muscle,cook_si5_only,1.0,1.0,,Cook2019_SI5,,-,missing_fenyves_default_inhibitory,True,True,False,True,False,1.0,True
RMHR__dBWML4,RMHR,dBWML4,neuron_to_non_neuron_or_muscle,cook_si5_only,7.0,7.0,,Cook2019_SI5,,-,missing_fenyves_default_inhibitory,True,True,False,True,False,0.0,False
RMHR__dBWML5,RMHR,dBWML5,neuron_to_non_neuron_or_muscle,cook_si5_only,8.0,8.0,,Cook2019_SI5,,-,missing_fenyves_default_inhibitory,True,True,False,True,False,4.0,True
RMHR__vBWML1,RMHR,vBWML1,neuron_to_non_neuron_or_muscle,cook_si5_only,3.0,3.0,,Cook2019_SI5,,-,missing_fenyves_default_inhibitory,True,True,False,True,False,1.0,True
SAADL__AIBL,SAADL,AIBL,neuron_to_neuron,cook_si5_and_fenyves,1.0,1.0,1.0,Cook2019_SI5,-,-,fenyves_sign_prediction,True,True,True,True,True,1.0,True
SAADL__AVAL,SAADL,AVAL,neuron_to_neuron,cook_si5_and_fenyves,17.0,17.0,17.0,Cook2019_SI5,complex,complex,fenyves_sign_prediction,True,True,True,True,True,7.0,True
SAADL__AVBR,SAADL,AVBR,neuron_to_neuron,fenyves_only,1.0,,1.0,Fenyves2020_only,+,+,fenyves_only_connection_with_sign,True,True,True,False,True,0.0,False
SAADL__OLLR,SAADL,OLLR,neuron_to_neuron,cook_si5_and_fenyves,4.0,4.0,4.0,Cook2019_SI5,-,-,fenyves_sign_prediction,True,True,True,True,True,3.0,True
SAADL__RIGL,SAADL,RIGL,neuron_to_neuron,cook_si5_and_fenyves,1.0,1.0,1.0,Cook2019_SI5,complex,complex,fenyves_sign_prediction,True,True,True,True,True,1.0,True
SAADL__RIML,SAADL,RIML,neuron_to_neuron,cook_si5_and_fenyves,11.0,11.0,11.0,Cook2019_SI5,complex,complex,fenyves_sign_prediction,True,True,True,True,True,6.0,True
SAADL__RIMR,SAADL,RIMR,neuron_to_neuron,cook_si5_and_fenyves,16.0,16.0,16.0,Cook2019_SI5,complex,complex,fenyves_sign_prediction,True,True,True,True,True,7.0,True
SAADL__RIVR,SAADL,RIVR,neuron_to_neuron,cook_si5_and_fenyves,1.0,1.0,1.0,Cook2019_SI5,-,-,fenyves_sign_prediction,True,True,True,True,True,0.0,False
SAADL__RMDVR,SAADL,RMDVR,neuron_to_neuron,cook_si5_and_fenyves,1.0,1.0,1.0,Cook2019_SI5,-,-,fenyves_sign_prediction,True,True,True,True,True,1.0,True
SAADL__RMFR,SAADL,RMFR,neuron_to_neuron,cook_si5_and_fenyves,1.0,1.0,1.0,Cook2019_SI5,-,-,fenyves_sign_prediction,True,True,True,True,True,1.0,True
SAADL__SABD,SAADL,SABD,neuron_to_neuron,cook_si5_and_fenyves,2.0,2.0,2.0,Cook2019_SI5,no pred,-,fenyves_no_pred_default_inhibitory,True,True,True,True,True,0.0,False
SAADL__SIBDL,SAADL,SIBDL,neuron_to_neuron,fenyves_only,1.0,,1.0,Fenyves2020_only,complex,complex,fenyves_only_connection_with_sign,True,True,True,False,True,0.0,False
SAADL__SIBDR,SAADL,SIBDR,neuron_to_neuron,fenyves_only,1.0,,1.0,Fenyves2020_only,complex,complex,fenyves_only_connection_with_sign,True,True,True,False,True,0.0,False
SAADL__SIBVL,SAADL,SIBVL,neuron_to_neuron,fenyves_only,1.0,,1.0,Fenyves2020_only,complex,complex,fenyves_only_connection_with_sign,True,True,True,False,True,0.0,False
SAADL__SIBVR,SAADL,SIBVR,neuron_to_neuron,cook_si5_only,1.0,1.0,,Cook2019_SI5,,-,missing_fenyves_default_inhibitory,True,True,True,True,False,0.0,False
SAADL__dBWMR3,SAADL,dBWMR3,neuron_to_non_neuron_or_muscle,cook_si5_only,7.0,7.0,,Cook2019_SI5,,-,missing_fenyves_default_inhibitory,True,True,False,True,False,0.0,False
SAADL__dBWMR4,SAADL,dBWMR4,neuron_to_non_neuron_or_muscle,cook_si5_only,3.0,3.0,,Cook2019_SI5,,-,missing_fenyves_default_inhibitory,True,True,False,True,False,0.0,False
SAADL__dBWMR6,SAADL,dBWMR6,neuron_to_non_neuron_or_muscle,cook_si5_only,2.0,2.0,,Cook2019_SI5,,-,missing_fenyves_default_inhibitory,True,True,False,True,False,0.0,False
SAADL__hyp,SAADL,hyp,neuron_to_non_neuron_or_muscle,cook_si5_only,2.0,2.0,,Cook2019_SI5,,-,missing_fenyves_default_inhibitory,True,True,False,True,False,0.0,False
SAADR__AIBL,SAADR,AIBL,neuron_to_neuron,cook_si5_and_fenyves,1.0,1.0,1.0,Cook2019_SI5,-,-,fenyves_sign_prediction,True,True,True,True,True,1.0,True
SAADR__AIBR,SAADR,AIBR,neuron_to_neuron,cook_si5_and_fenyves,1.0,1.0,1.0,Cook2019_SI5,-,-,fenyves_sign_prediction,True,True,True,True,True,1.0,True
SAADR__AVAL,SAADR,AVAL,neuron_to_neuron,cook_si5_and_fenyves,1.0,1.0,1.0,Cook2019_SI5,complex,complex,fenyves_sign_prediction,True,True,True,True,True,1.0,True
SAADR__AVAR,SAADR,AVAR,neuron_to_neuron,cook_si5_and_fenyves,26.0,26.0,26.0,Cook2019_SI5,complex,complex,fenyves_sign_prediction,True,True,True,True,True,9.0,True
SAADR__OLLL,SAADR,OLLL,neuron_to_neuron,cook_si5_and_fenyves,3.0,3.0,3.0,Cook2019_SI5,-,-,fenyves_sign_prediction,True,True,True,True,True,2.0,True
SAADR__PLNL,SAADR,PLNL,neuron_to_neuron,fenyves_only,1.0,,1.0,Fenyves2020_only,no pred,-,fenyves_no_pred_default_inhibitory,True,True,True,False,True,0.0,False
SAADR__PLNR,SAADR,PLNR,neuron_to_neuron,cook_si5_only,1.0,1.0,,Cook2019_SI5,,-,missing_fenyves_default_inhibitory,True,True,True,True,False,1.0,True
SAADR__RIML,SAADR,RIML,neuron_to_neuron,cook_si5_and_fenyves,14.0,14.0,14.0,Cook2019_SI5,complex,complex,fenyves_sign_prediction,True,True,True,True,True,6.0,True
SAADR__RIMR,SAADR,RIMR,neuron_to_neuron,cook_si5_and_fenyves,23.0,23.0,23.0,Cook2019_SI5,complex,complex,fenyves_sign_prediction,True,True,True,True,True,11.0,True
SAADR__RMFL,SAADR,RMFL,neuron_to_neuron,cook_si5_and_fenyves,5.0,5.0,5.0,Cook2019_SI5,-,-,fenyves_sign_prediction,True,True,True,True,True,3.0,True
SAADR__RMFR,SAADR,RMFR,neuron_to_neuron,cook_si5_and_fenyves,1.0,1.0,1.0,Cook2019_SI5,-,-,fenyves_sign_prediction,True,True,True,True,True,1.0,True
SAADR__RMGL,SAADR,RMGL,neuron_to_neuron,cook_si5_and_fenyves,1.0,1.0,1.0,Cook2019_SI5,no pred,-,fenyves_no_pred_default_inhibitory,True,True,True,True,True,1.0,True
SAADR__SABD,SAADR,SABD,neuron_to_neuron,cook_si5_and_fenyves,2.0,2.0,2.0,Cook2019_SI5,no pred,-,fenyves_no_pred_default_inhibitory,True,True,True,True,True,0.0,False
SAADR__SMBDR,SAADR,SMBDR,neuron_to_neuron,cook_si5_and_fenyves,2.0,2.0,2.0,Cook2019_SI5,-,-,fenyves_sign_prediction,True,True,True,True,True,2.0,True
SAADR__SMBVR,SAADR,SMBVR,neuron_to_neuron,cook_si5_and_fenyves,1.0,1.0,1.0,Cook2019_SI5,-,-,fenyves_sign_prediction,True,True,True,True,True,1.0,True
SAADR__SMDVL,SAADR,SMDVL,neuron_to_neuron,cook_si5_and_fenyves,5.0,5.0,5.0,Cook2019_SI5,complex,complex,fenyves_sign_prediction,True,True,True,True,True,3.0,True
SAADR__dBWML3,SAADR,dBWML3,neuron_to_non_neuron_or_muscle,cook_si5_only,7.0,7.0,,Cook2019_SI5,,-,missing_fenyves_default_inhibitory,True,True,False,True,False,0.0,False
SAADR__dBWML4,SAADR,dBWML4,neuron_to_non_neuron_or_muscle,cook_si5_only,3.0,3.0,,Cook2019_SI5,,-,missing_fenyves_default_inhibitory,True,True,False,True,False,0.0,False
SAADR__dBWML6,SAADR,dBWML6,neuron_to_non_neuron_or_muscle,cook_si5_only,2.0,2.0,,Cook2019_SI5,,-,missing_fenyves_default_inhibitory,True,True,False,True,False,0.0,False
SAADR__hyp,SAADR,hyp,neuron_to_non_neuron_or_muscle,cook_si5_only,2.0,2.0,,Cook2019_SI5,,-,missing_fenyves_default_inhibitory,True,True,False,True,False,0.0,False
SAAVL__AIBL,SAAVL,AIBL,neuron_to_neuron,cook_si5_and_fenyves,1.0,1.0,1.0,Cook2019_SI5,-,-,fenyves_sign_prediction,True,True,True,True,True,1.0,True
SAAVL__AVAL,SAAVL,AVAL,neuron_to_neuron,cook_si5_and_fenyves,56.0,56.0,56.0,Cook2019_SI5,complex,complex,fenyves_sign_prediction,True,True,True,True,True,24.0,True
SAAVL__DD01,SAAVL,DD01,neuron_to_neuron,fenyves_only,1.0,,1.0,Fenyves2020_only,+,+,fenyves_only_connection_with_sign,True,True,True,False,True,0.0,False
SAAVL__OLLR,SAAVL,OLLR,neuron_to_neuron,cook_si5_and_fenyves,1.0,1.0,1.0,Cook2019_SI5,-,-,fenyves_sign_prediction,True,True,True,True,True,1.0,True
SAAVL__RIML,SAAVL,RIML,neuron_to_neuron,cook_si5_and_fenyves,5.0,5.0,5.0,Cook2019_SI5,complex,complex,fenyves_sign_prediction,True,True,True,True,True,3.0,True
SAAVL__RIMR,SAAVL,RIMR,neuron_to_neuron,cook_si5_and_fenyves,33.0,33.0,33.0,Cook2019_SI5,complex,complex,fenyves_sign_prediction,True,True,True,True,True,15.0,True
SAAVL__RMFR,SAAVL,RMFR,neuron_to_neuron,cook_si5_and_fenyves,11.0,11.0,11.0,Cook2019_SI5,-,-,fenyves_sign_prediction,True,True,True,True,True,5.0,True
SAAVL__SAADR,SAAVL,SAADR,neuron_to_neuron,fenyves_only,5.0,,5.0,Fenyves2020_only,complex,complex,fenyves_only_connection_with_sign,True,True,True,False,True,0.0,False
SAAVL__SABD,SAAVL,SABD,neuron_to_neuron,cook_si5_and_fenyves,1.0,1.0,1.0,Cook2019_SI5,no pred,-,fenyves_no_pred_default_inhibitory,True,True,True,True,True,0.0,False
SAAVL__SABVR,SAAVL,SABVR,neuron_to_neuron,fenyves_only,2.0,,2.0,Fenyves2020_only,no pred,-,fenyves_no_pred_default_inhibitory,True,True,True,False,True,0.0,False
SAAVL__SMBDR,SAAVL,SMBDR,neuron_to_neuron,cook_si5_and_fenyves,2.0,2.0,2.0,Cook2019_SI5,-,-,fenyves_sign_prediction,True,True,True,True,True,1.0,True
SAAVL__SMDDR,SAAVL,SMDDR,neuron_to_neuron,cook_si5_and_fenyves,18.0,18.0,18.0,Cook2019_SI5,complex,complex,fenyves_sign_prediction,True,True,True,True,True,8.0,True
SAAVL__SMDVL,SAAVL,SMDVL,neuron_to_neuron,cook_si5_and_fenyves,1.0,1.0,1.0,Cook2019_SI5,complex,complex,fenyves_sign_prediction,True,True,True,True,True,1.0,True
SAAVL__VA01,SAAVL,VA01,neuron_to_neuron,fenyves_only,1.0,,1.0,Fenyves2020_only,+,+,fenyves_only_connection_with_sign,True,True,True,False,True,0.0,False
SAAVL__VA02,SAAVL,VA02,neuron_to_neuron,fenyves_only,2.0,,2.0,Fenyves2020_only,+,+,fenyves_only_connection_with_sign,True,True,True,False,True,0.0,False
SAAVL__VA03,SAAVL,VA03,neuron_to_neuron,fenyves_only,2.0,,2.0,Fenyves2020_only,+,+,fenyves_only_connection_with_sign,True,True,True,False,True,0.0,False
SAAVL__VA04,SAAVL,VA04,neuron_to_neuron,fenyves_only,2.0,,2.0,Fenyves2020_only,+,+,fenyves_only_connection_with_sign,True,True,True,False,True,0.0,False
SAAVL__VB02,SAAVL,VB02,neuron_to_neuron,fenyves_only,1.0,,1.0,Fenyves2020_only,+,+,fenyves_only_connection_with_sign,True,True,True,False,True,0.0,False
SAAVL__VD01,SAAVL,VD01,neuron_to_neuron,fenyves_only,4.0,,4.0,Fenyves2020_only,+,+,fenyves_only_connection_with_sign,True,True,True,False,True,0.0,False
SAAVL__VD02,SAAVL,VD02,neuron_to_neuron,fenyves_only,2.0,,2.0,Fenyves2020_only,+,+,fenyves_only_connection_with_sign,True,True,True,False,True,0.0,False
SAAVL__hyp,SAAVL,hyp,neuron_to_non_neuron_or_muscle,cook_si5_only,2.0,2.0,,Cook2019_SI5,,-,missing_fenyves_default_inhibitory,True,True,False,True,False,0.0,False
SAAVL__vBWML9,SAAVL,vBWML9,neuron_to_non_neuron_or_muscle,cook_si5_only,1.0,1.0,,Cook2019_SI5,,-,missing_fenyves_default_inhibitory,True,True,False,True,False,0.0,False
SAAVL__vBWMR3,SAAVL,vBWMR3,neuron_to_non_neuron_or_muscle,cook_si5_only,7.0,7.0,,Cook2019_SI5,,-,missing_fenyves_default_inhibitory,True,True,False,True,False,0.0,False
SAAVL__vBWMR4,SAAVL,vBWMR4,neuron_to_non_neuron_or_muscle,cook_si5_only,3.0,3.0,,Cook2019_SI5,,-,missing_fenyves_default_inhibitory,True,True,False,True,False,0.0,False
SAAVL__vBWMR6,SAAVL,vBWMR6,neuron_to_non_neuron_or_muscle,cook_si5_only,2.0,2.0,,Cook2019_SI5,,-,missing_fenyves_default_inhibitory,True,True,False,True,False,0.0,False
SAAVR__AIBR,SAAVR,AIBR,neuron_to_neuron,cook_si5_and_fenyves,1.0,1.0,1.0,Cook2019_SI5,-,-,fenyves_sign_prediction,True,True,True,True,True,1.0,True
SAAVR__ALNR,SAAVR,ALNR,neuron_to_neuron,cook_si5_and_fenyves,1.0,1.0,1.0,Cook2019_SI5,no pred,-,fenyves_no_pred_default_inhibitory,True,True,True,True,True,1.0,True
SAAVR__ASIR,SAAVR,ASIR,neuron_to_neuron,cook_si5_and_fenyves,1.0,1.0,1.0,Cook2019_SI5,no pred,-,fenyves_no_pred_default_inhibitory,True,True,True,True,True,1.0,True
SAAVR__AVAR,SAAVR,AVAR,neuron_to_neuron,cook_si5_and_fenyves,39.0,39.0,39.0,Cook2019_SI5,complex,complex,fenyves_sign_prediction,True,True,True,True,True,18.0,True
SAAVR__AVBL,SAAVR,AVBL,neuron_to_neuron,cook_si5_and_fenyves,1.0,1.0,1.0,Cook2019_SI5,+,+,fenyves_sign_prediction,True,True,True,True,True,1.0,True
SAAVR__IL1DL,SAAVR,IL1DL,neuron_to_neuron,cook_si5_and_fenyves,12.0,12.0,12.0,Cook2019_SI5,+,+,fenyves_sign_prediction,True,True,True,True,True,3.0,True
SAAVR__RIAR,SAAVR,RIAR,neuron_to_neuron,cook_si5_and_fenyves,1.0,1.0,1.0,Cook2019_SI5,-,-,fenyves_sign_prediction,True,True,True,True,True,1.0,True
SAAVR__RIML,SAAVR,RIML,neuron_to_neuron,cook_si5_and_fenyves,12.0,12.0,12.0,Cook2019_SI5,complex,complex,fenyves_sign_prediction,True,True,True,True,True,5.0,True
SAAVR__RIMR,SAAVR,RIMR,neuron_to_neuron,cook_si5_and_fenyves,7.0,7.0,7.0,Cook2019_SI5,complex,complex,fenyves_sign_prediction,True,True,True,True,True,3.0,True
SAAVR__RIPL,SAAVR,RIPL,neuron_to_neuron,cook_si5_and_fenyves,12.0,12.0,12.0,Cook2019_SI5,no pred,-,fenyves_no_pred_default_inhibitory,True,True,True,True,True,3.0,True
SAAVR__RMEV,SAAVR,RMEV,neuron_to_neuron,cook_si5_and_fenyves,1.0,1.0,1.0,Cook2019_SI5,+,+,fenyves_sign_prediction,True,True,True,True,True,1.0,True
SAAVR__SAAVR,SAAVR,SAAVR,neuron_to_neuron,cook_si5_and_fenyves,1.0,1.0,1.0,Cook2019_SI5,complex,complex,fenyves_sign_prediction,True,True,True,True,True,1.0,True
SAAVR__SABVL,SAAVR,SABVL,neuron_to_neuron,fenyves_only,2.0,,2.0,Fenyves2020_only,no pred,-,fenyves_no_pred_default_inhibitory,True,True,True,False,True,0.0,False
SAAVR__SMBDL,SAAVR,SMBDL,neuron_to_neuron,cook_si5_and_fenyves,1.0,1.0,1.0,Cook2019_SI5,-,-,fenyves_sign_prediction,True,True,True,True,True,1.0,True
SAAVR__SMDDL,SAAVR,SMDDL,neuron_to_neuron,cook_si5_and_fenyves,17.0,17.0,17.0,Cook2019_SI5,complex,complex,fenyves_sign_prediction,True,True,True,True,True,9.0,True
SAAVR__hyp,SAAVR,hyp,neuron_to_non_neuron_or_muscle,cook_si5_only,2.0,2.0,,Cook2019_SI5,,-,missing_fenyves_default_inhibitory,True,True,False,True,False,0.0,False
SAAVR__vBWML3,SAAVR,vBWML3,neuron_to_non_neuron_or_muscle,cook_si5_only,7.0,7.0,,Cook2019_SI5,,-,missing_fenyves_default_inhibitory,True,True,False,True,False,0.0,False
SAAVR__vBWML4,SAAVR,vBWML4,neuron_to_non_neuron_or_muscle,cook_si5_only,3.0,3.0,,Cook2019_SI5,,-,missing_fenyves_default_inhibitory,True,True,False,True,False,0.0,False
SAAVR__vBWML6,SAAVR,vBWML6,neuron_to_non_neuron_or_muscle,cook_si5_only,2.0,2.0,,Cook2019_SI5,,-,missing_fenyves_default_inhibitory,True,True,False,True,False,0.0,False
SABD__SAADL,SABD,SAADL,neuron_to_neuron,cook_si5_and_fenyves,4.0,4.0,4.0,Cook2019_SI5,complex,complex,fenyves_sign_prediction,True,True,True,True,True,0.0,False
SABD__SAADR,SABD,SAADR,neuron_to_neuron,cook_si5_and_fenyves,4.0,4.0,4.0,Cook2019_SI5,complex,complex,fenyves_sign_prediction,True,True,True,True,True,0.0,False
SABD__dBWML1,SABD,dBWML1,neuron_to_non_neuron_or_muscle,cook_si5_only,15.0,15.0,,Cook2019_SI5,,-,missing_fenyves_default_inhibitory,True,True,False,True,False,0.0,False
SABD__dBWML3,SABD,dBWML3,neuron_to_non_neuron_or_muscle,cook_si5_only,67.0,67.0,,Cook2019_SI5,,-,missing_fenyves_default_inhibitory,True,True,False,True,False,0.0,False
SABD__dBWML4,SABD,dBWML4,neuron_to_non_neuron_or_muscle,cook_si5_only,63.0,63.0,,Cook2019_SI5,,-,missing_fenyves_default_inhibitory,True,True,False,True,False,0.0,False
SABD__dBWML6,SABD,dBWML6,neuron_to_non_neuron_or_muscle,cook_si5_only,20.0,20.0,,Cook2019_SI5,,-,missing_fenyves_default_inhibitory,True,True,False,True,False,0.0,False
SABD__dBWMR1,SABD,dBWMR1,neuron_to_non_neuron_or_muscle,cook_si5_only,15.0,15.0,,Cook2019_SI5,,-,missing_fenyves_default_inhibitory,True,True,False,True,False,0.0,False
SABD__dBWMR3,SABD,dBWMR3,neuron_to_non_neuron_or_muscle,cook_si5_only,67.0,67.0,,Cook2019_SI5,,-,missing_fenyves_default_inhibitory,True,True,False,True,False,0.0,False
SABD__dBWMR4,SABD,dBWMR4,neuron_to_non_neuron_or_muscle,cook_si5_only,63.0,63.0,,Cook2019_SI5,,-,missing_fenyves_default_inhibitory,True,True,False,True,False,0.0,False
SABD__dBWMR6,SABD,dBWMR6,neuron_to_non_neuron_or_muscle,cook_si5_only,20.0,20.0,,Cook2019_SI5,,-,missing_fenyves_default_inhibitory,True,True,False,True,False,0.0,False
SABD__hyp,SABD,hyp,neuron_to_non_neuron_or_muscle,cook_si5_only,142.0,142.0,,Cook2019_SI5,,-,missing_fenyves_default_inhibitory,True,True,False,True,False,0.0,False
SABVL__RIGR,SABVL,RIGR,neuron_to_neuron,cook_si5_and_fenyves,1.0,1.0,1.0,Cook2019_SI5,complex,complex,fenyves_sign_prediction,True,True,True,True,True,1.0,True
SABVL__SAAVR,SABVL,SAAVR,neuron_to_neuron,fenyves_only,4.0,,4.0,Fenyves2020_only,complex,complex,fenyves_only_connection_with_sign,True,True,True,False,True,0.0,False
SABVL__hyp,SABVL,hyp,neuron_to_non_neuron_or_muscle,cook_si5_only,71.0,71.0,,Cook2019_SI5,,-,missing_fenyves_default_inhibitory,True,True,False,True,False,0.0,False
SABVL__vBWML1,SABVL,vBWML1,neuron_to_non_neuron_or_muscle,cook_si5_only,15.0,15.0,,Cook2019_SI5,,-,missing_fenyves_default_inhibitory,True,True,False,True,False,0.0,False
SABVL__vBWML3,SABVL,vBWML3,neuron_to_non_neuron_or_muscle,cook_si5_only,67.0,67.0,,Cook2019_SI5,,-,missing_fenyves_default_inhibitory,True,True,False,True,False,0.0,False
SABVL__vBWML4,SABVL,vBWML4,neuron_to_non_neuron_or_muscle,cook_si5_only,63.0,63.0,,Cook2019_SI5,,-,missing_fenyves_default_inhibitory,True,True,False,True,False,0.0,False
SABVL__vBWML6,SABVL,vBWML6,neuron_to_non_neuron_or_muscle,cook_si5_only,20.0,20.0,,Cook2019_SI5,,-,missing_fenyves_default_inhibitory,True,True,False,True,False,0.0,False
SABVR__SAAVL,SABVR,SAAVL,neuron_to_neuron,fenyves_only,4.0,,4.0,Fenyves2020_only,complex,complex,fenyves_only_connection_with_sign,True,True,True,False,True,0.0,False
SABVR__hyp,SABVR,hyp,neuron_to_non_neuron_or_muscle,cook_si5_only,71.0,71.0,,Cook2019_SI5,,-,missing_fenyves_default_inhibitory,True,True,False,True,False,0.0,False
SABVR__vBWMR1,SABVR,vBWMR1,neuron_to_non_neuron_or_muscle,cook_si5_only,15.0,15.0,,Cook2019_SI5,,-,missing_fenyves_default_inhibitory,True,True,False,True,False,0.0,False
SABVR__vBWMR3,SABVR,vBWMR3,neuron_to_non_neuron_or_muscle,cook_si5_only,67.0,67.0,,Cook2019_SI5,,-,missing_fenyves_default_inhibitory,True,True,False,True,False,0.0,False
SABVR__vBWMR4,SABVR,vBWMR4,neuron_to_non_neuron_or_muscle,cook_si5_only,63.0,63.0,,Cook2019_SI5,,-,missing_fenyves_default_inhibitory,True,True,False,True,False,0.0,False
SABVR__vBWMR6,SABVR,vBWMR6,neuron_to_non_neuron_or_muscle,cook_si5_only,20.0,20.0,,Cook2019_SI5,,-,missing_fenyves_default_inhibitory,True,True,False,True,False,0.0,False
SDQL__AIBR,SDQL,AIBR,neuron_to_neuron,cook_si5_and_fenyves,2.0,2.0,2.0,Cook2019_SI5,-,-,fenyves_sign_prediction,True,True,True,True,True,1.0,True
SDQL__ALML,SDQL,ALML,neuron_to_neuron,cook_si5_and_fenyves,1.0,1.0,1.0,Cook2019_SI5,+,+,fenyves_sign_prediction,True,True,True,True,True,1.0,True
SDQL__AVAL,SDQL,AVAL,neuron_to_neuron,cook_si5_and_fenyves,6.0,6.0,6.0,Cook2019_SI5,complex,complex,fenyves_sign_prediction,True,True,True,True,True,2.0,True
SDQL__AVAR,SDQL,AVAR,neuron_to_neuron,cook_si5_and_fenyves,8.0,8.0,8.0,Cook2019_SI5,complex,complex,fenyves_sign_prediction,True,True,True,True,True,4.0,True
SDQL__AVBL,SDQL,AVBL,neuron_to_neuron,cook_si5_and_fenyves,1.0,1.0,1.0,Cook2019_SI5,+,+,fenyves_sign_prediction,True,True,True,True,True,1.0,True
SDQL__AVBR,SDQL,AVBR,neuron_to_neuron,cook_si5_and_fenyves,2.0,2.0,2.0,Cook2019_SI5,+,+,fenyves_sign_prediction,True,True,True,True,True,2.0,True
SDQL__AVDL,SDQL,AVDL,neuron_to_neuron,cook_si5_and_fenyves,3.0,3.0,3.0,Cook2019_SI5,no pred,-,fenyves_no_pred_default_inhibitory,True,True,True,True,True,2.0,True
SDQL__AVEL,SDQL,AVEL,neuron_to_neuron,cook_si5_and_fenyves,1.0,1.0,1.0,Cook2019_SI5,-,-,fenyves_sign_prediction,True,True,True,True,True,1.0,True
SDQL__DVA,SDQL,DVA,neuron_to_neuron,cook_si5_and_fenyves,1.0,1.0,1.0,Cook2019_SI5,+,+,fenyves_sign_prediction,True,True,True,True,True,1.0,True
SDQL__FLPL,SDQL,FLPL,neuron_to_neuron,cook_si5_and_fenyves,2.0,2.0,2.0,Cook2019_SI5,+,+,fenyves_sign_prediction,True,True,True,True,True,1.0,True
SDQL__PVCL,SDQL,PVCL,neuron_to_neuron,cook_si5_and_fenyves,1.0,1.0,1.0,Cook2019_SI5,+,+,fenyves_sign_prediction,True,True,True,True,True,1.0,True
SDQL__PVR,SDQL,PVR,neuron_to_neuron,cook_si5_only,1.0,1.0,,Cook2019_SI5,,-,missing_fenyves_default_inhibitory,True,True,True,True,False,0.0,False
SDQL__RICR,SDQL,RICR,neuron_to_neuron,cook_si5_and_fenyves,3.0,3.0,3.0,Cook2019_SI5,no pred,-,fenyves_no_pred_default_inhibitory,True,True,True,True,True,1.0,True
SDQL__RIPR,SDQL,RIPR,neuron_to_neuron,cook_si5_and_fenyves,1.0,1.0,1.0,Cook2019_SI5,no pred,-,fenyves_no_pred_default_inhibitory,True,True,True,True,True,1.0,True
SDQL__RIS,SDQL,RIS,neuron_to_neuron,cook_si5_and_fenyves,8.0,8.0,8.0,Cook2019_SI5,no pred,-,fenyves_no_pred_default_inhibitory,True,True,True,True,True,3.0,True
SDQL__RMFL,SDQL,RMFL,neuron_to_neuron,cook_si5_and_fenyves,3.0,3.0,3.0,Cook2019_SI5,-,-,fenyves_sign_prediction,True,True,True,True,True,2.0,True
SDQL__SAADR,SDQL,SAADR,neuron_to_neuron,cook_si5_and_fenyves,2.0,2.0,2.0,Cook2019_SI5,complex,complex,fenyves_sign_prediction,True,True,True,True,True,1.0,True
SDQL__SIADR,SDQL,SIADR,neuron_to_neuron,cook_si5_and_fenyves,2.0,2.0,2.0,Cook2019_SI5,complex,complex,fenyves_sign_prediction,True,True,True,True,True,0.0,False
SDQL__SIBVL,SDQL,SIBVL,neuron_to_neuron,cook_si5_and_fenyves,1.0,1.0,1.0,Cook2019_SI5,complex,complex,fenyves_sign_prediction,True,True,True,True,True,1.0,True
SDQL__SMBDR,SDQL,SMBDR,neuron_to_neuron,cook_si5_and_fenyves,11.0,11.0,11.0,Cook2019_SI5,-,-,fenyves_sign_prediction,True,True,True,True,True,0.0,False
SDQR__ADLL,SDQR,ADLL,neuron_to_neuron,cook_si5_and_fenyves,1.0,1.0,1.0,Cook2019_SI5,no pred,-,fenyves_no_pred_default_inhibitory,True,True,True,True,True,1.0,True
SDQR__AIBL,SDQR,AIBL,neuron_to_neuron,cook_si5_and_fenyves,8.0,8.0,8.0,Cook2019_SI5,-,-,fenyves_sign_prediction,True,True,True,True,True,4.0,True
SDQR__ALML,SDQR,ALML,neuron_to_neuron,cook_si5_and_fenyves,1.0,1.0,1.0,Cook2019_SI5,+,+,fenyves_sign_prediction,True,True,True,True,True,1.0,True
SDQR__AVAL,SDQR,AVAL,neuron_to_neuron,cook_si5_and_fenyves,8.0,8.0,8.0,Cook2019_SI5,complex,complex,fenyves_sign_prediction,True,True,True,True,True,4.0,True
SDQR__AVBL,SDQR,AVBL,neuron_to_neuron,cook_si5_and_fenyves,23.0,23.0,23.0,Cook2019_SI5,+,+,fenyves_sign_prediction,True,True,True,True,True,9.0,True
SDQR__AVBR,SDQR,AVBR,neuron_to_neuron,cook_si5_and_fenyves,19.0,19.0,19.0,Cook2019_SI5,+,+,fenyves_sign_prediction,True,True,True,True,True,5.0,True
SDQR__DVA,SDQR,DVA,neuron_to_neuron,cook_si5_and_fenyves,10.0,10.0,10.0,Cook2019_SI5,+,+,fenyves_sign_prediction,True,True,True,True,True,4.0,True
SDQR__RICL,SDQR,RICL,neuron_to_neuron,cook_si5_only,1.0,1.0,,Cook2019_SI5,,-,missing_fenyves_default_inhibitory,True,True,True,True,False,1.0,True
SDQR__RICR,SDQR,RICR,neuron_to_neuron,cook_si5_and_fenyves,3.0,3.0,3.0,Cook2019_SI5,no pred,-,fenyves_no_pred_default_inhibitory,True,True,True,True,True,2.0,True
SDQR__RMHL,SDQR,RMHL,neuron_to_neuron,cook_si5_and_fenyves,15.0,15.0,15.0,Cook2019_SI5,no pred,-,fenyves_no_pred_default_inhibitory,True,True,True,True,True,2.0,True
SDQR__RMHR,SDQR,RMHR,neuron_to_neuron,cook_si5_and_fenyves,7.0,7.0,7.0,Cook2019_SI5,no pred,-,fenyves_no_pred_default_inhibitory,True,True,True,True,True,3.0,True
SDQR__SDQL,SDQR,SDQL,neuron_to_neuron,cook_si5_and_fenyves,4.0,4.0,4.0,Cook2019_SI5,+,+,fenyves_sign_prediction,True,True,True,True,True,3.0,True
SDQR__SIADL,SDQR,SIADL,neuron_to_neuron,cook_si5_and_fenyves,2.0,2.0,2.0,Cook2019_SI5,complex,complex,fenyves_sign_prediction,True,True,True,True,True,0.0,False
SDQR__SIBDR,SDQR,SIBDR,neuron_to_neuron,fenyves_only,1.0,,1.0,Fenyves2020_only,complex,complex,fenyves_only_connection_with_sign,True,True,True,False,True,0.0,False
SDQR__SMBVL,SDQR,SMBVL,neuron_to_neuron,fenyves_only,11.0,,11.0,Fenyves2020_only,-,-,fenyves_only_connection_with_sign,True,True,True,False,True,0.0,False
SDQR__vBWMR7,SDQR,vBWMR7,neuron_to_non_neuron_or_muscle,cook_si5_only,1.0,1.0,,Cook2019_SI5,,-,missing_fenyves_default_inhibitory,True,True,False,True,False,1.0,True
SIADL__ALNR,SIADL,ALNR,neuron_to_neuron,cook_si5_and_fenyves,4.0,4.0,4.0,Cook2019_SI5,no pred,-,fenyves_no_pred_default_inhibitory,True,True,True,True,True,2.0,True
SIADL__AVFR,SIADL,AVFR,neuron_to_neuron,cook_si5_and_fenyves,1.0,1.0,1.0,Cook2019_SI5,no pred,-,fenyves_no_pred_default_inhibitory,True,True,True,True,True,1.0,True
SIADL__RMDL,SIADL,RMDL,neuron_to_neuron,cook_si5_and_fenyves,4.0,4.0,4.0,Cook2019_SI5,-,-,fenyves_sign_prediction,True,True,True,True,True,2.0,True
SIADL__SDQR,SIADL,SDQR,neuron_to_neuron,cook_si5_and_fenyves,4.0,4.0,4.0,Cook2019_SI5,+,+,fenyves_sign_prediction,True,True,True,True,True,0.0,False
SIADL__SIBDL,SIADL,SIBDL,neuron_to_neuron,cook_si5_and_fenyves,4.0,4.0,4.0,Cook2019_SI5,complex,complex,fenyves_sign_prediction,True,True,True,True,True,0.0,False
SIADL__SMBDL,SIADL,SMBDL,neuron_to_neuron,cook_si5_and_fenyves,18.0,18.0,18.0,Cook2019_SI5,-,-,fenyves_sign_prediction,True,True,True,True,True,1.0,True
SIADL__SMDDL,SIADL,SMDDL,neuron_to_neuron,cook_si5_and_fenyves,17.0,17.0,17.0,Cook2019_SI5,complex,complex,fenyves_sign_prediction,True,True,True,True,True,0.0,False
SIADL__dBWMR10,SIADL,dBWMR10,neuron_to_non_neuron_or_muscle,cook_si5_only,8.0,8.0,,Cook2019_SI5,,-,missing_fenyves_default_inhibitory,True,True,False,True,False,0.0,False
SIADL__dBWMR11,SIADL,dBWMR11,neuron_to_non_neuron_or_muscle,cook_si5_only,8.0,8.0,,Cook2019_SI5,,-,missing_fenyves_default_inhibitory,True,True,False,True,False,0.0,False
SIADL__dBWMR12,SIADL,dBWMR12,neuron_to_non_neuron_or_muscle,cook_si5_only,8.0,8.0,,Cook2019_SI5,,-,missing_fenyves_default_inhibitory,True,True,False,True,False,0.0,False
SIADL__dBWMR13,SIADL,dBWMR13,neuron_to_non_neuron_or_muscle,cook_si5_only,8.0,8.0,,Cook2019_SI5,,-,missing_fenyves_default_inhibitory,True,True,False,True,False,0.0,False
SIADL__dBWMR14,SIADL,dBWMR14,neuron_to_non_neuron_or_muscle,cook_si5_only,8.0,8.0,,Cook2019_SI5,,-,missing_fenyves_default_inhibitory,True,True,False,True,False,0.0,False
SIADL__dBWMR15,SIADL,dBWMR15,neuron_to_non_neuron_or_muscle,cook_si5_only,8.0,8.0,,Cook2019_SI5,,-,missing_fenyves_default_inhibitory,True,True,False,True,False,0.0,False
SIADL__dBWMR16,SIADL,dBWMR16,neuron_to_non_neuron_or_muscle,cook_si5_only,3.0,3.0,,Cook2019_SI5,,-,missing_fenyves_default_inhibitory,True,True,False,True,False,0.0,False
SIADL__dBWMR5,SIADL,dBWMR5,neuron_to_non_neuron_or_muscle,cook_si5_only,8.0,8.0,,Cook2019_SI5,,-,missing_fenyves_default_inhibitory,True,True,False,True,False,0.0,False
SIADL__dBWMR6,SIADL,dBWMR6,neuron_to_non_neuron_or_muscle,cook_si5_only,3.0,3.0,,Cook2019_SI5,,-,missing_fenyves_default_inhibitory,True,True,False,True,False,0.0,False
SIADL__dBWMR7,SIADL,dBWMR7,neuron_to_non_neuron_or_muscle,cook_si5_only,8.0,8.0,,Cook2019_SI5,,-,missing_fenyves_default_inhibitory,True,True,False,True,False,0.0,False
SIADL__dBWMR8,SIADL,dBWMR8,neuron_to_non_neuron_or_muscle,cook_si5_only,12.0,12.0,,Cook2019_SI5,,-,missing_fenyves_default_inhibitory,True,True,False,True,False,0.0,False
SIADL__dBWMR9,SIADL,dBWMR9,neuron_to_non_neuron_or_muscle,cook_si5_only,8.0,8.0,,Cook2019_SI5,,-,missing_fenyves_default_inhibitory,True,True,False,True,False,0.0,False
SIADR__ALML,SIADR,ALML,neuron_to_neuron,cook_si5_and_fenyves,1.0,1.0,1.0,Cook2019_SI5,+,+,fenyves_sign_prediction,True,True,True,True,True,1.0,True
SIADR__AVAL,SIADR,AVAL,neuron_to_neuron,cook_si5_and_fenyves,1.0,1.0,1.0,Cook2019_SI5,complex,complex,fenyves_sign_prediction,True,True,True,True,True,1.0,True
SIADR__CEPDL,SIADR,CEPDL,neuron_to_neuron,cook_si5_and_fenyves,1.0,1.0,1.0,Cook2019_SI5,no pred,-,fenyves_no_pred_default_inhibitory,True,True,True,True,True,1.0,True
SIADR__IL1VR,SIADR,IL1VR,neuron_to_neuron,cook_si5_and_fenyves,1.0,1.0,1.0,Cook2019_SI5,+,+,fenyves_sign_prediction,True,True,True,True,True,1.0,True
SIADR__SDQL,SIADR,SDQL,neuron_to_neuron,cook_si5_and_fenyves,4.0,4.0,4.0,Cook2019_SI5,+,+,fenyves_sign_prediction,True,True,True,True,True,0.0,False
SIADR__SIBDR,SIADR,SIBDR,neuron_to_neuron,cook_si5_and_fenyves,4.0,4.0,4.0,Cook2019_SI5,complex,complex,fenyves_sign_prediction,True,True,True,True,True,0.0,False
SIADR__SMBDR,SIADR,SMBDR,neuron_to_neuron,cook_si5_and_fenyves,17.0,17.0,17.0,Cook2019_SI5,-,-,fenyves_sign_prediction,True,True,True,True,True,1.0,True
SIADR__SMDDR,SIADR,SMDDR,neuron_to_neuron,cook_si5_and_fenyves,17.0,17.0,17.0,Cook2019_SI5,complex,complex,fenyves_sign_prediction,True,True,True,True,True,0.0,False
SIADR__dBWML10,SIADR,dBWML10,neuron_to_non_neuron_or_muscle,cook_si5_only,8.0,8.0,,Cook2019_SI5,,-,missing_fenyves_default_inhibitory,True,True,False,True,False,0.0,False
SIADR__dBWML11,SIADR,dBWML11,neuron_to_non_neuron_or_muscle,cook_si5_only,8.0,8.0,,Cook2019_SI5,,-,missing_fenyves_default_inhibitory,True,True,False,True,False,0.0,False
SIADR__dBWML12,SIADR,dBWML12,neuron_to_non_neuron_or_muscle,cook_si5_only,8.0,8.0,,Cook2019_SI5,,-,missing_fenyves_default_inhibitory,True,True,False,True,False,0.0,False
SIADR__dBWML13,SIADR,dBWML13,neuron_to_non_neuron_or_muscle,cook_si5_only,8.0,8.0,,Cook2019_SI5,,-,missing_fenyves_default_inhibitory,True,True,False,True,False,0.0,False
SIADR__dBWML14,SIADR,dBWML14,neuron_to_non_neuron_or_muscle,cook_si5_only,8.0,8.0,,Cook2019_SI5,,-,missing_fenyves_default_inhibitory,True,True,False,True,False,0.0,False
SIADR__dBWML15,SIADR,dBWML15,neuron_to_non_neuron_or_muscle,cook_si5_only,8.0,8.0,,Cook2019_SI5,,-,missing_fenyves_default_inhibitory,True,True,False,True,False,0.0,False
SIADR__dBWML16,SIADR,dBWML16,neuron_to_non_neuron_or_muscle,cook_si5_only,3.0,3.0,,Cook2019_SI5,,-,missing_fenyves_default_inhibitory,True,True,False,True,False,0.0,False
SIADR__dBWML5,SIADR,dBWML5,neuron_to_non_neuron_or_muscle,cook_si5_only,8.0,8.0,,Cook2019_SI5,,-,missing_fenyves_default_inhibitory,True,True,False,True,False,0.0,False
SIADR__dBWML6,SIADR,dBWML6,neuron_to_non_neuron_or_muscle,cook_si5_only,3.0,3.0,,Cook2019_SI5,,-,missing_fenyves_default_inhibitory,True,True,False,True,False,0.0,False
SIADR__dBWML7,SIADR,dBWML7,neuron_to_non_neuron_or_muscle,cook_si5_only,8.0,8.0,,Cook2019_SI5,,-,missing_fenyves_default_inhibitory,True,True,False,True,False,0.0,False
SIADR__dBWML8,SIADR,dBWML8,neuron_to_non_neuron_or_muscle,cook_si5_only,12.0,12.0,,Cook2019_SI5,,-,missing_fenyves_default_inhibitory,True,True,False,True,False,0.0,False
SIADR__dBWML9,SIADR,dBWML9,neuron_to_non_neuron_or_muscle,cook_si5_only,8.0,8.0,,Cook2019_SI5,,-,missing_fenyves_default_inhibitory,True,True,False,True,False,0.0,False
SIAVL__ADEL,SIAVL,ADEL,neuron_to_neuron,cook_si5_and_fenyves,1.0,1.0,1.0,Cook2019_SI5,no pred,-,fenyves_no_pred_default_inhibitory,True,True,True,True,True,1.0,True
SIAVL__IL2L,SIAVL,IL2L,neuron_to_neuron,cook_si5_and_fenyves,1.0,1.0,1.0,Cook2019_SI5,no pred,-,fenyves_no_pred_default_inhibitory,True,True,True,True,True,1.0,True
SIAVL__PLNL,SIAVL,PLNL,neuron_to_neuron,cook_si5_and_fenyves,10.0,10.0,10.0,Cook2019_SI5,no pred,-,fenyves_no_pred_default_inhibitory,True,True,True,True,True,0.0,False
SIAVL__SIBVR,SIAVL,SIBVR,neuron_to_neuron,cook_si5_and_fenyves,2.0,2.0,2.0,Cook2019_SI5,complex,complex,fenyves_sign_prediction,True,True,True,True,True,0.0,False
SIAVL__SMBVL,SIAVL,SMBVL,neuron_to_neuron,cook_si5_and_fenyves,2.0,2.0,2.0,Cook2019_SI5,-,-,fenyves_sign_prediction,True,True,True,True,True,0.0,False
SIAVL__SMDVR,SIAVL,SMDVR,neuron_to_neuron,cook_si5_and_fenyves,10.0,10.0,10.0,Cook2019_SI5,complex,complex,fenyves_sign_prediction,True,True,True,True,True,0.0,False
SIAVL__vBWML10,SIAVL,vBWML10,neuron_to_non_neuron_or_muscle,cook_si5_only,4.0,4.0,,Cook2019_SI5,,-,missing_fenyves_default_inhibitory,True,True,False,True,False,0.0,False
SIAVL__vBWML11,SIAVL,vBWML11,neuron_to_non_neuron_or_muscle,cook_si5_only,4.0,4.0,,Cook2019_SI5,,-,missing_fenyves_default_inhibitory,True,True,False,True,False,0.0,False
SIAVL__vBWML12,SIAVL,vBWML12,neuron_to_non_neuron_or_muscle,cook_si5_only,4.0,4.0,,Cook2019_SI5,,-,missing_fenyves_default_inhibitory,True,True,False,True,False,0.0,False
SIAVL__vBWML13,SIAVL,vBWML13,neuron_to_non_neuron_or_muscle,cook_si5_only,4.0,4.0,,Cook2019_SI5,,-,missing_fenyves_default_inhibitory,True,True,False,True,False,0.0,False
SIAVL__vBWML14,SIAVL,vBWML14,neuron_to_non_neuron_or_muscle,cook_si5_only,4.0,4.0,,Cook2019_SI5,,-,missing_fenyves_default_inhibitory,True,True,False,True,False,0.0,False
SIAVL__vBWML15,SIAVL,vBWML15,neuron_to_non_neuron_or_muscle,cook_si5_only,4.0,4.0,,Cook2019_SI5,,-,missing_fenyves_default_inhibitory,True,True,False,True,False,0.0,False
SIAVL__vBWML16,SIAVL,vBWML16,neuron_to_non_neuron_or_muscle,cook_si5_only,1.0,1.0,,Cook2019_SI5,,-,missing_fenyves_default_inhibitory,True,True,False,True,False,0.0,False
SIAVL__vBWML5,SIAVL,vBWML5,neuron_to_non_neuron_or_muscle,cook_si5_only,4.0,4.0,,Cook2019_SI5,,-,missing_fenyves_default_inhibitory,True,True,False,True,False,0.0,False
SIAVL__vBWML6,SIAVL,vBWML6,neuron_to_non_neuron_or_muscle,cook_si5_only,1.0,1.0,,Cook2019_SI5,,-,missing_fenyves_default_inhibitory,True,True,False,True,False,0.0,False
SIAVL__vBWML7,SIAVL,vBWML7,neuron_to_non_neuron_or_muscle,cook_si5_only,4.0,4.0,,Cook2019_SI5,,-,missing_fenyves_default_inhibitory,True,True,False,True,False,0.0,False
SIAVL__vBWML8,SIAVL,vBWML8,neuron_to_non_neuron_or_muscle,cook_si5_only,5.0,5.0,,Cook2019_SI5,,-,missing_fenyves_default_inhibitory,True,True,False,True,False,0.0,False
SIAVL__vBWML9,SIAVL,vBWML9,neuron_to_non_neuron_or_muscle,cook_si5_only,4.0,4.0,,Cook2019_SI5,,-,missing_fenyves_default_inhibitory,True,True,False,True,False,0.0,False
SIAVR__PLNR,SIAVR,PLNR,neuron_to_neuron,cook_si5_and_fenyves,10.0,10.0,10.0,Cook2019_SI5,no pred,-,fenyves_no_pred_default_inhibitory,True,True,True,True,True,0.0,False
SIAVR__RMDL,SIAVR,RMDL,neuron_to_neuron,cook_si5_and_fenyves,1.0,1.0,1.0,Cook2019_SI5,-,-,fenyves_sign_prediction,True,True,True,True,True,1.0,True
SIAVR__SIBVL,SIAVR,SIBVL,neuron_to_neuron,cook_si5_and_fenyves,2.0,2.0,2.0,Cook2019_SI5,complex,complex,fenyves_sign_prediction,True,True,True,True,True,0.0,False
SIAVR__SMBVR,SIAVR,SMBVR,neuron_to_neuron,fenyves_only,2.0,,2.0,Fenyves2020_only,-,-,fenyves_only_connection_with_sign,True,True,True,False,True,0.0,False
SIAVR__SMDVL,SIAVR,SMDVL,neuron_to_neuron,fenyves_only,10.0,,10.0,Fenyves2020_only,complex,complex,fenyves_only_connection_with_sign,True,True,True,False,True,0.0,False
SIAVR__vBWMR10,SIAVR,vBWMR10,neuron_to_non_neuron_or_muscle,cook_si5_only,4.0,4.0,,Cook2019_SI5,,-,missing_fenyves_default_inhibitory,True,True,False,True,False,0.0,False
SIAVR__vBWMR11,SIAVR,vBWMR11,neuron_to_non_neuron_or_muscle,cook_si5_only,4.0,4.0,,Cook2019_SI5,,-,missing_fenyves_default_inhibitory,True,True,False,True,False,0.0,False
SIAVR__vBWMR12,SIAVR,vBWMR12,neuron_to_non_neuron_or_muscle,cook_si5_only,4.0,4.0,,Cook2019_SI5,,-,missing_fenyves_default_inhibitory,True,True,False,True,False,0.0,False
SIAVR__vBWMR13,SIAVR,vBWMR13,neuron_to_non_neuron_or_muscle,cook_si5_only,4.0,4.0,,Cook2019_SI5,,-,missing_fenyves_default_inhibitory,True,True,False,True,False,0.0,False
SIAVR__vBWMR14,SIAVR,vBWMR14,neuron_to_non_neuron_or_muscle,cook_si5_only,4.0,4.0,,Cook2019_SI5,,-,missing_fenyves_default_inhibitory,True,True,False,True,False,0.0,False
SIAVR__vBWMR15,SIAVR,vBWMR15,neuron_to_non_neuron_or_muscle,cook_si5_only,4.0,4.0,,Cook2019_SI5,,-,missing_fenyves_default_inhibitory,True,True,False,True,False,0.0,False
SIAVR__vBWMR16,SIAVR,vBWMR16,neuron_to_non_neuron_or_muscle,cook_si5_only,1.0,1.0,,Cook2019_SI5,,-,missing_fenyves_default_inhibitory,True,True,False,True,False,0.0,False
SIAVR__vBWMR5,SIAVR,vBWMR5,neuron_to_non_neuron_or_muscle,cook_si5_only,4.0,4.0,,Cook2019_SI5,,-,missing_fenyves_default_inhibitory,True,True,False,True,False,0.0,False
SIAVR__vBWMR6,SIAVR,vBWMR6,neuron_to_non_neuron_or_muscle,cook_si5_only,1.0,1.0,,Cook2019_SI5,,-,missing_fenyves_default_inhibitory,True,True,False,True,False,0.0,False
SIAVR__vBWMR7,SIAVR,vBWMR7,neuron_to_non_neuron_or_muscle,cook_si5_only,4.0,4.0,,Cook2019_SI5,,-,missing_fenyves_default_inhibitory,True,True,False,True,False,0.0,False
SIAVR__vBWMR8,SIAVR,vBWMR8,neuron_to_non_neuron_or_muscle,cook_si5_only,5.0,5.0,,Cook2019_SI5,,-,missing_fenyves_default_inhibitory,True,True,False,True,False,0.0,False
SIAVR__vBWMR9,SIAVR,vBWMR9,neuron_to_non_neuron_or_muscle,cook_si5_only,4.0,4.0,,Cook2019_SI5,,-,missing_fenyves_default_inhibitory,True,True,False,True,False,0.0,False
SIBDL__AQR,SIBDL,AQR,neuron_to_neuron,fenyves_only,1.0,,1.0,Fenyves2020_only,no pred,-,fenyves_no_pred_default_inhibitory,True,True,True,False,True,0.0,False
SIBDL__CEPDL,SIBDL,CEPDL,neuron_to_neuron,fenyves_only,1.0,,1.0,Fenyves2020_only,no pred,-,fenyves_no_pred_default_inhibitory,True,True,True,False,True,0.0,False
SIBDL__PVPL,SIBDL,PVPL,neuron_to_neuron,fenyves_only,1.0,,1.0,Fenyves2020_only,no pred,-,fenyves_no_pred_default_inhibitory,True,True,True,False,True,0.0,False
SIBDL__SIADL,SIBDL,SIADL,neuron_to_neuron,cook_si5_and_fenyves,2.0,2.0,2.0,Cook2019_SI5,complex,complex,fenyves_sign_prediction,True,True,True,True,True,0.0,False
SIBDL__SMBVL,SIBDL,SMBVL,neuron_to_neuron,fenyves_only,1.0,,1.0,Fenyves2020_only,-,-,fenyves_only_connection_with_sign,True,True,True,False,True,0.0,False
SIBDL__SMDDL,SIBDL,SMDDL,neuron_to_neuron,fenyves_only,10.0,,10.0,Fenyves2020_only,complex,complex,fenyves_only_connection_with_sign,True,True,True,False,True,0.0,False
SIBDL__dBWMR10,SIBDL,dBWMR10,neuron_to_non_neuron_or_muscle,cook_si5_only,3.0,3.0,,Cook2019_SI5,,-,missing_fenyves_default_inhibitory,True,True,False,True,False,0.0,False
SIBDL__dBWMR11,SIBDL,dBWMR11,neuron_to_non_neuron_or_muscle,cook_si5_only,3.0,3.0,,Cook2019_SI5,,-,missing_fenyves_default_inhibitory,True,True,False,True,False,0.0,False
SIBDL__dBWMR12,SIBDL,dBWMR12,neuron_to_non_neuron_or_muscle,cook_si5_only,3.0,3.0,,Cook2019_SI5,,-,missing_fenyves_default_inhibitory,True,True,False,True,False,0.0,False
SIBDL__dBWMR13,SIBDL,dBWMR13,neuron_to_non_neuron_or_muscle,cook_si5_only,3.0,3.0,,Cook2019_SI5,,-,missing_fenyves_default_inhibitory,True,True,False,True,False,0.0,False
SIBDL__dBWMR14,SIBDL,dBWMR14,neuron_to_non_neuron_or_muscle,cook_si5_only,3.0,3.0,,Cook2019_SI5,,-,missing_fenyves_default_inhibitory,True,True,False,True,False,0.0,False
SIBDL__dBWMR15,SIBDL,dBWMR15,neuron_to_non_neuron_or_muscle,cook_si5_only,3.0,3.0,,Cook2019_SI5,,-,missing_fenyves_default_inhibitory,True,True,False,True,False,0.0,False
SIBDL__dBWMR16,SIBDL,dBWMR16,neuron_to_non_neuron_or_muscle,cook_si5_only,1.0,1.0,,Cook2019_SI5,,-,missing_fenyves_default_inhibitory,True,True,False,True,False,0.0,False
SIBDL__dBWMR5,SIBDL,dBWMR5,neuron_to_non_neuron_or_muscle,cook_si5_only,3.0,3.0,,Cook2019_SI5,,-,missing_fenyves_default_inhibitory,True,True,False,True,False,0.0,False
SIBDL__dBWMR6,SIBDL,dBWMR6,neuron_to_non_neuron_or_muscle,cook_si5_only,1.0,1.0,,Cook2019_SI5,,-,missing_fenyves_default_inhibitory,True,True,False,True,False,0.0,False
SIBDL__dBWMR7,SIBDL,dBWMR7,neuron_to_non_neuron_or_muscle,cook_si5_only,3.0,3.0,,Cook2019_SI5,,-,missing_fenyves_default_inhibitory,True,True,False,True,False,0.0,False
SIBDL__dBWMR8,SIBDL,dBWMR8,neuron_to_non_neuron_or_muscle,cook_si5_only,4.0,4.0,,Cook2019_SI5,,-,missing_fenyves_default_inhibitory,True,True,False,True,False,0.0,False
SIBDL__dBWMR9,SIBDL,dBWMR9,neuron_to_non_neuron_or_muscle,cook_si5_only,3.0,3.0,,Cook2019_SI5,,-,missing_fenyves_default_inhibitory,True,True,False,True,False,0.0,False
SIBDR__SIADR,SIBDR,SIADR,neuron_to_neuron,cook_si5_and_fenyves,2.0,2.0,2.0,Cook2019_SI5,complex,complex,fenyves_sign_prediction,True,True,True,True,True,0.0,False
SIBDR__SMDDR,SIBDR,SMDDR,neuron_to_neuron,cook_si5_and_fenyves,10.0,10.0,10.0,Cook2019_SI5,complex,complex,fenyves_sign_prediction,True,True,True,True,True,0.0,False
SIBDR__dBWML10,SIBDR,dBWML10,neuron_to_non_neuron_or_muscle,cook_si5_only,3.0,3.0,,Cook2019_SI5,,-,missing_fenyves_default_inhibitory,True,True,False,True,False,0.0,False
SIBDR__dBWML11,SIBDR,dBWML11,neuron_to_non_neuron_or_muscle,cook_si5_only,3.0,3.0,,Cook2019_SI5,,-,missing_fenyves_default_inhibitory,True,True,False,True,False,0.0,False
SIBDR__dBWML12,SIBDR,dBWML12,neuron_to_non_neuron_or_muscle,cook_si5_only,3.0,3.0,,Cook2019_SI5,,-,missing_fenyves_default_inhibitory,True,True,False,True,False,0.0,False
SIBDR__dBWML13,SIBDR,dBWML13,neuron_to_non_neuron_or_muscle,cook_si5_only,3.0,3.0,,Cook2019_SI5,,-,missing_fenyves_default_inhibitory,True,True,False,True,False,0.0,False
SIBDR__dBWML14,SIBDR,dBWML14,neuron_to_non_neuron_or_muscle,cook_si5_only,3.0,3.0,,Cook2019_SI5,,-,missing_fenyves_default_inhibitory,True,True,False,True,False,0.0,False
SIBDR__dBWML15,SIBDR,dBWML15,neuron_to_non_neuron_or_muscle,cook_si5_only,3.0,3.0,,Cook2019_SI5,,-,missing_fenyves_default_inhibitory,True,True,False,True,False,0.0,False
SIBDR__dBWML16,SIBDR,dBWML16,neuron_to_non_neuron_or_muscle,cook_si5_only,1.0,1.0,,Cook2019_SI5,,-,missing_fenyves_default_inhibitory,True,True,False,True,False,0.0,False
SIBDR__dBWML5,SIBDR,dBWML5,neuron_to_non_neuron_or_muscle,cook_si5_only,3.0,3.0,,Cook2019_SI5,,-,missing_fenyves_default_inhibitory,True,True,False,True,False,0.0,False
SIBDR__dBWML6,SIBDR,dBWML6,neuron_to_non_neuron_or_muscle,cook_si5_only,1.0,1.0,,Cook2019_SI5,,-,missing_fenyves_default_inhibitory,True,True,False,True,False,0.0,False
SIBDR__dBWML7,SIBDR,dBWML7,neuron_to_non_neuron_or_muscle,cook_si5_only,3.0,3.0,,Cook2019_SI5,,-,missing_fenyves_default_inhibitory,True,True,False,True,False,0.0,False
SIBDR__dBWML8,SIBDR,dBWML8,neuron_to_non_neuron_or_muscle,cook_si5_only,4.0,4.0,,Cook2019_SI5,,-,missing_fenyves_default_inhibitory,True,True,False,True,False,0.0,False
SIBDR__dBWML9,SIBDR,dBWML9,neuron_to_non_neuron_or_muscle,cook_si5_only,3.0,3.0,,Cook2019_SI5,,-,missing_fenyves_default_inhibitory,True,True,False,True,False,0.0,False
SIBDR__dBWMR4,SIBDR,dBWMR4,neuron_to_non_neuron_or_muscle,cook_si5_only,1.0,1.0,,Cook2019_SI5,,-,missing_fenyves_default_inhibitory,True,True,False,True,False,0.0,False
SIBVL__ALNR,SIBVL,ALNR,neuron_to_neuron,cook_si5_and_fenyves,1.0,1.0,1.0,Cook2019_SI5,no pred,-,fenyves_no_pred_default_inhibitory,True,True,True,True,True,0.0,False
SIBVL__PVPL,SIBVL,PVPL,neuron_to_neuron,cook_si5_only,1.0,1.0,,Cook2019_SI5,,-,missing_fenyves_default_inhibitory,True,True,True,True,False,1.0,True
SIBVL__RMDDL,SIBVL,RMDDL,neuron_to_neuron,fenyves_only,1.0,,1.0,Fenyves2020_only,-,-,fenyves_only_connection_with_sign,True,True,True,False,True,0.0,False
SIBVL__RMGR,SIBVL,RMGR,neuron_to_neuron,fenyves_only,1.0,,1.0,Fenyves2020_only,no pred,-,fenyves_no_pred_default_inhibitory,True,True,True,False,True,0.0,False
SIBVL__SIAVR,SIBVL,SIAVR,neuron_to_neuron,cook_si5_and_fenyves,5.0,5.0,5.0,Cook2019_SI5,complex,complex,fenyves_sign_prediction,True,True,True,True,True,0.0,False
SIBVL__SMBDR,SIBVL,SMBDR,neuron_to_neuron,cook_si5_only,1.0,1.0,,Cook2019_SI5,,-,missing_fenyves_default_inhibitory,True,True,True,True,False,1.0,True
SIBVL__SMDDL,SIBVL,SMDDL,neuron_to_neuron,fenyves_only,1.0,,1.0,Fenyves2020_only,complex,complex,fenyves_only_connection_with_sign,True,True,True,False,True,0.0,False
SIBVL__SMDVL,SIBVL,SMDVL,neuron_to_neuron,fenyves_only,22.0,,22.0,Fenyves2020_only,complex,complex,fenyves_only_connection_with_sign,True,True,True,False,True,0.0,False
SIBVL__vBWML2,SIBVL,vBWML2,neuron_to_non_neuron_or_muscle,cook_si5_only,1.0,1.0,,Cook2019_SI5,,-,missing_fenyves_default_inhibitory,True,True,False,True,False,0.0,False
SIBVL__vBWMR10,SIBVL,vBWMR10,neuron_to_non_neuron_or_muscle,cook_si5_only,10.0,10.0,,Cook2019_SI5,,-,missing_fenyves_default_inhibitory,True,True,False,True,False,0.0,False
SIBVL__vBWMR11,SIBVL,vBWMR11,neuron_to_non_neuron_or_muscle,cook_si5_only,10.0,10.0,,Cook2019_SI5,,-,missing_fenyves_default_inhibitory,True,True,False,True,False,0.0,False
SIBVL__vBWMR12,SIBVL,vBWMR12,neuron_to_non_neuron_or_muscle,cook_si5_only,10.0,10.0,,Cook2019_SI5,,-,missing_fenyves_default_inhibitory,True,True,False,True,False,0.0,False
SIBVL__vBWMR13,SIBVL,vBWMR13,neuron_to_non_neuron_or_muscle,cook_si5_only,10.0,10.0,,Cook2019_SI5,,-,missing_fenyves_default_inhibitory,True,True,False,True,False,0.0,False
SIBVL__vBWMR14,SIBVL,vBWMR14,neuron_to_non_neuron_or_muscle,cook_si5_only,10.0,10.0,,Cook2019_SI5,,-,missing_fenyves_default_inhibitory,True,True,False,True,False,0.0,False
SIBVL__vBWMR15,SIBVL,vBWMR15,neuron_to_non_neuron_or_muscle,cook_si5_only,10.0,10.0,,Cook2019_SI5,,-,missing_fenyves_default_inhibitory,True,True,False,True,False,0.0,False
SIBVL__vBWMR16,SIBVL,vBWMR16,neuron_to_non_neuron_or_muscle,cook_si5_only,4.0,4.0,,Cook2019_SI5,,-,missing_fenyves_default_inhibitory,True,True,False,True,False,0.0,False
SIBVL__vBWMR5,SIBVL,vBWMR5,neuron_to_non_neuron_or_muscle,cook_si5_only,10.0,10.0,,Cook2019_SI5,,-,missing_fenyves_default_inhibitory,True,True,False,True,False,0.0,False
SIBVL__vBWMR6,SIBVL,vBWMR6,neuron_to_non_neuron_or_muscle,cook_si5_only,3.0,3.0,,Cook2019_SI5,,-,missing_fenyves_default_inhibitory,True,True,False,True,False,0.0,False
SIBVL__vBWMR7,SIBVL,vBWMR7,neuron_to_non_neuron_or_muscle,cook_si5_only,10.0,10.0,,Cook2019_SI5,,-,missing_fenyves_default_inhibitory,True,True,False,True,False,0.0,False
SIBVL__vBWMR8,SIBVL,vBWMR8,neuron_to_non_neuron_or_muscle,cook_si5_only,13.0,13.0,,Cook2019_SI5,,-,missing_fenyves_default_inhibitory,True,True,False,True,False,0.0,False
SIBVL__vBWMR9,SIBVL,vBWMR9,neuron_to_non_neuron_or_muscle,cook_si5_only,10.0,10.0,,Cook2019_SI5,,-,missing_fenyves_default_inhibitory,True,True,False,True,False,0.0,False
SIBVR__ADLR,SIBVR,ADLR,neuron_to_neuron,fenyves_only,3.0,,3.0,Fenyves2020_only,no pred,-,fenyves_no_pred_default_inhibitory,True,True,True,False,True,0.0,False
SIBVR__AVDR,SIBVR,AVDR,neuron_to_neuron,cook_si5_only,1.0,1.0,,Cook2019_SI5,,-,missing_fenyves_default_inhibitory,True,True,True,True,False,0.0,False
SIBVR__OLQVR,SIBVR,OLQVR,neuron_to_neuron,fenyves_only,1.0,,1.0,Fenyves2020_only,no pred,-,fenyves_no_pred_default_inhibitory,True,True,True,False,True,0.0,False
SIBVR__PLNL,SIBVR,PLNL,neuron_to_neuron,fenyves_only,1.0,,1.0,Fenyves2020_only,no pred,-,fenyves_no_pred_default_inhibitory,True,True,True,False,True,0.0,False
SIBVR__RICL,SIBVR,RICL,neuron_to_neuron,fenyves_only,3.0,,3.0,Fenyves2020_only,no pred,-,fenyves_no_pred_default_inhibitory,True,True,True,False,True,0.0,False
SIBVR__RID,SIBVR,RID,neuron_to_neuron,cook_si5_only,1.0,1.0,,Cook2019_SI5,,-,missing_fenyves_default_inhibitory,True,True,True,True,False,0.0,False
SIBVR__RMHR,SIBVR,RMHR,neuron_to_neuron,fenyves_only,1.0,,1.0,Fenyves2020_only,no pred,-,fenyves_no_pred_default_inhibitory,True,True,True,False,True,0.0,False
SIBVR__SIAVL,SIBVR,SIAVL,neuron_to_neuron,cook_si5_and_fenyves,5.0,5.0,5.0,Cook2019_SI5,complex,complex,fenyves_sign_prediction,True,True,True,True,True,0.0,False
SIBVR__SIAVR,SIBVR,SIAVR,neuron_to_neuron,fenyves_only,1.0,,1.0,Fenyves2020_only,complex,complex,fenyves_only_connection_with_sign,True,True,True,False,True,0.0,False
SIBVR__SMDVR,SIBVR,SMDVR,neuron_to_neuron,fenyves_only,22.0,,22.0,Fenyves2020_only,complex,complex,fenyves_only_connection_with_sign,True,True,True,False,True,0.0,False
SIBVR__dBWMR4,SIBVR,dBWMR4,neuron_to_non_neuron_or_muscle,cook_si5_only,1.0,1.0,,Cook2019_SI5,,-,missing_fenyves_default_inhibitory,True,True,False,True,False,0.0,False
SIBVR__vBWML10,SIBVR,vBWML10,neuron_to_non_neuron_or_muscle,cook_si5_only,10.0,10.0,,Cook2019_SI5,,-,missing_fenyves_default_inhibitory,True,True,False,True,False,0.0,False
SIBVR__vBWML11,SIBVR,vBWML11,neuron_to_non_neuron_or_muscle,cook_si5_only,10.0,10.0,,Cook2019_SI5,,-,missing_fenyves_default_inhibitory,True,True,False,True,False,0.0,False
SIBVR__vBWML12,SIBVR,vBWML12,neuron_to_non_neuron_or_muscle,cook_si5_only,10.0,10.0,,Cook2019_SI5,,-,missing_fenyves_default_inhibitory,True,True,False,True,False,0.0,False
SIBVR__vBWML13,SIBVR,vBWML13,neuron_to_non_neuron_or_muscle,cook_si5_only,10.0,10.0,,Cook2019_SI5,,-,missing_fenyves_default_inhibitory,True,True,False,True,False,0.0,False
SIBVR__vBWML14,SIBVR,vBWML14,neuron_to_non_neuron_or_muscle,cook_si5_only,10.0,10.0,,Cook2019_SI5,,-,missing_fenyves_default_inhibitory,True,True,False,True,False,0.0,False
SIBVR__vBWML15,SIBVR,vBWML15,neuron_to_non_neuron_or_muscle,cook_si5_only,10.0,10.0,,Cook2019_SI5,,-,missing_fenyves_default_inhibitory,True,True,False,True,False,0.0,False
SIBVR__vBWML16,SIBVR,vBWML16,neuron_to_non_neuron_or_muscle,cook_si5_only,4.0,4.0,,Cook2019_SI5,,-,missing_fenyves_default_inhibitory,True,True,False,True,False,0.0,False
SIBVR__vBWML5,SIBVR,vBWML5,neuron_to_non_neuron_or_muscle,cook_si5_only,10.0,10.0,,Cook2019_SI5,,-,missing_fenyves_default_inhibitory,True,True,False,True,False,0.0,False
SIBVR__vBWML6,SIBVR,vBWML6,neuron_to_non_neuron_or_muscle,cook_si5_only,3.0,3.0,,Cook2019_SI5,,-,missing_fenyves_default_inhibitory,True,True,False,True,False,0.0,False
SIBVR__vBWML7,SIBVR,vBWML7,neuron_to_non_neuron_or_muscle,cook_si5_only,10.0,10.0,,Cook2019_SI5,,-,missing_fenyves_default_inhibitory,True,True,False,True,False,0.0,False
SIBVR__vBWML8,SIBVR,vBWML8,neuron_to_non_neuron_or_muscle,cook_si5_only,13.0,13.0,,Cook2019_SI5,,-,missing_fenyves_default_inhibitory,True,True,False,True,False,0.0,False
SIBVR__vBWML9,SIBVR,vBWML9,neuron_to_non_neuron_or_muscle,cook_si5_only,10.0,10.0,,Cook2019_SI5,,-,missing_fenyves_default_inhibitory,True,True,False,True,False,0.0,False
SMBDL__AIZL,SMBDL,AIZL,neuron_to_neuron,cook_si5_and_fenyves,1.0,1.0,1.0,Cook2019_SI5,-,-,fenyves_sign_prediction,True,True,True,True,True,1.0,True
SMBDL__ALNR,SMBDL,ALNR,neuron_to_neuron,cook_si5_and_fenyves,1.0,1.0,1.0,Cook2019_SI5,no pred,-,fenyves_no_pred_default_inhibitory,True,True,True,True,True,1.0,True
SMBDL__RIH,SMBDL,RIH,neuron_to_neuron,cook_si5_and_fenyves,2.0,2.0,2.0,Cook2019_SI5,-,-,fenyves_sign_prediction,True,True,True,True,True,1.0,True
SMBDL__RMED,SMBDL,RMED,neuron_to_neuron,cook_si5_and_fenyves,4.0,4.0,4.0,Cook2019_SI5,+,+,fenyves_sign_prediction,True,True,True,True,True,3.0,True
SMBDL__SAAVR,SMBDL,SAAVR,neuron_to_neuron,cook_si5_and_fenyves,9.0,9.0,9.0,Cook2019_SI5,complex,complex,fenyves_sign_prediction,True,True,True,True,True,4.0,True
SMBDL__SDQR,SMBDL,SDQR,neuron_to_neuron,cook_si5_and_fenyves,18.0,18.0,18.0,Cook2019_SI5,+,+,fenyves_sign_prediction,True,True,True,True,True,0.0,False
SMBDL__SIADL,SMBDL,SIADL,neuron_to_neuron,cook_si5_and_fenyves,19.0,19.0,19.0,Cook2019_SI5,complex,complex,fenyves_sign_prediction,True,True,True,True,True,1.0,True
SMBDL__SIAVL,SMBDL,SIAVL,neuron_to_neuron,cook_si5_and_fenyves,3.0,3.0,3.0,Cook2019_SI5,complex,complex,fenyves_sign_prediction,True,True,True,True,True,2.0,True
SMBDL__SMBVL,SMBDL,SMBVL,neuron_to_neuron,cook_si5_and_fenyves,2.0,2.0,2.0,Cook2019_SI5,-,-,fenyves_sign_prediction,True,True,True,True,True,2.0,True
SMBDL__SMDDL,SMBDL,SMDDL,neuron_to_neuron,cook_si5_and_fenyves,7.0,7.0,7.0,Cook2019_SI5,complex,complex,fenyves_sign_prediction,True,True,True,True,True,1.0,True
SMBDL__dBWMR1,SMBDL,dBWMR1,neuron_to_non_neuron_or_muscle,cook_si5_only,4.0,4.0,,Cook2019_SI5,,-,missing_fenyves_default_inhibitory,True,True,False,True,False,4.0,True
SMBDL__dBWMR10,SMBDL,dBWMR10,neuron_to_non_neuron_or_muscle,cook_si5_only,9.0,9.0,,Cook2019_SI5,,-,missing_fenyves_default_inhibitory,True,True,False,True,False,0.0,False
SMBDL__dBWMR11,SMBDL,dBWMR11,neuron_to_non_neuron_or_muscle,cook_si5_only,9.0,9.0,,Cook2019_SI5,,-,missing_fenyves_default_inhibitory,True,True,False,True,False,0.0,False
SMBDL__dBWMR12,SMBDL,dBWMR12,neuron_to_non_neuron_or_muscle,cook_si5_only,9.0,9.0,,Cook2019_SI5,,-,missing_fenyves_default_inhibitory,True,True,False,True,False,0.0,False
SMBDL__dBWMR13,SMBDL,dBWMR13,neuron_to_non_neuron_or_muscle,cook_si5_only,9.0,9.0,,Cook2019_SI5,,-,missing_fenyves_default_inhibitory,True,True,False,True,False,0.0,False
SMBDL__dBWMR14,SMBDL,dBWMR14,neuron_to_non_neuron_or_muscle,cook_si5_only,9.0,9.0,,Cook2019_SI5,,-,missing_fenyves_default_inhibitory,True,True,False,True,False,0.0,False
SMBDL__dBWMR15,SMBDL,dBWMR15,neuron_to_non_neuron_or_muscle,cook_si5_only,9.0,9.0,,Cook2019_SI5,,-,missing_fenyves_default_inhibitory,True,True,False,True,False,0.0,False
SMBDL__dBWMR16,SMBDL,dBWMR16,neuron_to_non_neuron_or_muscle,cook_si5_only,3.0,3.0,,Cook2019_SI5,,-,missing_fenyves_default_inhibitory,True,True,False,True,False,0.0,False
SMBDL__dBWMR2,SMBDL,dBWMR2,neuron_to_non_neuron_or_muscle,cook_si5_only,11.0,11.0,,Cook2019_SI5,,-,missing_fenyves_default_inhibitory,True,True,False,True,False,8.0,True
SMBDL__dBWMR3,SMBDL,dBWMR3,neuron_to_non_neuron_or_muscle,cook_si5_only,6.0,6.0,,Cook2019_SI5,,-,missing_fenyves_default_inhibitory,True,True,False,True,False,2.0,True
SMBDL__dBWMR4,SMBDL,dBWMR4,neuron_to_non_neuron_or_muscle,cook_si5_only,9.0,9.0,,Cook2019_SI5,,-,missing_fenyves_default_inhibitory,True,True,False,True,False,4.0,True
SMBDL__dBWMR5,SMBDL,dBWMR5,neuron_to_non_neuron_or_muscle,cook_si5_only,9.0,9.0,,Cook2019_SI5,,-,missing_fenyves_default_inhibitory,True,True,False,True,False,0.0,False
SMBDL__dBWMR6,SMBDL,dBWMR6,neuron_to_non_neuron_or_muscle,cook_si5_only,10.0,10.0,,Cook2019_SI5,,-,missing_fenyves_default_inhibitory,True,True,False,True,False,6.0,True
SMBDL__dBWMR7,SMBDL,dBWMR7,neuron_to_non_neuron_or_muscle,cook_si5_only,9.0,9.0,,Cook2019_SI5,,-,missing_fenyves_default_inhibitory,True,True,False,True,False,0.0,False
SMBDL__dBWMR8,SMBDL,dBWMR8,neuron_to_non_neuron_or_muscle,cook_si5_only,12.0,12.0,,Cook2019_SI5,,-,missing_fenyves_default_inhibitory,True,True,False,True,False,0.0,False
SMBDL__dBWMR9,SMBDL,dBWMR9,neuron_to_non_neuron_or_muscle,cook_si5_only,9.0,9.0,,Cook2019_SI5,,-,missing_fenyves_default_inhibitory,True,True,False,True,False,0.0,False
SMBDR__ALNL,SMBDR,ALNL,neuron_to_neuron,cook_si5_and_fenyves,5.0,5.0,5.0,Cook2019_SI5,no pred,-,fenyves_no_pred_default_inhibitory,True,True,True,True,True,3.0,True
SMBDR__AVAL,SMBDR,AVAL,neuron_to_neuron,cook_si5_and_fenyves,1.0,1.0,1.0,Cook2019_SI5,complex,complex,fenyves_sign_prediction,True,True,True,True,True,1.0,True
SMBDR__RIVL,SMBDR,RIVL,neuron_to_neuron,cook_si5_and_fenyves,1.0,1.0,1.0,Cook2019_SI5,-,-,fenyves_sign_prediction,True,True,True,True,True,1.0,True
SMBDR__RMED,SMBDR,RMED,neuron_to_neuron,cook_si5_and_fenyves,25.0,25.0,25.0,Cook2019_SI5,+,+,fenyves_sign_prediction,True,True,True,True,True,10.0,True
SMBDR__SAAVL,SMBDR,SAAVL,neuron_to_neuron,cook_si5_and_fenyves,8.0,8.0,8.0,Cook2019_SI5,complex,complex,fenyves_sign_prediction,True,True,True,True,True,6.0,True
SMBDR__SDQL,SMBDR,SDQL,neuron_to_neuron,cook_si5_and_fenyves,18.0,18.0,18.0,Cook2019_SI5,+,+,fenyves_sign_prediction,True,True,True,True,True,0.0,False
SMBDR__SIADR,SMBDR,SIADR,neuron_to_neuron,cook_si5_and_fenyves,20.0,20.0,20.0,Cook2019_SI5,complex,complex,fenyves_sign_prediction,True,True,True,True,True,2.0,True
SMBDR__SIAVR,SMBDR,SIAVR,neuron_to_neuron,cook_si5_and_fenyves,1.0,1.0,1.0,Cook2019_SI5,complex,complex,fenyves_sign_prediction,True,True,True,True,True,1.0,True
SMBDR__SMBDL,SMBDR,SMBDL,neuron_to_neuron,cook_si5_and_fenyves,3.0,3.0,3.0,Cook2019_SI5,-,-,fenyves_sign_prediction,True,True,True,True,True,1.0,True
SMBDR__SMDDR,SMBDR,SMDDR,neuron_to_neuron,cook_si5_and_fenyves,4.0,4.0,4.0,Cook2019_SI5,complex,complex,fenyves_sign_prediction,True,True,True,True,True,0.0,False
SMBDR__dBWML1,SMBDR,dBWML1,neuron_to_non_neuron_or_muscle,cook_si5_only,5.0,5.0,,Cook2019_SI5,,-,missing_fenyves_default_inhibitory,True,True,False,True,False,1.0,True
SMBDR__dBWML10,SMBDR,dBWML10,neuron_to_non_neuron_or_muscle,cook_si5_only,9.0,9.0,,Cook2019_SI5,,-,missing_fenyves_default_inhibitory,True,True,False,True,False,0.0,False
SMBDR__dBWML11,SMBDR,dBWML11,neuron_to_non_neuron_or_muscle,cook_si5_only,9.0,9.0,,Cook2019_SI5,,-,missing_fenyves_default_inhibitory,True,True,False,True,False,0.0,False
SMBDR__dBWML12,SMBDR,dBWML12,neuron_to_non_neuron_or_muscle,cook_si5_only,9.0,9.0,,Cook2019_SI5,,-,missing_fenyves_default_inhibitory,True,True,False,True,False,0.0,False
SMBDR__dBWML13,SMBDR,dBWML13,neuron_to_non_neuron_or_muscle,cook_si5_only,9.0,9.0,,Cook2019_SI5,,-,missing_fenyves_default_inhibitory,True,True,False,True,False,0.0,False
SMBDR__dBWML14,SMBDR,dBWML14,neuron_to_non_neuron_or_muscle,cook_si5_only,9.0,9.0,,Cook2019_SI5,,-,missing_fenyves_default_inhibitory,True,True,False,True,False,0.0,False
SMBDR__dBWML15,SMBDR,dBWML15,neuron_to_non_neuron_or_muscle,cook_si5_only,9.0,9.0,,Cook2019_SI5,,-,missing_fenyves_default_inhibitory,True,True,False,True,False,0.0,False
SMBDR__dBWML16,SMBDR,dBWML16,neuron_to_non_neuron_or_muscle,cook_si5_only,3.0,3.0,,Cook2019_SI5,,-,missing_fenyves_default_inhibitory,True,True,False,True,False,0.0,False
SMBDR__dBWML2,SMBDR,dBWML2,neuron_to_non_neuron_or_muscle,cook_si5_only,11.0,11.0,,Cook2019_SI5,,-,missing_fenyves_default_inhibitory,True,True,False,True,False,4.0,True
SMBDR__dBWML4,SMBDR,dBWML4,neuron_to_non_neuron_or_muscle,cook_si5_only,3.0,3.0,,Cook2019_SI5,,-,missing_fenyves_default_inhibitory,True,True,False,True,False,0.0,False
SMBDR__dBWML5,SMBDR,dBWML5,neuron_to_non_neuron_or_muscle,cook_si5_only,20.0,20.0,,Cook2019_SI5,,-,missing_fenyves_default_inhibitory,True,True,False,True,False,2.0,True
SMBDR__dBWML6,SMBDR,dBWML6,neuron_to_non_neuron_or_muscle,cook_si5_only,7.0,7.0,,Cook2019_SI5,,-,missing_fenyves_default_inhibitory,True,True,False,True,False,4.0,True
SMBDR__dBWML7,SMBDR,dBWML7,neuron_to_non_neuron_or_muscle,cook_si5_only,9.0,9.0,,Cook2019_SI5,,-,missing_fenyves_default_inhibitory,True,True,False,True,False,0.0,False
SMBDR__dBWML8,SMBDR,dBWML8,neuron_to_non_neuron_or_muscle,cook_si5_only,12.0,12.0,,Cook2019_SI5,,-,missing_fenyves_default_inhibitory,True,True,False,True,False,0.0,False
SMBDR__dBWML9,SMBDR,dBWML9,neuron_to_non_neuron_or_muscle,cook_si5_only,9.0,9.0,,Cook2019_SI5,,-,missing_fenyves_default_inhibitory,True,True,False,True,False,0.0,False
SMBDR__dBWMR1,SMBDR,dBWMR1,neuron_to_non_neuron_or_muscle,cook_si5_only,3.0,3.0,,Cook2019_SI5,,-,missing_fenyves_default_inhibitory,True,True,False,True,False,1.0,True
SMBDR__dBWMR2,SMBDR,dBWMR2,neuron_to_non_neuron_or_muscle,cook_si5_only,3.0,3.0,,Cook2019_SI5,,-,missing_fenyves_default_inhibitory,True,True,False,True,False,1.0,True
SMBDR__dBWMR7,SMBDR,dBWMR7,neuron_to_non_neuron_or_muscle,cook_si5_only,9.0,9.0,,Cook2019_SI5,,-,missing_fenyves_default_inhibitory,True,True,False,True,False,4.0,True
SMBVL__AIML,SMBVL,AIML,neuron_to_neuron,cook_si5_and_fenyves,1.0,1.0,1.0,Cook2019_SI5,no pred,-,fenyves_no_pred_default_inhibitory,True,True,True,True,True,1.0,True
SMBVL__AVBR,SMBVL,AVBR,neuron_to_neuron,cook_si5_and_fenyves,1.0,1.0,1.0,Cook2019_SI5,+,+,fenyves_sign_prediction,True,True,True,True,True,1.0,True
SMBVL__AVFL,SMBVL,AVFL,neuron_to_neuron,cook_si5_and_fenyves,1.0,1.0,1.0,Cook2019_SI5,no pred,-,fenyves_no_pred_default_inhibitory,True,True,True,True,True,1.0,True
SMBVL__AVHR,SMBVL,AVHR,neuron_to_neuron,cook_si5_and_fenyves,1.0,1.0,1.0,Cook2019_SI5,no pred,-,fenyves_no_pred_default_inhibitory,True,True,True,True,True,1.0,True
SMBVL__AVJR,SMBVL,AVJR,neuron_to_neuron,cook_si5_and_fenyves,1.0,1.0,1.0,Cook2019_SI5,no pred,-,fenyves_no_pred_default_inhibitory,True,True,True,True,True,1.0,True
SMBVL__PLNL,SMBVL,PLNL,neuron_to_neuron,cook_si5_and_fenyves,5.0,5.0,5.0,Cook2019_SI5,no pred,-,fenyves_no_pred_default_inhibitory,True,True,True,True,True,2.0,True
SMBVL__PLNR,SMBVL,PLNR,neuron_to_neuron,fenyves_only,2.0,,2.0,Fenyves2020_only,no pred,-,fenyves_no_pred_default_inhibitory,True,True,True,False,True,0.0,False
SMBVL__PVPL,SMBVL,PVPL,neuron_to_neuron,cook_si5_and_fenyves,1.0,1.0,1.0,Cook2019_SI5,no pred,-,fenyves_no_pred_default_inhibitory,True,True,True,True,True,1.0,True
SMBVL__RMDVR,SMBVL,RMDVR,neuron_to_neuron,cook_si5_and_fenyves,1.0,1.0,1.0,Cook2019_SI5,-,-,fenyves_sign_prediction,True,True,True,True,True,1.0,True
SMBVL__RMEV,SMBVL,RMEV,neuron_to_neuron,cook_si5_and_fenyves,20.0,20.0,20.0,Cook2019_SI5,+,+,fenyves_sign_prediction,True,True,True,True,True,10.0,True
SMBVL__SAADL,SMBVL,SAADL,neuron_to_neuron,cook_si5_and_fenyves,16.0,16.0,16.0,Cook2019_SI5,complex,complex,fenyves_sign_prediction,True,True,True,True,True,5.0,True
SMBVL__SIAVL,SMBVL,SIAVL,neuron_to_neuron,cook_si5_and_fenyves,1.0,1.0,1.0,Cook2019_SI5,complex,complex,fenyves_sign_prediction,True,True,True,True,True,0.0,False
SMBVL__SMBDL,SMBVL,SMBDL,neuron_to_neuron,cook_si5_and_fenyves,2.0,2.0,2.0,Cook2019_SI5,-,-,fenyves_sign_prediction,True,True,True,True,True,1.0,True
SMBVL__exc_gl,SMBVL,exc_gl,neuron_to_non_neuron_or_muscle,cook_si5_only,3.0,3.0,,Cook2019_SI5,,-,missing_fenyves_default_inhibitory,True,True,False,True,False,1.0,True
SMBVL__hyp,SMBVL,hyp,neuron_to_non_neuron_or_muscle,cook_si5_only,2.0,2.0,,Cook2019_SI5,,-,missing_fenyves_default_inhibitory,True,True,False,True,False,1.0,True
SMBVL__vBWML1,SMBVL,vBWML1,neuron_to_non_neuron_or_muscle,cook_si5_only,3.0,3.0,,Cook2019_SI5,,-,missing_fenyves_default_inhibitory,True,True,False,True,False,1.0,True
SMBVL__vBWML10,SMBVL,vBWML10,neuron_to_non_neuron_or_muscle,cook_si5_only,2.0,2.0,,Cook2019_SI5,,-,missing_fenyves_default_inhibitory,True,True,False,True,False,0.0,False
SMBVL__vBWML11,SMBVL,vBWML11,neuron_to_non_neuron_or_muscle,cook_si5_only,2.0,2.0,,Cook2019_SI5,,-,missing_fenyves_default_inhibitory,True,True,False,True,False,0.0,False
SMBVL__vBWML12,SMBVL,vBWML12,neuron_to_non_neuron_or_muscle,cook_si5_only,2.0,2.0,,Cook2019_SI5,,-,missing_fenyves_default_inhibitory,True,True,False,True,False,0.0,False
SMBVL__vBWML13,SMBVL,vBWML13,neuron_to_non_neuron_or_muscle,cook_si5_only,2.0,2.0,,Cook2019_SI5,,-,missing_fenyves_default_inhibitory,True,True,False,True,False,0.0,False
SMBVL__vBWML14,SMBVL,vBWML14,neuron_to_non_neuron_or_muscle,cook_si5_only,2.0,2.0,,Cook2019_SI5,,-,missing_fenyves_default_inhibitory,True,True,False,True,False,0.0,False
SMBVL__vBWML15,SMBVL,vBWML15,neuron_to_non_neuron_or_muscle,cook_si5_only,2.0,2.0,,Cook2019_SI5,,-,missing_fenyves_default_inhibitory,True,True,False,True,False,0.0,False
SMBVL__vBWML16,SMBVL,vBWML16,neuron_to_non_neuron_or_muscle,cook_si5_only,1.0,1.0,,Cook2019_SI5,,-,missing_fenyves_default_inhibitory,True,True,False,True,False,0.0,False
SMBVL__vBWML2,SMBVL,vBWML2,neuron_to_non_neuron_or_muscle,cook_si5_only,8.0,8.0,,Cook2019_SI5,,-,missing_fenyves_default_inhibitory,True,True,False,True,False,2.0,True
SMBVL__vBWML3,SMBVL,vBWML3,neuron_to_non_neuron_or_muscle,cook_si5_only,5.0,5.0,,Cook2019_SI5,,-,missing_fenyves_default_inhibitory,True,True,False,True,False,0.0,False
SMBVL__vBWML4,SMBVL,vBWML4,neuron_to_non_neuron_or_muscle,cook_si5_only,6.0,6.0,,Cook2019_SI5,,-,missing_fenyves_default_inhibitory,True,True,False,True,False,3.0,True
SMBVL__vBWML5,SMBVL,vBWML5,neuron_to_non_neuron_or_muscle,cook_si5_only,5.0,5.0,,Cook2019_SI5,,-,missing_fenyves_default_inhibitory,True,True,False,True,False,1.0,True
SMBVL__vBWML6,SMBVL,vBWML6,neuron_to_non_neuron_or_muscle,cook_si5_only,17.0,17.0,,Cook2019_SI5,,-,missing_fenyves_default_inhibitory,True,True,False,True,False,9.0,True
SMBVL__vBWML7,SMBVL,vBWML7,neuron_to_non_neuron_or_muscle,cook_si5_only,9.0,9.0,,Cook2019_SI5,,-,missing_fenyves_default_inhibitory,True,True,False,True,False,3.0,True
SMBVL__vBWML8,SMBVL,vBWML8,neuron_to_non_neuron_or_muscle,cook_si5_only,2.0,2.0,,Cook2019_SI5,,-,missing_fenyves_default_inhibitory,True,True,False,True,False,0.0,False
SMBVL__vBWML9,SMBVL,vBWML9,neuron_to_non_neuron_or_muscle,cook_si5_only,2.0,2.0,,Cook2019_SI5,,-,missing_fenyves_default_inhibitory,True,True,False,True,False,0.0,False
SMBVR__ADLR,SMBVR,ADLR,neuron_to_neuron,cook_si5_and_fenyves,2.0,2.0,2.0,Cook2019_SI5,no pred,-,fenyves_no_pred_default_inhibitory,True,True,True,True,True,2.0,True
SMBVR__AVHL,SMBVR,AVHL,neuron_to_neuron,cook_si5_and_fenyves,2.0,2.0,2.0,Cook2019_SI5,no pred,-,fenyves_no_pred_default_inhibitory,True,True,True,True,True,2.0,True
SMBVR__CEPVR,SMBVR,CEPVR,neuron_to_neuron,cook_si5_and_fenyves,8.0,8.0,8.0,Cook2019_SI5,no pred,-,fenyves_no_pred_default_inhibitory,True,True,True,True,True,3.0,True
SMBVR__PLNL,SMBVR,PLNL,neuron_to_neuron,fenyves_only,5.0,,5.0,Fenyves2020_only,no pred,-,fenyves_no_pred_default_inhibitory,True,True,True,False,True,0.0,False
SMBVR__PLNR,SMBVR,PLNR,neuron_to_neuron,cook_si5_and_fenyves,5.0,5.0,5.0,Cook2019_SI5,no pred,-,fenyves_no_pred_default_inhibitory,True,True,True,True,True,4.0,True
SMBVR__PVR,SMBVR,PVR,neuron_to_neuron,cook_si5_and_fenyves,2.0,2.0,2.0,Cook2019_SI5,no pred,-,fenyves_no_pred_default_inhibitory,True,True,True,True,True,0.0,False
SMBVR__RIAR,SMBVR,RIAR,neuron_to_neuron,cook_si5_and_fenyves,1.0,1.0,1.0,Cook2019_SI5,-,-,fenyves_sign_prediction,True,True,True,True,True,1.0,True
SMBVR__RMDL,SMBVR,RMDL,neuron_to_neuron,cook_si5_and_fenyves,2.0,2.0,2.0,Cook2019_SI5,-,-,fenyves_sign_prediction,True,True,True,True,True,1.0,True
SMBVR__RMDR,SMBVR,RMDR,neuron_to_neuron,cook_si5_and_fenyves,3.0,3.0,3.0,Cook2019_SI5,-,-,fenyves_sign_prediction,True,True,True,True,True,2.0,True
SMBVR__RMEV,SMBVR,RMEV,neuron_to_neuron,cook_si5_and_fenyves,8.0,8.0,8.0,Cook2019_SI5,+,+,fenyves_sign_prediction,True,True,True,True,True,4.0,True
SMBVR__RMGR,SMBVR,RMGR,neuron_to_neuron,cook_si5_and_fenyves,3.0,3.0,3.0,Cook2019_SI5,no pred,-,fenyves_no_pred_default_inhibitory,True,True,True,True,True,2.0,True
SMBVR__SAADR,SMBVR,SAADR,neuron_to_neuron,cook_si5_and_fenyves,12.0,12.0,12.0,Cook2019_SI5,complex,complex,fenyves_sign_prediction,True,True,True,True,True,7.0,True
SMBVR__SIAVR,SMBVR,SIAVR,neuron_to_neuron,cook_si5_and_fenyves,1.0,1.0,1.0,Cook2019_SI5,complex,complex,fenyves_sign_prediction,True,True,True,True,True,0.0,False
SMBVR__SMBDR,SMBVR,SMBDR,neuron_to_neuron,cook_si5_and_fenyves,2.0,2.0,2.0,Cook2019_SI5,-,-,fenyves_sign_prediction,True,True,True,True,True,2.0,True
SMBVR__dBWMR4,SMBVR,dBWMR4,neuron_to_non_neuron_or_muscle,cook_si5_only,1.0,1.0,,Cook2019_SI5,,-,missing_fenyves_default_inhibitory,True,True,False,True,False,1.0,True
SMBVR__vBWMR1,SMBVR,vBWMR1,neuron_to_non_neuron_or_muscle,cook_si5_only,7.0,7.0,,Cook2019_SI5,,-,missing_fenyves_default_inhibitory,True,True,False,True,False,1.0,True
SMBVR__vBWMR10,SMBVR,vBWMR10,neuron_to_non_neuron_or_muscle,cook_si5_only,2.0,2.0,,Cook2019_SI5,,-,missing_fenyves_default_inhibitory,True,True,False,True,False,0.0,False
SMBVR__vBWMR11,SMBVR,vBWMR11,neuron_to_non_neuron_or_muscle,cook_si5_only,2.0,2.0,,Cook2019_SI5,,-,missing_fenyves_default_inhibitory,True,True,False,True,False,0.0,False
SMBVR__vBWMR12,SMBVR,vBWMR12,neuron_to_non_neuron_or_muscle,cook_si5_only,2.0,2.0,,Cook2019_SI5,,-,missing_fenyves_default_inhibitory,True,True,False,True,False,0.0,False
SMBVR__vBWMR13,SMBVR,vBWMR13,neuron_to_non_neuron_or_muscle,cook_si5_only,2.0,2.0,,Cook2019_SI5,,-,missing_fenyves_default_inhibitory,True,True,False,True,False,0.0,False
SMBVR__vBWMR14,SMBVR,vBWMR14,neuron_to_non_neuron_or_muscle,cook_si5_only,2.0,2.0,,Cook2019_SI5,,-,missing_fenyves_default_inhibitory,True,True,False,True,False,0.0,False
SMBVR__vBWMR15,SMBVR,vBWMR15,neuron_to_non_neuron_or_muscle,cook_si5_only,2.0,2.0,,Cook2019_SI5,,-,missing_fenyves_default_inhibitory,True,True,False,True,False,0.0,False
SMBVR__vBWMR16,SMBVR,vBWMR16,neuron_to_non_neuron_or_muscle,cook_si5_only,1.0,1.0,,Cook2019_SI5,,-,missing_fenyves_default_inhibitory,True,True,False,True,False,0.0,False
SMBVR__vBWMR2,SMBVR,vBWMR2,neuron_to_non_neuron_or_muscle,cook_si5_only,3.0,3.0,,Cook2019_SI5,,-,missing_fenyves_default_inhibitory,True,True,False,True,False,1.0,True
SMBVR__vBWMR3,SMBVR,vBWMR3,neuron_to_non_neuron_or_muscle,cook_si5_only,10.0,10.0,,Cook2019_SI5,,-,missing_fenyves_default_inhibitory,True,True,False,True,False,4.0,True
SMBVR__vBWMR4,SMBVR,vBWMR4,neuron_to_non_neuron_or_muscle,cook_si5_only,12.0,12.0,,Cook2019_SI5,,-,missing_fenyves_default_inhibitory,True,True,False,True,False,4.0,True
SMBVR__vBWMR5,SMBVR,vBWMR5,neuron_to_non_neuron_or_muscle,cook_si5_only,2.0,2.0,,Cook2019_SI5,,-,missing_fenyves_default_inhibitory,True,True,False,True,False,0.0,False
SMBVR__vBWMR6,SMBVR,vBWMR6,neuron_to_non_neuron_or_muscle,cook_si5_only,12.0,12.0,,Cook2019_SI5,,-,missing_fenyves_default_inhibitory,True,True,False,True,False,5.0,True
SMBVR__vBWMR7,SMBVR,vBWMR7,neuron_to_non_neuron_or_muscle,cook_si5_only,12.0,12.0,,Cook2019_SI5,,-,missing_fenyves_default_inhibitory,True,True,False,True,False,5.0,True
SMBVR__vBWMR8,SMBVR,vBWMR8,neuron_to_non_neuron_or_muscle,cook_si5_only,5.0,5.0,,Cook2019_SI5,,-,missing_fenyves_default_inhibitory,True,True,False,True,False,3.0,True
SMBVR__vBWMR9,SMBVR,vBWMR9,neuron_to_non_neuron_or_muscle,cook_si5_only,2.0,2.0,,Cook2019_SI5,,-,missing_fenyves_default_inhibitory,True,True,False,True,False,0.0,False
SMDDL__AVEL,SMDDL,AVEL,neuron_to_neuron,cook_si5_and_fenyves,1.0,1.0,1.0,Cook2019_SI5,-,-,fenyves_sign_prediction,True,True,True,True,True,1.0,True
SMDDL__AVER,SMDDL,AVER,neuron_to_neuron,cook_si5_and_fenyves,1.0,1.0,1.0,Cook2019_SI5,-,-,fenyves_sign_prediction,True,True,True,True,True,1.0,True
SMDDL__RIAL,SMDDL,RIAL,neuron_to_neuron,cook_si5_and_fenyves,9.0,9.0,9.0,Cook2019_SI5,-,-,fenyves_sign_prediction,True,True,True,True,True,6.0,True
SMDDL__RIAR,SMDDL,RIAR,neuron_to_neuron,cook_si5_and_fenyves,14.0,14.0,14.0,Cook2019_SI5,-,-,fenyves_sign_prediction,True,True,True,True,True,10.0,True
SMDDL__RIML,SMDDL,RIML,neuron_to_neuron,cook_si5_and_fenyves,2.0,2.0,2.0,Cook2019_SI5,complex,complex,fenyves_sign_prediction,True,True,True,True,True,2.0,True
SMDDL__RIMR,SMDDL,RIMR,neuron_to_neuron,cook_si5_and_fenyves,1.0,1.0,1.0,Cook2019_SI5,complex,complex,fenyves_sign_prediction,True,True,True,True,True,1.0,True
SMDDL__RIS,SMDDL,RIS,neuron_to_neuron,cook_si5_and_fenyves,2.0,2.0,2.0,Cook2019_SI5,-,-,fenyves_sign_prediction,True,True,True,True,True,2.0,True
SMDDL__RIVR,SMDDL,RIVR,neuron_to_neuron,cook_si5_and_fenyves,1.0,1.0,1.0,Cook2019_SI5,-,-,fenyves_sign_prediction,True,True,True,True,True,1.0,True
SMDDL__RMDL,SMDDL,RMDL,neuron_to_neuron,cook_si5_and_fenyves,3.0,3.0,3.0,Cook2019_SI5,-,-,fenyves_sign_prediction,True,True,True,True,True,2.0,True
SMDDL__RMDR,SMDDL,RMDR,neuron_to_neuron,cook_si5_and_fenyves,1.0,1.0,1.0,Cook2019_SI5,-,-,fenyves_sign_prediction,True,True,True,True,True,1.0,True
SMDDL__RMED,SMDDL,RMED,neuron_to_neuron,fenyves_only,7.0,,7.0,Fenyves2020_only,+,+,fenyves_only_connection_with_sign,True,True,True,False,True,1.0,True
SMDDL__RMEV,SMDDL,RMEV,neuron_to_neuron,fenyves_only,1.0,,1.0,Fenyves2020_only,+,+,fenyves_only_connection_with_sign,True,True,True,False,True,1.0,True
SMDDL__SAAVR,SMDDL,SAAVR,neuron_to_neuron,cook_si5_and_fenyves,1.0,1.0,1.0,Cook2019_SI5,complex,complex,fenyves_sign_prediction,True,True,True,True,True,1.0,True
SMDDL__SIADL,SMDDL,SIADL,neuron_to_neuron,cook_si5_and_fenyves,14.0,14.0,14.0,Cook2019_SI5,complex,complex,fenyves_sign_prediction,True,True,True,True,True,0.0,False
SMDDL__SIBDL,SMDDL,SIBDL,neuron_to_neuron,cook_si5_and_fenyves,14.0,14.0,14.0,Cook2019_SI5,complex,complex,fenyves_sign_prediction,True,True,True,True,True,1.0,True
SMDDL__SIBVL,SMDDL,SIBVL,neuron_to_neuron,fenyves_only,2.0,,2.0,Fenyves2020_only,complex,complex,fenyves_only_connection_with_sign,True,True,True,False,True,0.0,False
SMDDL__SMBDL,SMDDL,SMBDL,neuron_to_neuron,cook_si5_and_fenyves,3.0,3.0,3.0,Cook2019_SI5,-,-,fenyves_sign_prediction,True,True,True,True,True,0.0,False
SMDDL__SMDDR,SMDDL,SMDDR,neuron_to_neuron,cook_si5_and_fenyves,1.0,1.0,1.0,Cook2019_SI5,complex,complex,fenyves_sign_prediction,True,True,True,True,True,1.0,True
SMDDL__SMDVL,SMDDL,SMDVL,neuron_to_neuron,cook_si5_only,2.0,2.0,,Cook2019_SI5,,-,missing_fenyves_default_inhibitory,True,True,True,True,False,0.0,False
SMDDL__SMDVR,SMDDL,SMDVR,neuron_to_neuron,cook_si5_and_fenyves,17.0,17.0,17.0,Cook2019_SI5,complex,complex,fenyves_sign_prediction,True,True,True,True,True,6.0,True
SMDDL__URYDL,SMDDL,URYDL,neuron_to_neuron,cook_si5_only,1.0,1.0,,Cook2019_SI5,,-,missing_fenyves_default_inhibitory,True,True,True,True,False,0.0,False
SMDDL__dBWML1,SMDDL,dBWML1,neuron_to_non_neuron_or_muscle,cook_si5_only,4.0,4.0,,Cook2019_SI5,,-,missing_fenyves_default_inhibitory,True,True,False,True,False,4.0,True
SMDDL__dBWML2,SMDDL,dBWML2,neuron_to_non_neuron_or_muscle,cook_si5_only,3.0,3.0,,Cook2019_SI5,,-,missing_fenyves_default_inhibitory,True,True,False,True,False,3.0,True
SMDDL__dBWML6,SMDDL,dBWML6,neuron_to_non_neuron_or_muscle,cook_si5_only,2.0,2.0,,Cook2019_SI5,,-,missing_fenyves_default_inhibitory,True,True,False,True,False,0.0,False
SMDDL__dBWML7,SMDDL,dBWML7,neuron_to_non_neuron_or_muscle,cook_si5_only,1.0,1.0,,Cook2019_SI5,,-,missing_fenyves_default_inhibitory,True,True,False,True,False,1.0,True
SMDDL__dBWMR1,SMDDL,dBWMR1,neuron_to_non_neuron_or_muscle,cook_si5_only,3.0,3.0,,Cook2019_SI5,,-,missing_fenyves_default_inhibitory,True,True,False,True,False,1.0,True
SMDDL__dBWMR10,SMDDL,dBWMR10,neuron_to_non_neuron_or_muscle,cook_si5_only,6.0,6.0,,Cook2019_SI5,,-,missing_fenyves_default_inhibitory,True,True,False,True,False,0.0,False
SMDDL__dBWMR11,SMDDL,dBWMR11,neuron_to_non_neuron_or_muscle,cook_si5_only,6.0,6.0,,Cook2019_SI5,,-,missing_fenyves_default_inhibitory,True,True,False,True,False,0.0,False
SMDDL__dBWMR12,SMDDL,dBWMR12,neuron_to_non_neuron_or_muscle,cook_si5_only,6.0,6.0,,Cook2019_SI5,,-,missing_fenyves_default_inhibitory,True,True,False,True,False,0.0,False
SMDDL__dBWMR13,SMDDL,dBWMR13,neuron_to_non_neuron_or_muscle,cook_si5_only,6.0,6.0,,Cook2019_SI5,,-,missing_fenyves_default_inhibitory,True,True,False,True,False,0.0,False
SMDDL__dBWMR14,SMDDL,dBWMR14,neuron_to_non_neuron_or_muscle,cook_si5_only,6.0,6.0,,Cook2019_SI5,,-,missing_fenyves_default_inhibitory,True,True,False,True,False,0.0,False
SMDDL__dBWMR15,SMDDL,dBWMR15,neuron_to_non_neuron_or_muscle,cook_si5_only,6.0,6.0,,Cook2019_SI5,,-,missing_fenyves_default_inhibitory,True,True,False,True,False,0.0,False
SMDDL__dBWMR16,SMDDL,dBWMR16,neuron_to_non_neuron_or_muscle,cook_si5_only,2.0,2.0,,Cook2019_SI5,,-,missing_fenyves_default_inhibitory,True,True,False,True,False,0.0,False
SMDDL__dBWMR4,SMDDL,dBWMR4,neuron_to_non_neuron_or_muscle,cook_si5_only,1.0,1.0,,Cook2019_SI5,,-,missing_fenyves_default_inhibitory,True,True,False,True,False,1.0,True
SMDDL__dBWMR5,SMDDL,dBWMR5,neuron_to_non_neuron_or_muscle,cook_si5_only,6.0,6.0,,Cook2019_SI5,,-,missing_fenyves_default_inhibitory,True,True,False,True,False,0.0,False
SMDDL__dBWMR6,SMDDL,dBWMR6,neuron_to_non_neuron_or_muscle,cook_si5_only,2.0,2.0,,Cook2019_SI5,,-,missing_fenyves_default_inhibitory,True,True,False,True,False,0.0,False
SMDDL__dBWMR7,SMDDL,dBWMR7,neuron_to_non_neuron_or_muscle,cook_si5_only,6.0,6.0,,Cook2019_SI5,,-,missing_fenyves_default_inhibitory,True,True,False,True,False,0.0,False
SMDDL__dBWMR8,SMDDL,dBWMR8,neuron_to_non_neuron_or_muscle,cook_si5_only,8.0,8.0,,Cook2019_SI5,,-,missing_fenyves_default_inhibitory,True,True,False,True,False,0.0,False
SMDDL__dBWMR9,SMDDL,dBWMR9,neuron_to_non_neuron_or_muscle,cook_si5_only,6.0,6.0,,Cook2019_SI5,,-,missing_fenyves_default_inhibitory,True,True,False,True,False,0.0,False
SMDDL__vBWML2,SMDDL,vBWML2,neuron_to_non_neuron_or_muscle,cook_si5_only,7.0,7.0,,Cook2019_SI5,,-,missing_fenyves_default_inhibitory,True,True,False,True,False,1.0,True
SMDDL__vBWML3,SMDDL,vBWML3,neuron_to_non_neuron_or_muscle,cook_si5_only,7.0,7.0,,Cook2019_SI5,,-,missing_fenyves_default_inhibitory,True,True,False,True,False,0.0,False
SMDDR__AIZR,SMDDR,AIZR,neuron_to_neuron,cook_si5_and_fenyves,2.0,2.0,2.0,Cook2019_SI5,-,-,fenyves_sign_prediction,True,True,True,True,True,1.0,True
SMDDR__ALNL,SMDDR,ALNL,neuron_to_neuron,cook_si5_and_fenyves,1.0,1.0,1.0,Cook2019_SI5,no pred,-,fenyves_no_pred_default_inhibitory,True,True,True,True,True,1.0,True
SMDDR__ALNR,SMDDR,ALNR,neuron_to_neuron,cook_si5_and_fenyves,2.0,2.0,2.0,Cook2019_SI5,no pred,-,fenyves_no_pred_default_inhibitory,True,True,True,True,True,2.0,True
SMDDR__ASGL,SMDDR,ASGL,neuron_to_neuron,cook_si5_only,1.0,1.0,,Cook2019_SI5,,-,missing_fenyves_default_inhibitory,True,True,True,True,False,1.0,True
SMDDR__ASJL,SMDDR,ASJL,neuron_to_neuron,cook_si5_only,1.0,1.0,,Cook2019_SI5,,-,missing_fenyves_default_inhibitory,True,True,True,True,False,1.0,True
SMDDR__AVER,SMDDR,AVER,neuron_to_neuron,cook_si5_and_fenyves,1.0,1.0,1.0,Cook2019_SI5,-,-,fenyves_sign_prediction,True,True,True,True,True,1.0,True
SMDDR__RIAL,SMDDR,RIAL,neuron_to_neuron,cook_si5_and_fenyves,5.0,5.0,5.0,Cook2019_SI5,-,-,fenyves_sign_prediction,True,True,True,True,True,4.0,True
SMDDR__RIAR,SMDDR,RIAR,neuron_to_neuron,cook_si5_and_fenyves,3.0,3.0,3.0,Cook2019_SI5,-,-,fenyves_sign_prediction,True,True,True,True,True,3.0,True
SMDDR__RIBL,SMDDR,RIBL,neuron_to_neuron,cook_si5_and_fenyves,1.0,1.0,1.0,Cook2019_SI5,+,+,fenyves_sign_prediction,True,True,True,True,True,1.0,True
SMDDR__RIMR,SMDDR,RIMR,neuron_to_neuron,cook_si5_and_fenyves,3.0,3.0,3.0,Cook2019_SI5,complex,complex,fenyves_sign_prediction,True,True,True,True,True,2.0,True
SMDDR__RIS,SMDDR,RIS,neuron_to_neuron,cook_si5_and_fenyves,3.0,3.0,3.0,Cook2019_SI5,-,-,fenyves_sign_prediction,True,True,True,True,True,3.0,True
SMDDR__RIVL,SMDDR,RIVL,neuron_to_neuron,cook_si5_and_fenyves,1.0,1.0,1.0,Cook2019_SI5,-,-,fenyves_sign_prediction,True,True,True,True,True,1.0,True
SMDDR__RMDR,SMDDR,RMDR,neuron_to_neuron,cook_si5_and_fenyves,1.0,1.0,1.0,Cook2019_SI5,-,-,fenyves_sign_prediction,True,True,True,True,True,1.0,True
SMDDR__RMED,SMDDR,RMED,neuron_to_neuron,fenyves_only,5.0,,5.0,Fenyves2020_only,+,+,fenyves_only_connection_with_sign,True,True,True,False,True,3.0,True
SMDDR__SIADR,SMDDR,SIADR,neuron_to_neuron,cook_si5_and_fenyves,14.0,14.0,14.0,Cook2019_SI5,complex,complex,fenyves_sign_prediction,True,True,True,True,True,0.0,False
SMDDR__SIBDR,SMDDR,SIBDR,neuron_to_neuron,cook_si5_and_fenyves,14.0,14.0,14.0,Cook2019_SI5,complex,complex,fenyves_sign_prediction,True,True,True,True,True,0.0,False
SMDDR__SIBVR,SMDDR,SIBVR,neuron_to_neuron,fenyves_only,3.0,,3.0,Fenyves2020_only,complex,complex,fenyves_only_connection_with_sign,True,True,True,False,True,0.0,False
SMDDR__SMBDR,SMDDR,SMBDR,neuron_to_neuron,cook_si5_and_fenyves,3.0,3.0,3.0,Cook2019_SI5,-,-,fenyves_sign_prediction,True,True,True,True,True,0.0,False
SMDDR__SMDDL,SMDDR,SMDDL,neuron_to_neuron,cook_si5_and_fenyves,4.0,4.0,4.0,Cook2019_SI5,complex,complex,fenyves_sign_prediction,True,True,True,True,True,4.0,True
SMDDR__SMDVL,SMDDR,SMDVL,neuron_to_neuron,cook_si5_and_fenyves,5.0,5.0,5.0,Cook2019_SI5,complex,complex,fenyves_sign_prediction,True,True,True,True,True,5.0,True
SMDDR__dBWML10,SMDDR,dBWML10,neuron_to_non_neuron_or_muscle,cook_si5_only,6.0,6.0,,Cook2019_SI5,,-,missing_fenyves_default_inhibitory,True,True,False,True,False,0.0,False
SMDDR__dBWML11,SMDDR,dBWML11,neuron_to_non_neuron_or_muscle,cook_si5_only,6.0,6.0,,Cook2019_SI5,,-,missing_fenyves_default_inhibitory,True,True,False,True,False,0.0,False
SMDDR__dBWML12,SMDDR,dBWML12,neuron_to_non_neuron_or_muscle,cook_si5_only,6.0,6.0,,Cook2019_SI5,,-,missing_fenyves_default_inhibitory,True,True,False,True,False,0.0,False
SMDDR__dBWML13,SMDDR,dBWML13,neuron_to_non_neuron_or_muscle,cook_si5_only,6.0,6.0,,Cook2019_SI5,,-,missing_fenyves_default_inhibitory,True,True,False,True,False,0.0,False
SMDDR__dBWML14,SMDDR,dBWML14,neuron_to_non_neuron_or_muscle,cook_si5_only,6.0,6.0,,Cook2019_SI5,,-,missing_fenyves_default_inhibitory,True,True,False,True,False,0.0,False
SMDDR__dBWML15,SMDDR,dBWML15,neuron_to_non_neuron_or_muscle,cook_si5_only,6.0,6.0,,Cook2019_SI5,,-,missing_fenyves_default_inhibitory,True,True,False,True,False,0.0,False
SMDDR__dBWML16,SMDDR,dBWML16,neuron_to_non_neuron_or_muscle,cook_si5_only,2.0,2.0,,Cook2019_SI5,,-,missing_fenyves_default_inhibitory,True,True,False,True,False,0.0,False
SMDDR__dBWML2,SMDDR,dBWML2,neuron_to_non_neuron_or_muscle,cook_si5_only,3.0,3.0,,Cook2019_SI5,,-,missing_fenyves_default_inhibitory,True,True,False,True,False,2.0,True
SMDDR__dBWML5,SMDDR,dBWML5,neuron_to_non_neuron_or_muscle,cook_si5_only,11.0,11.0,,Cook2019_SI5,,-,missing_fenyves_default_inhibitory,True,True,False,True,False,4.0,True
SMDDR__dBWML6,SMDDR,dBWML6,neuron_to_non_neuron_or_muscle,cook_si5_only,4.0,4.0,,Cook2019_SI5,,-,missing_fenyves_default_inhibitory,True,True,False,True,False,2.0,True
SMDDR__dBWML7,SMDDR,dBWML7,neuron_to_non_neuron_or_muscle,cook_si5_only,6.0,6.0,,Cook2019_SI5,,-,missing_fenyves_default_inhibitory,True,True,False,True,False,0.0,False
SMDDR__dBWML8,SMDDR,dBWML8,neuron_to_non_neuron_or_muscle,cook_si5_only,8.0,8.0,,Cook2019_SI5,,-,missing_fenyves_default_inhibitory,True,True,False,True,False,0.0,False
SMDDR__dBWML9,SMDDR,dBWML9,neuron_to_non_neuron_or_muscle,cook_si5_only,6.0,6.0,,Cook2019_SI5,,-,missing_fenyves_default_inhibitory,True,True,False,True,False,0.0,False
SMDDR__hyp,SMDDR,hyp,neuron_to_non_neuron_or_muscle,cook_si5_only,2.0,2.0,,Cook2019_SI5,,-,missing_fenyves_default_inhibitory,True,True,False,True,False,0.0,False
SMDDR__vBWML2,SMDDR,vBWML2,neuron_to_non_neuron_or_muscle,cook_si5_only,3.0,3.0,,Cook2019_SI5,,-,missing_fenyves_default_inhibitory,True,True,False,True,False,1.0,True
SMDDR__vBWMR2,SMDDR,vBWMR2,neuron_to_non_neuron_or_muscle,cook_si5_only,6.0,6.0,,Cook2019_SI5,,-,missing_fenyves_default_inhibitory,True,True,False,True,False,4.0,True
SMDDR__vBWMR6,SMDDR,vBWMR6,neuron_to_non_neuron_or_muscle,cook_si5_only,2.0,2.0,,Cook2019_SI5,,-,missing_fenyves_default_inhibitory,True,True,False,True,False,2.0,True
SMDVL__ALNL,SMDVL,ALNL,neuron_to_neuron,cook_si5_and_fenyves,2.0,2.0,2.0,Cook2019_SI5,no pred,-,fenyves_no_pred_default_inhibitory,True,True,True,True,True,1.0,True
SMDVL__ALNR,SMDVL,ALNR,neuron_to_neuron,cook_si5_and_fenyves,6.0,6.0,6.0,Cook2019_SI5,no pred,-,fenyves_no_pred_default_inhibitory,True,True,True,True,True,0.0,False
SMDVL__CEPVR,SMDVL,CEPVR,neuron_to_neuron,cook_si5_and_fenyves,1.0,1.0,1.0,Cook2019_SI5,-,-,fenyves_sign_prediction,True,True,True,True,True,1.0,True
SMDVL__IL2L,SMDVL,IL2L,neuron_to_neuron,cook_si5_and_fenyves,1.0,1.0,1.0,Cook2019_SI5,-,-,fenyves_sign_prediction,True,True,True,True,True,1.0,True
SMDVL__PLNL,SMDVL,PLNL,neuron_to_neuron,cook_si5_and_fenyves,6.0,6.0,6.0,Cook2019_SI5,-,-,fenyves_sign_prediction,True,True,True,True,True,0.0,False
SMDVL__PVR,SMDVL,PVR,neuron_to_neuron,cook_si5_and_fenyves,1.0,1.0,1.0,Cook2019_SI5,-,-,fenyves_sign_prediction,True,True,True,True,True,0.0,False
SMDVL__RIAL,SMDVL,RIAL,neuron_to_neuron,cook_si5_and_fenyves,19.0,19.0,19.0,Cook2019_SI5,-,-,fenyves_sign_prediction,True,True,True,True,True,10.0,True
SMDVL__RIAR,SMDVL,RIAR,neuron_to_neuron,cook_si5_and_fenyves,31.0,31.0,31.0,Cook2019_SI5,-,-,fenyves_sign_prediction,True,True,True,True,True,19.0,True
SMDVL__RIBR,SMDVL,RIBR,neuron_to_neuron,cook_si5_and_fenyves,1.0,1.0,1.0,Cook2019_SI5,+,+,fenyves_sign_prediction,True,True,True,True,True,1.0,True
SMDVL__RIVL,SMDVL,RIVL,neuron_to_neuron,cook_si5_and_fenyves,6.0,6.0,6.0,Cook2019_SI5,-,-,fenyves_sign_prediction,True,True,True,True,True,5.0,True
SMDVL__RMDDR,SMDVL,RMDDR,neuron_to_neuron,cook_si5_and_fenyves,3.0,3.0,3.0,Cook2019_SI5,-,-,fenyves_sign_prediction,True,True,True,True,True,2.0,True
SMDVL__RMEV,SMDVL,RMEV,neuron_to_neuron,fenyves_only,1.0,,1.0,Fenyves2020_only,+,+,fenyves_only_connection_with_sign,True,True,True,False,True,1.0,True
SMDVL__SIADR,SMDVL,SIADR,neuron_to_neuron,cook_si5_and_fenyves,1.0,1.0,1.0,Cook2019_SI5,complex,complex,fenyves_sign_prediction,True,True,True,True,True,1.0,True
SMDVL__SIAVR,SMDVL,SIAVR,neuron_to_neuron,cook_si5_and_fenyves,30.0,30.0,30.0,Cook2019_SI5,complex,complex,fenyves_sign_prediction,True,True,True,True,True,0.0,False
SMDVL__SIBVL,SMDVL,SIBVL,neuron_to_neuron,cook_si5_and_fenyves,30.0,30.0,30.0,Cook2019_SI5,complex,complex,fenyves_sign_prediction,True,True,True,True,True,0.0,False
SMDVL__SMDDR,SMDVL,SMDDR,neuron_to_neuron,cook_si5_and_fenyves,22.0,22.0,22.0,Cook2019_SI5,complex,complex,fenyves_sign_prediction,True,True,True,True,True,9.0,True
SMDVL__SMDVR,SMDVL,SMDVR,neuron_to_neuron,cook_si5_and_fenyves,2.0,2.0,2.0,Cook2019_SI5,complex,complex,fenyves_sign_prediction,True,True,True,True,True,1.0,True
SMDVL__dBWML1,SMDVL,dBWML1,neuron_to_non_neuron_or_muscle,cook_si5_only,3.0,3.0,,Cook2019_SI5,,-,missing_fenyves_default_inhibitory,True,True,False,True,False,3.0,True
SMDVL__dBWML2,SMDVL,dBWML2,neuron_to_non_neuron_or_muscle,cook_si5_only,3.0,3.0,,Cook2019_SI5,,-,missing_fenyves_default_inhibitory,True,True,False,True,False,3.0,True
SMDVL__vBWMR10,SMDVL,vBWMR10,neuron_to_non_neuron_or_muscle,cook_si5_only,15.0,15.0,,Cook2019_SI5,,-,missing_fenyves_default_inhibitory,True,True,False,True,False,0.0,False
SMDVL__vBWMR11,SMDVL,vBWMR11,neuron_to_non_neuron_or_muscle,cook_si5_only,15.0,15.0,,Cook2019_SI5,,-,missing_fenyves_default_inhibitory,True,True,False,True,False,0.0,False
SMDVL__vBWMR12,SMDVL,vBWMR12,neuron_to_non_neuron_or_muscle,cook_si5_only,15.0,15.0,,Cook2019_SI5,,-,missing_fenyves_default_inhibitory,True,True,False,True,False,0.0,False
SMDVL__vBWMR13,SMDVL,vBWMR13,neuron_to_non_neuron_or_muscle,cook_si5_only,15.0,15.0,,Cook2019_SI5,,-,missing_fenyves_default_inhibitory,True,True,False,True,False,0.0,False
SMDVL__vBWMR14,SMDVL,vBWMR14,neuron_to_non_neuron_or_muscle,cook_si5_only,15.0,15.0,,Cook2019_SI5,,-,missing_fenyves_default_inhibitory,True,True,False,True,False,0.0,False
SMDVL__vBWMR15,SMDVL,vBWMR15,neuron_to_non_neuron_or_muscle,cook_si5_only,15.0,15.0,,Cook2019_SI5,,-,missing_fenyves_default_inhibitory,True,True,False,True,False,0.0,False
SMDVL__vBWMR16,SMDVL,vBWMR16,neuron_to_non_neuron_or_muscle,cook_si5_only,7.0,7.0,,Cook2019_SI5,,-,missing_fenyves_default_inhibitory,True,True,False,True,False,0.0,False
SMDVL__vBWMR2,SMDVL,vBWMR2,neuron_to_non_neuron_or_muscle,cook_si5_only,7.0,7.0,,Cook2019_SI5,,-,missing_fenyves_default_inhibitory,True,True,False,True,False,1.0,True
SMDVL__vBWMR3,SMDVL,vBWMR3,neuron_to_non_neuron_or_muscle,cook_si5_only,8.0,8.0,,Cook2019_SI5,,-,missing_fenyves_default_inhibitory,True,True,False,True,False,2.0,True
SMDVL__vBWMR5,SMDVL,vBWMR5,neuron_to_non_neuron_or_muscle,cook_si5_only,15.0,15.0,,Cook2019_SI5,,-,missing_fenyves_default_inhibitory,True,True,False,True,False,0.0,False
SMDVL__vBWMR6,SMDVL,vBWMR6,neuron_to_non_neuron_or_muscle,cook_si5_only,16.0,16.0,,Cook2019_SI5,,-,missing_fenyves_default_inhibitory,True,True,False,True,False,4.0,True
SMDVL__vBWMR7,SMDVL,vBWMR7,neuron_to_non_neuron_or_muscle,cook_si5_only,15.0,15.0,,Cook2019_SI5,,-,missing_fenyves_default_inhibitory,True,True,False,True,False,0.0,False
SMDVL__vBWMR8,SMDVL,vBWMR8,neuron_to_non_neuron_or_muscle,cook_si5_only,20.0,20.0,,Cook2019_SI5,,-,missing_fenyves_default_inhibitory,True,True,False,True,False,0.0,False
SMDVL__vBWMR9,SMDVL,vBWMR9,neuron_to_non_neuron_or_muscle,cook_si5_only,15.0,15.0,,Cook2019_SI5,,-,missing_fenyves_default_inhibitory,True,True,False,True,False,0.0,False
SMDVR__AIBR,SMDVR,AIBR,neuron_to_neuron,cook_si5_and_fenyves,1.0,1.0,1.0,Cook2019_SI5,-,-,fenyves_sign_prediction,True,True,True,True,True,1.0,True
SMDVR__AVAR,SMDVR,AVAR,neuron_to_neuron,cook_si5_and_fenyves,1.0,1.0,1.0,Cook2019_SI5,complex,complex,fenyves_sign_prediction,True,True,True,True,True,1.0,True
SMDVR__AVER,SMDVR,AVER,neuron_to_neuron,cook_si5_and_fenyves,1.0,1.0,1.0,Cook2019_SI5,-,-,fenyves_sign_prediction,True,True,True,True,True,1.0,True
SMDVR__CEPVL,SMDVR,CEPVL,neuron_to_neuron,cook_si5_and_fenyves,1.0,1.0,1.0,Cook2019_SI5,-,-,fenyves_sign_prediction,True,True,True,True,True,1.0,True
SMDVR__PLNL,SMDVR,PLNL,neuron_to_neuron,cook_si5_and_fenyves,6.0,6.0,6.0,Cook2019_SI5,-,-,fenyves_sign_prediction,True,True,True,True,True,0.0,False
SMDVR__RIAL,SMDVR,RIAL,neuron_to_neuron,cook_si5_and_fenyves,24.0,24.0,24.0,Cook2019_SI5,-,-,fenyves_sign_prediction,True,True,True,True,True,15.0,True
SMDVR__RIAR,SMDVR,RIAR,neuron_to_neuron,cook_si5_and_fenyves,16.0,16.0,16.0,Cook2019_SI5,-,-,fenyves_sign_prediction,True,True,True,True,True,11.0,True
SMDVR__RIML,SMDVR,RIML,neuron_to_neuron,cook_si5_and_fenyves,1.0,1.0,1.0,Cook2019_SI5,complex,complex,fenyves_sign_prediction,True,True,True,True,True,1.0,True
SMDVR__RIVR,SMDVR,RIVR,neuron_to_neuron,cook_si5_and_fenyves,1.0,1.0,1.0,Cook2019_SI5,-,-,fenyves_sign_prediction,True,True,True,True,True,0.0,False
SMDVR__RMDDL,SMDVR,RMDDL,neuron_to_neuron,cook_si5_and_fenyves,3.0,3.0,3.0,Cook2019_SI5,-,-,fenyves_sign_prediction,True,True,True,True,True,2.0,True
SMDVR__RMED,SMDVR,RMED,neuron_to_neuron,cook_si5_and_fenyves,9.0,9.0,9.0,Cook2019_SI5,+,+,fenyves_sign_prediction,True,True,True,True,True,1.0,True
SMDVR__SIAVL,SMDVR,SIAVL,neuron_to_neuron,cook_si5_and_fenyves,30.0,30.0,30.0,Cook2019_SI5,complex,complex,fenyves_sign_prediction,True,True,True,True,True,0.0,False
SMDVR__SIBDR,SMDVR,SIBDR,neuron_to_neuron,fenyves_only,30.0,,30.0,Fenyves2020_only,complex,complex,fenyves_only_connection_with_sign,True,True,True,False,True,0.0,False
SMDVR__SIBVR,SMDVR,SIBVR,neuron_to_neuron,cook_si5_only,30.0,30.0,,Cook2019_SI5,,-,missing_fenyves_default_inhibitory,True,True,True,True,False,0.0,False
SMDVR__SMDDL,SMDVR,SMDDL,neuron_to_neuron,cook_si5_and_fenyves,14.0,14.0,14.0,Cook2019_SI5,complex,complex,fenyves_sign_prediction,True,True,True,True,True,3.0,True
SMDVR__SMDVL,SMDVR,SMDVL,neuron_to_neuron,cook_si5_and_fenyves,1.0,1.0,1.0,Cook2019_SI5,complex,complex,fenyves_sign_prediction,True,True,True,True,True,1.0,True
SMDVR__VB01,SMDVR,VB01,neuron_to_neuron,cook_si5_and_fenyves,1.0,1.0,1.0,Cook2019_SI5,complex,complex,fenyves_sign_prediction,True,True,True,True,True,1.0,True
SMDVR__vBWML10,SMDVR,vBWML10,neuron_to_non_neuron_or_muscle,cook_si5_only,15.0,15.0,,Cook2019_SI5,,-,missing_fenyves_default_inhibitory,True,True,False,True,False,0.0,False
SMDVR__vBWML11,SMDVR,vBWML11,neuron_to_non_neuron_or_muscle,cook_si5_only,15.0,15.0,,Cook2019_SI5,,-,missing_fenyves_default_inhibitory,True,True,False,True,False,0.0,False
SMDVR__vBWML12,SMDVR,vBWML12,neuron_to_non_neuron_or_muscle,cook_si5_only,15.0,15.0,,Cook2019_SI5,,-,missing_fenyves_default_inhibitory,True,True,False,True,False,0.0,False
SMDVR__vBWML13,SMDVR,vBWML13,neuron_to_non_neuron_or_muscle,cook_si5_only,15.0,15.0,,Cook2019_SI5,,-,missing_fenyves_default_inhibitory,True,True,False,True,False,0.0,False
SMDVR__vBWML14,SMDVR,vBWML14,neuron_to_non_neuron_or_muscle,cook_si5_only,15.0,15.0,,Cook2019_SI5,,-,missing_fenyves_default_inhibitory,True,True,False,True,False,0.0,False
SMDVR__vBWML15,SMDVR,vBWML15,neuron_to_non_neuron_or_muscle,cook_si5_only,15.0,15.0,,Cook2019_SI5,,-,missing_fenyves_default_inhibitory,True,True,False,True,False,0.0,False
SMDVR__vBWML16,SMDVR,vBWML16,neuron_to_non_neuron_or_muscle,cook_si5_only,7.0,7.0,,Cook2019_SI5,,-,missing_fenyves_default_inhibitory,True,True,False,True,False,0.0,False
SMDVR__vBWML2,SMDVR,vBWML2,neuron_to_non_neuron_or_muscle,cook_si5_only,9.0,9.0,,Cook2019_SI5,,-,missing_fenyves_default_inhibitory,True,True,False,True,False,1.0,True
SMDVR__vBWML3,SMDVR,vBWML3,neuron_to_non_neuron_or_muscle,cook_si5_only,9.0,9.0,,Cook2019_SI5,,-,missing_fenyves_default_inhibitory,True,True,False,True,False,0.0,False
SMDVR__vBWML4,SMDVR,vBWML4,neuron_to_non_neuron_or_muscle,cook_si5_only,5.0,5.0,,Cook2019_SI5,,-,missing_fenyves_default_inhibitory,True,True,False,True,False,3.0,True
SMDVR__vBWML5,SMDVR,vBWML5,neuron_to_non_neuron_or_muscle,cook_si5_only,19.0,19.0,,Cook2019_SI5,,-,missing_fenyves_default_inhibitory,True,True,False,True,False,2.0,True
SMDVR__vBWML6,SMDVR,vBWML6,neuron_to_non_neuron_or_muscle,cook_si5_only,14.0,14.0,,Cook2019_SI5,,-,missing_fenyves_default_inhibitory,True,True,False,True,False,1.0,True
SMDVR__vBWML7,SMDVR,vBWML7,neuron_to_non_neuron_or_muscle,cook_si5_only,15.0,15.0,,Cook2019_SI5,,-,missing_fenyves_default_inhibitory,True,True,False,True,False,0.0,False
SMDVR__vBWML8,SMDVR,vBWML8,neuron_to_non_neuron_or_muscle,cook_si5_only,19.0,19.0,,Cook2019_SI5,,-,missing_fenyves_default_inhibitory,True,True,False,True,False,1.0,True
SMDVR__vBWML9,SMDVR,vBWML9,neuron_to_non_neuron_or_muscle,cook_si5_only,15.0,15.0,,Cook2019_SI5,,-,missing_fenyves_default_inhibitory,True,True,False,True,False,0.0,False
URADL__IL1DL,URADL,IL1DL,neuron_to_neuron,cook_si5_and_fenyves,4.0,4.0,4.0,Cook2019_SI5,+,+,fenyves_sign_prediction,True,True,True,True,True,3.0,True
URADL__RIH,URADL,RIH,neuron_to_neuron,cook_si5_and_fenyves,3.0,3.0,3.0,Cook2019_SI5,-,-,fenyves_sign_prediction,True,True,True,True,True,1.0,True
URADL__RIPL,URADL,RIPL,neuron_to_neuron,cook_si5_and_fenyves,12.0,12.0,12.0,Cook2019_SI5,no pred,-,fenyves_no_pred_default_inhibitory,True,True,True,True,True,5.0,True
URADL__RMEL,URADL,RMEL,neuron_to_neuron,cook_si5_and_fenyves,8.0,8.0,8.0,Cook2019_SI5,+,+,fenyves_sign_prediction,True,True,True,True,True,3.0,True
URADL__dBWML1,URADL,dBWML1,neuron_to_non_neuron_or_muscle,cook_si5_only,2.0,2.0,,Cook2019_SI5,,-,missing_fenyves_default_inhibitory,True,True,False,True,False,2.0,True
URADL__dBWML2,URADL,dBWML2,neuron_to_non_neuron_or_muscle,cook_si5_only,7.0,7.0,,Cook2019_SI5,,-,missing_fenyves_default_inhibitory,True,True,False,True,False,1.0,True
URADL__dBWML6,URADL,dBWML6,neuron_to_non_neuron_or_muscle,cook_si5_only,11.0,11.0,,Cook2019_SI5,,-,missing_fenyves_default_inhibitory,True,True,False,True,False,2.0,True
URADR__CEPshDR,URADR,CEPshDR,neuron_to_non_neuron_or_muscle,cook_si5_only,1.0,1.0,,Cook2019_SI5,,-,missing_fenyves_default_inhibitory,True,True,False,True,False,1.0,True
URADR__IL1DR,URADR,IL1DR,neuron_to_neuron,cook_si5_and_fenyves,3.0,3.0,3.0,Cook2019_SI5,+,+,fenyves_sign_prediction,True,True,True,True,True,3.0,True
URADR__RIPR,URADR,RIPR,neuron_to_neuron,cook_si5_and_fenyves,16.0,16.0,16.0,Cook2019_SI5,no pred,-,fenyves_no_pred_default_inhibitory,True,True,True,True,True,9.0,True
URADR__RMER,URADR,RMER,neuron_to_neuron,cook_si5_and_fenyves,1.0,1.0,1.0,Cook2019_SI5,+,+,fenyves_sign_prediction,True,True,True,True,True,1.0,True
URADR__URYDR,URADR,URYDR,neuron_to_neuron,cook_si5_and_fenyves,1.0,1.0,1.0,Cook2019_SI5,no pred,-,fenyves_no_pred_default_inhibitory,True,True,True,True,True,1.0,True
URADR__dBWMR1,URADR,dBWMR1,neuron_to_non_neuron_or_muscle,cook_si5_only,15.0,15.0,,Cook2019_SI5,,-,missing_fenyves_default_inhibitory,True,True,False,True,False,8.0,True
URADR__dBWMR2,URADR,dBWMR2,neuron_to_non_neuron_or_muscle,cook_si5_only,5.0,5.0,,Cook2019_SI5,,-,missing_fenyves_default_inhibitory,True,True,False,True,False,5.0,True
URADR__dBWMR3,URADR,dBWMR3,neuron_to_non_neuron_or_muscle,cook_si5_only,4.0,4.0,,Cook2019_SI5,,-,missing_fenyves_default_inhibitory,True,True,False,True,False,2.0,True
URADR__dBWMR4,URADR,dBWMR4,neuron_to_non_neuron_or_muscle,cook_si5_only,4.0,4.0,,Cook2019_SI5,,-,missing_fenyves_default_inhibitory,True,True,False,True,False,2.0,True
URADR__dBWMR5,URADR,dBWMR5,neuron_to_non_neuron_or_muscle,cook_si5_only,7.0,7.0,,Cook2019_SI5,,-,missing_fenyves_default_inhibitory,True,True,False,True,False,4.0,True
URAVL__AVER,URAVL,AVER,neuron_to_neuron,cook_si5_and_fenyves,1.0,1.0,1.0,Cook2019_SI5,-,-,fenyves_sign_prediction,True,True,True,True,True,1.0,True
URAVL__CEPVL,URAVL,CEPVL,neuron_to_neuron,cook_si5_and_fenyves,1.0,1.0,1.0,Cook2019_SI5,no pred,-,fenyves_no_pred_default_inhibitory,True,True,True,True,True,1.0,True
URAVL__DVC,URAVL,DVC,neuron_to_neuron,cook_si5_and_fenyves,1.0,1.0,1.0,Cook2019_SI5,+,+,fenyves_sign_prediction,True,True,True,True,True,1.0,True
URAVL__IL1L,URAVL,IL1L,neuron_to_neuron,cook_si5_and_fenyves,3.0,3.0,3.0,Cook2019_SI5,+,+,fenyves_sign_prediction,True,True,True,True,True,1.0,True
URAVL__IL1VL,URAVL,IL1VL,neuron_to_neuron,cook_si5_and_fenyves,6.0,6.0,6.0,Cook2019_SI5,+,+,fenyves_sign_prediction,True,True,True,True,True,2.0,True
URAVL__RIBL,URAVL,RIBL,neuron_to_neuron,cook_si5_and_fenyves,1.0,1.0,1.0,Cook2019_SI5,+,+,fenyves_sign_prediction,True,True,True,True,True,1.0,True
URAVL__RIPL,URAVL,RIPL,neuron_to_neuron,cook_si5_and_fenyves,15.0,15.0,15.0,Cook2019_SI5,no pred,-,fenyves_no_pred_default_inhibitory,True,True,True,True,True,5.0,True
URAVL__RMDDL,URAVL,RMDDL,neuron_to_neuron,cook_si5_and_fenyves,7.0,7.0,7.0,Cook2019_SI5,-,-,fenyves_sign_prediction,True,True,True,True,True,2.0,True
URAVL__RMDVR,URAVL,RMDVR,neuron_to_neuron,cook_si5_and_fenyves,1.0,1.0,1.0,Cook2019_SI5,-,-,fenyves_sign_prediction,True,True,True,True,True,1.0,True
URAVL__RMEL,URAVL,RMEL,neuron_to_neuron,cook_si5_and_fenyves,8.0,8.0,8.0,Cook2019_SI5,+,+,fenyves_sign_prediction,True,True,True,True,True,2.0,True
URAVL__RMER,URAVL,RMER,neuron_to_neuron,cook_si5_and_fenyves,3.0,3.0,3.0,Cook2019_SI5,+,+,fenyves_sign_prediction,True,True,True,True,True,3.0,True
URAVL__RMEV,URAVL,RMEV,neuron_to_neuron,cook_si5_and_fenyves,10.0,10.0,10.0,Cook2019_SI5,+,+,fenyves_sign_prediction,True,True,True,True,True,2.0,True
URAVL__vBWML1,URAVL,vBWML1,neuron_to_non_neuron_or_muscle,cook_si5_only,20.0,20.0,,Cook2019_SI5,,-,missing_fenyves_default_inhibitory,True,True,False,True,False,8.0,True
URAVL__vBWML2,URAVL,vBWML2,neuron_to_non_neuron_or_muscle,cook_si5_only,17.0,17.0,,Cook2019_SI5,,-,missing_fenyves_default_inhibitory,True,True,False,True,False,5.0,True
URAVL__vBWML3,URAVL,vBWML3,neuron_to_non_neuron_or_muscle,cook_si5_only,5.0,5.0,,Cook2019_SI5,,-,missing_fenyves_default_inhibitory,True,True,False,True,False,0.0,False
URAVR__ADAR,URAVR,ADAR,neuron_to_neuron,cook_si5_and_fenyves,1.0,1.0,1.0,Cook2019_SI5,no pred,-,fenyves_no_pred_default_inhibitory,True,True,True,True,True,1.0,True
URAVR__IL1R,URAVR,IL1R,neuron_to_neuron,cook_si5_and_fenyves,2.0,2.0,2.0,Cook2019_SI5,+,+,fenyves_sign_prediction,True,True,True,True,True,1.0,True
URAVR__IL1VR,URAVR,IL1VR,neuron_to_neuron,cook_si5_and_fenyves,9.0,9.0,9.0,Cook2019_SI5,+,+,fenyves_sign_prediction,True,True,True,True,True,4.0,True
URAVR__IL2VR,URAVR,IL2VR,neuron_to_neuron,cook_si5_and_fenyves,3.0,3.0,3.0,Cook2019_SI5,no pred,-,fenyves_no_pred_default_inhibitory,True,True,True,True,True,3.0,True
URAVR__PVT,URAVR,PVT,neuron_to_neuron,cook_si5_and_fenyves,3.0,3.0,3.0,Cook2019_SI5,+,+,fenyves_sign_prediction,True,True,True,True,True,3.0,True
URAVR__RIH,URAVR,RIH,neuron_to_neuron,cook_si5_and_fenyves,1.0,1.0,1.0,Cook2019_SI5,-,-,fenyves_sign_prediction,True,True,True,True,True,1.0,True
URAVR__RIPR,URAVR,RIPR,neuron_to_neuron,cook_si5_and_fenyves,13.0,13.0,13.0,Cook2019_SI5,no pred,-,fenyves_no_pred_default_inhibitory,True,True,True,True,True,4.0,True
URAVR__RMDDR,URAVR,RMDDR,neuron_to_neuron,cook_si5_and_fenyves,1.0,1.0,1.0,Cook2019_SI5,-,-,fenyves_sign_prediction,True,True,True,True,True,1.0,True
URAVR__RMDVL,URAVR,RMDVL,neuron_to_neuron,cook_si5_and_fenyves,1.0,1.0,1.0,Cook2019_SI5,-,-,fenyves_sign_prediction,True,True,True,True,True,1.0,True
URAVR__RMEL,URAVR,RMEL,neuron_to_neuron,cook_si5_and_fenyves,1.0,1.0,1.0,Cook2019_SI5,+,+,fenyves_sign_prediction,True,True,True,True,True,1.0,True
URAVR__RMER,URAVR,RMER,neuron_to_neuron,cook_si5_and_fenyves,4.0,4.0,4.0,Cook2019_SI5,+,+,fenyves_sign_prediction,True,True,True,True,True,2.0,True
URAVR__RMEV,URAVR,RMEV,neuron_to_neuron,cook_si5_and_fenyves,2.0,2.0,2.0,Cook2019_SI5,+,+,fenyves_sign_prediction,True,True,True,True,True,1.0,True
URAVR__URYVR,URAVR,URYVR,neuron_to_neuron,cook_si5_and_fenyves,1.0,1.0,1.0,Cook2019_SI5,no pred,-,fenyves_no_pred_default_inhibitory,True,True,True,True,True,1.0,True
URAVR__vBWMR2,URAVR,vBWMR2,neuron_to_non_neuron_or_muscle,cook_si5_only,14.0,14.0,,Cook2019_SI5,,-,missing_fenyves_default_inhibitory,True,True,False,True,False,6.0,True
URAVR__vBWMR3,URAVR,vBWMR3,neuron_to_non_neuron_or_muscle,cook_si5_only,7.0,7.0,,Cook2019_SI5,,-,missing_fenyves_default_inhibitory,True,True,False,True,False,2.0,True
URAVR__vBWMR4,URAVR,vBWMR4,neuron_to_non_neuron_or_muscle,cook_si5_only,18.0,18.0,,Cook2019_SI5,,-,missing_fenyves_default_inhibitory,True,True,False,True,False,10.0,True
URAVR__vBWMR6,URAVR,vBWMR6,neuron_to_non_neuron_or_muscle,cook_si5_only,1.0,1.0,,Cook2019_SI5,,-,missing_fenyves_default_inhibitory,True,True,False,True,False,1.0,True
URBL__ADAL,URBL,ADAL,neuron_to_neuron,cook_si5_and_fenyves,3.0,3.0,3.0,Cook2019_SI5,no pred,-,fenyves_no_pred_default_inhibitory,True,True,True,True,True,2.0,True
URBL__AVBL,URBL,AVBL,neuron_to_neuron,cook_si5_and_fenyves,1.0,1.0,1.0,Cook2019_SI5,+,+,fenyves_sign_prediction,True,True,True,True,True,1.0,True
URBL__CEPDL,URBL,CEPDL,neuron_to_neuron,cook_si5_and_fenyves,2.0,2.0,2.0,Cook2019_SI5,no pred,-,fenyves_no_pred_default_inhibitory,True,True,True,True,True,2.0,True
URBL__IL1L,URBL,IL1L,neuron_to_neuron,cook_si5_and_fenyves,10.0,10.0,10.0,Cook2019_SI5,+,+,fenyves_sign_prediction,True,True,True,True,True,3.0,True
URBL__OLLL,URBL,OLLL,neuron_to_neuron,cook_si5_and_fenyves,1.0,1.0,1.0,Cook2019_SI5,-,-,fenyves_sign_prediction,True,True,True,True,True,1.0,True
URBL__PVR,URBL,PVR,neuron_to_neuron,cook_si5_and_fenyves,1.0,1.0,1.0,Cook2019_SI5,no pred,-,fenyves_no_pred_default_inhibitory,True,True,True,True,True,0.0,False
URBL__RICL,URBL,RICL,neuron_to_neuron,cook_si5_and_fenyves,1.0,1.0,1.0,Cook2019_SI5,no pred,-,fenyves_no_pred_default_inhibitory,True,True,True,True,True,1.0,True
URBL__RICR,URBL,RICR,neuron_to_neuron,cook_si5_and_fenyves,1.0,1.0,1.0,Cook2019_SI5,no pred,-,fenyves_no_pred_default_inhibitory,True,True,True,True,True,1.0,True
URBL__RMDDR,URBL,RMDDR,neuron_to_neuron,cook_si5_and_fenyves,2.0,2.0,2.0,Cook2019_SI5,-,-,fenyves_sign_prediction,True,True,True,True,True,1.0,True
URBL__RMHR,URBL,RMHR,neuron_to_neuron,cook_si5_and_fenyves,5.0,5.0,5.0,Cook2019_SI5,no pred,-,fenyves_no_pred_default_inhibitory,True,True,True,True,True,5.0,True
URBL__SIADR,URBL,SIADR,neuron_to_neuron,cook_si5_and_fenyves,2.0,2.0,2.0,Cook2019_SI5,complex,complex,fenyves_sign_prediction,True,True,True,True,True,1.0,True
URBL__SIAVL,URBL,SIAVL,neuron_to_neuron,cook_si5_and_fenyves,2.0,2.0,2.0,Cook2019_SI5,complex,complex,fenyves_sign_prediction,True,True,True,True,True,1.0,True
URBL__SIBVL,URBL,SIBVL,neuron_to_neuron,fenyves_only,1.0,,1.0,Fenyves2020_only,complex,complex,fenyves_only_connection_with_sign,True,True,True,False,True,0.0,False
URBL__SMBDR,URBL,SMBDR,neuron_to_neuron,cook_si5_and_fenyves,3.0,3.0,3.0,Cook2019_SI5,-,-,fenyves_sign_prediction,True,True,True,True,True,1.0,True
URBL__SMBVL,URBL,SMBVL,neuron_to_neuron,fenyves_only,1.0,,1.0,Fenyves2020_only,-,-,fenyves_only_connection_with_sign,True,True,True,False,True,0.0,False
URBL__URBL,URBL,URBL,neuron_to_neuron,cook_si5_and_fenyves,1.0,1.0,1.0,Cook2019_SI5,+,+,fenyves_sign_prediction,True,True,True,True,True,1.0,True
URBL__URXL,URBL,URXL,neuron_to_neuron,cook_si5_and_fenyves,26.0,26.0,26.0,Cook2019_SI5,-,-,fenyves_sign_prediction,True,True,True,True,True,12.0,True
URBL__URYDL,URBL,URYDL,neuron_to_neuron,cook_si5_and_fenyves,1.0,1.0,1.0,Cook2019_SI5,no pred,-,fenyves_no_pred_default_inhibitory,True,True,True,True,True,1.0,True
URBR__ADAR,URBR,ADAR,neuron_to_neuron,cook_si5_and_fenyves,5.0,5.0,5.0,Cook2019_SI5,no pred,-,fenyves_no_pred_default_inhibitory,True,True,True,True,True,2.0,True
URBR__ADER,URBR,ADER,neuron_to_neuron,cook_si5_and_fenyves,1.0,1.0,1.0,Cook2019_SI5,no pred,-,fenyves_no_pred_default_inhibitory,True,True,True,True,True,1.0,True
URBR__ADLR,URBR,ADLR,neuron_to_neuron,cook_si5_and_fenyves,2.0,2.0,2.0,Cook2019_SI5,no pred,-,fenyves_no_pred_default_inhibitory,True,True,True,True,True,5.0,True
URBR__AVBR,URBR,AVBR,neuron_to_neuron,cook_si5_and_fenyves,1.0,1.0,1.0,Cook2019_SI5,+,+,fenyves_sign_prediction,True,True,True,True,True,1.0,True
URBR__AVDL,URBR,AVDL,neuron_to_neuron,cook_si5_and_fenyves,1.0,1.0,1.0,Cook2019_SI5,no pred,-,fenyves_no_pred_default_inhibitory,True,True,True,True,True,1.0,True
URBR__CEPDR,URBR,CEPDR,neuron_to_neuron,cook_si5_and_fenyves,1.0,1.0,1.0,Cook2019_SI5,no pred,-,fenyves_no_pred_default_inhibitory,True,True,True,True,True,1.0,True
URBR__CEPVR,URBR,CEPVR,neuron_to_neuron,cook_si5_and_fenyves,4.0,4.0,4.0,Cook2019_SI5,no pred,-,fenyves_no_pred_default_inhibitory,True,True,True,True,True,1.0,True
URBR__IL1DR,URBR,IL1DR,neuron_to_neuron,cook_si5_and_fenyves,2.0,2.0,2.0,Cook2019_SI5,+,+,fenyves_sign_prediction,True,True,True,True,True,1.0,True
URBR__IL1R,URBR,IL1R,neuron_to_neuron,cook_si5_and_fenyves,5.0,5.0,5.0,Cook2019_SI5,+,+,fenyves_sign_prediction,True,True,True,True,True,2.0,True
URBR__IL2R,URBR,IL2R,neuron_to_neuron,cook_si5_and_fenyves,3.0,3.0,3.0,Cook2019_SI5,no pred,-,fenyves_no_pred_default_inhibitory,True,True,True,True,True,1.0,True
URBR__OLLR,URBR,OLLR,neuron_to_neuron,cook_si5_and_fenyves,1.0,1.0,1.0,Cook2019_SI5,-,-,fenyves_sign_prediction,True,True,True,True,True,1.0,True
URBR__OLQDR,URBR,OLQDR,neuron_to_neuron,cook_si5_and_fenyves,2.0,2.0,2.0,Cook2019_SI5,no pred,-,fenyves_no_pred_default_inhibitory,True,True,True,True,True,1.0,True
URBR__RICL,URBR,RICL,neuron_to_neuron,cook_si5_and_fenyves,1.0,1.0,1.0,Cook2019_SI5,no pred,-,fenyves_no_pred_default_inhibitory,True,True,True,True,True,2.0,True
URBR__RICR,URBR,RICR,neuron_to_neuron,cook_si5_and_fenyves,1.0,1.0,1.0,Cook2019_SI5,no pred,-,fenyves_no_pred_default_inhibitory,True,True,True,True,True,1.0,True
URBR__RMDL,URBR,RMDL,neuron_to_neuron,cook_si5_and_fenyves,1.0,1.0,1.0,Cook2019_SI5,-,-,fenyves_sign_prediction,True,True,True,True,True,1.0,True
URBR__RMDR,URBR,RMDR,neuron_to_neuron,cook_si5_and_fenyves,1.0,1.0,1.0,Cook2019_SI5,-,-,fenyves_sign_prediction,True,True,True,True,True,1.0,True
URBR__RMGR,URBR,RMGR,neuron_to_neuron,cook_si5_and_fenyves,8.0,8.0,8.0,Cook2019_SI5,no pred,-,fenyves_no_pred_default_inhibitory,True,True,True,True,True,3.0,True
URBR__SIADL,URBR,SIADL,neuron_to_neuron,cook_si5_and_fenyves,3.0,3.0,3.0,Cook2019_SI5,complex,complex,fenyves_sign_prediction,True,True,True,True,True,2.0,True
URBR__SIAVR,URBR,SIAVR,neuron_to_neuron,cook_si5_and_fenyves,3.0,3.0,3.0,Cook2019_SI5,complex,complex,fenyves_sign_prediction,True,True,True,True,True,2.0,True
URBR__SIBDR,URBR,SIBDR,neuron_to_neuron,cook_si5_and_fenyves,2.0,2.0,2.0,Cook2019_SI5,complex,complex,fenyves_sign_prediction,True,True,True,True,True,0.0,False
URBR__SIBVR,URBR,SIBVR,neuron_to_neuron,cook_si5_and_fenyves,2.0,2.0,2.0,Cook2019_SI5,complex,complex,fenyves_sign_prediction,True,True,True,True,True,0.0,False
URBR__SMBDL,URBR,SMBDL,neuron_to_neuron,cook_si5_and_fenyves,4.0,4.0,4.0,Cook2019_SI5,-,-,fenyves_sign_prediction,True,True,True,True,True,2.0,True
URBR__SMBVR,URBR,SMBVR,neuron_to_neuron,cook_si5_and_fenyves,1.0,1.0,1.0,Cook2019_SI5,-,-,fenyves_sign_prediction,True,True,True,True,True,1.0,True
URBR__URXR,URBR,URXR,neuron_to_neuron,cook_si5_and_fenyves,16.0,16.0,16.0,Cook2019_SI5,-,-,fenyves_sign_prediction,True,True,True,True,True,7.0,True
URXL__ADAL,URXL,ADAL,neuron_to_neuron,cook_si5_and_fenyves,6.0,6.0,6.0,Cook2019_SI5,no pred,-,fenyves_no_pred_default_inhibitory,True,True,True,True,True,5.0,True
URXL__ADFL,URXL,ADFL,neuron_to_neuron,cook_si5_and_fenyves,1.0,1.0,1.0,Cook2019_SI5,no pred,-,fenyves_no_pred_default_inhibitory,True,True,True,True,True,1.0,True
URXL__AIML,URXL,AIML,neuron_to_neuron,cook_si5_and_fenyves,2.0,2.0,2.0,Cook2019_SI5,no pred,-,fenyves_no_pred_default_inhibitory,True,True,True,True,True,2.0,True
URXL__AIZL,URXL,AIZL,neuron_to_neuron,cook_si5_and_fenyves,1.0,1.0,1.0,Cook2019_SI5,-,-,fenyves_sign_prediction,True,True,True,True,True,1.0,True
URXL__ASHL,URXL,ASHL,neuron_to_neuron,cook_si5_and_fenyves,1.0,1.0,1.0,Cook2019_SI5,no pred,-,fenyves_no_pred_default_inhibitory,True,True,True,True,True,1.0,True
URXL__ASIL,URXL,ASIL,neuron_to_neuron,cook_si5_and_fenyves,1.0,1.0,1.0,Cook2019_SI5,no pred,-,fenyves_no_pred_default_inhibitory,True,True,True,True,True,1.0,True
URXL__AUAL,URXL,AUAL,neuron_to_neuron,cook_si5_and_fenyves,14.0,14.0,14.0,Cook2019_SI5,no pred,-,fenyves_no_pred_default_inhibitory,True,True,True,True,True,11.0,True
URXL__AVAL,URXL,AVAL,neuron_to_neuron,cook_si5_and_fenyves,1.0,1.0,1.0,Cook2019_SI5,complex,complex,fenyves_sign_prediction,True,True,True,True,True,1.0,True
URXL__AVBL,URXL,AVBL,neuron_to_neuron,cook_si5_and_fenyves,4.0,4.0,4.0,Cook2019_SI5,+,+,fenyves_sign_prediction,True,True,True,True,True,3.0,True
URXL__AVDR,URXL,AVDR,neuron_to_neuron,cook_si5_and_fenyves,1.0,1.0,1.0,Cook2019_SI5,no pred,-,fenyves_no_pred_default_inhibitory,True,True,True,True,True,1.0,True
URXL__AVEL,URXL,AVEL,neuron_to_neuron,cook_si5_and_fenyves,9.0,9.0,9.0,Cook2019_SI5,-,-,fenyves_sign_prediction,True,True,True,True,True,6.0,True
URXL__AVJR,URXL,AVJR,neuron_to_neuron,cook_si5_and_fenyves,4.0,4.0,4.0,Cook2019_SI5,no pred,-,fenyves_no_pred_default_inhibitory,True,True,True,True,True,4.0,True
URXL__BAGR,URXL,BAGR,neuron_to_neuron,cook_si5_and_fenyves,2.0,2.0,2.0,Cook2019_SI5,no pred,-,fenyves_no_pred_default_inhibitory,True,True,True,True,True,2.0,True
URXL__CEPDL,URXL,CEPDL,neuron_to_neuron,cook_si5_and_fenyves,1.0,1.0,1.0,Cook2019_SI5,no pred,-,fenyves_no_pred_default_inhibitory,True,True,True,True,True,1.0,True
URXL__HSNR,URXL,HSNR,neuron_to_neuron,cook_si5_and_fenyves,1.0,1.0,1.0,Cook2019_SI5,+,+,fenyves_sign_prediction,True,True,True,True,True,1.0,True
URXL__IL1DL,URXL,IL1DL,neuron_to_neuron,cook_si5_and_fenyves,2.0,2.0,2.0,Cook2019_SI5,+,+,fenyves_sign_prediction,True,True,True,True,True,2.0,True
URXL__IL2L,URXL,IL2L,neuron_to_neuron,cook_si5_and_fenyves,1.0,1.0,1.0,Cook2019_SI5,no pred,-,fenyves_no_pred_default_inhibitory,True,True,True,True,True,1.0,True
URXL__OLQVL,URXL,OLQVL,neuron_to_neuron,cook_si5_and_fenyves,2.0,2.0,2.0,Cook2019_SI5,no pred,-,fenyves_no_pred_default_inhibitory,True,True,True,True,True,1.0,True
URXL__RIAL,URXL,RIAL,neuron_to_neuron,cook_si5_and_fenyves,15.0,15.0,15.0,Cook2019_SI5,-,-,fenyves_sign_prediction,True,True,True,True,True,10.0,True
URXL__RICL,URXL,RICL,neuron_to_neuron,cook_si5_and_fenyves,8.0,8.0,8.0,Cook2019_SI5,no pred,-,fenyves_no_pred_default_inhibitory,True,True,True,True,True,4.0,True
URXL__RID,URXL,RID,neuron_to_neuron,cook_si5_only,1.0,1.0,,Cook2019_SI5,,-,missing_fenyves_default_inhibitory,True,True,True,True,False,1.0,True
URXL__RIGL,URXL,RIGL,neuron_to_neuron,cook_si5_and_fenyves,6.0,6.0,6.0,Cook2019_SI5,complex,complex,fenyves_sign_prediction,True,True,True,True,True,4.0,True
URXL__RIR,URXL,RIR,neuron_to_neuron,cook_si5_and_fenyves,1.0,1.0,1.0,Cook2019_SI5,no pred,-,fenyves_no_pred_default_inhibitory,True,True,True,True,True,1.0,True
URXL__RMGL,URXL,RMGL,neuron_to_neuron,cook_si5_and_fenyves,5.0,5.0,5.0,Cook2019_SI5,no pred,-,fenyves_no_pred_default_inhibitory,True,True,True,True,True,5.0,True
URXL__URXL,URXL,URXL,neuron_to_neuron,cook_si5_and_fenyves,3.0,3.0,3.0,Cook2019_SI5,-,-,fenyves_sign_prediction,True,True,True,True,True,2.0,True
URXR__ADAR,URXR,ADAR,neuron_to_neuron,cook_si5_and_fenyves,1.0,1.0,1.0,Cook2019_SI5,no pred,-,fenyves_no_pred_default_inhibitory,True,True,True,True,True,1.0,True
URXR__ADFR,URXR,ADFR,neuron_to_neuron,cook_si5_and_fenyves,4.0,4.0,4.0,Cook2019_SI5,no pred,-,fenyves_no_pred_default_inhibitory,True,True,True,True,True,2.0,True
URXR__ADLR,URXR,ADLR,neuron_to_neuron,cook_si5_and_fenyves,3.0,3.0,3.0,Cook2019_SI5,no pred,-,fenyves_no_pred_default_inhibitory,True,True,True,True,True,1.0,True
URXR__AIMR,URXR,AIMR,neuron_to_neuron,cook_si5_and_fenyves,3.0,3.0,3.0,Cook2019_SI5,no pred,-,fenyves_no_pred_default_inhibitory,True,True,True,True,True,2.0,True
URXR__ALMR,URXR,ALMR,neuron_to_neuron,cook_si5_and_fenyves,1.0,1.0,1.0,Cook2019_SI5,+,+,fenyves_sign_prediction,True,True,True,True,True,1.0,True
URXR__AUAR,URXR,AUAR,neuron_to_neuron,cook_si5_and_fenyves,21.0,21.0,21.0,Cook2019_SI5,no pred,-,fenyves_no_pred_default_inhibitory,True,True,True,True,True,9.0,True
URXR__AVAR,URXR,AVAR,neuron_to_neuron,cook_si5_and_fenyves,2.0,2.0,2.0,Cook2019_SI5,complex,complex,fenyves_sign_prediction,True,True,True,True,True,2.0,True
URXR__AVBL,URXR,AVBL,neuron_to_neuron,cook_si5_and_fenyves,2.0,2.0,2.0,Cook2019_SI5,+,+,fenyves_sign_prediction,True,True,True,True,True,2.0,True
URXR__AVBR,URXR,AVBR,neuron_to_neuron,cook_si5_and_fenyves,3.0,3.0,3.0,Cook2019_SI5,+,+,fenyves_sign_prediction,True,True,True,True,True,1.0,True
URXR__AVER,URXR,AVER,neuron_to_neuron,cook_si5_and_fenyves,2.0,2.0,2.0,Cook2019_SI5,-,-,fenyves_sign_prediction,True,True,True,True,True,1.0,True
URXR__AWBR,URXR,AWBR,neuron_to_neuron,cook_si5_and_fenyves,2.0,2.0,2.0,Cook2019_SI5,no pred,-,fenyves_no_pred_default_inhibitory,True,True,True,True,True,1.0,True
URXR__CEPDR,URXR,CEPDR,neuron_to_neuron,cook_si5_and_fenyves,1.0,1.0,1.0,Cook2019_SI5,no pred,-,fenyves_no_pred_default_inhibitory,True,True,True,True,True,1.0,True
URXR__OLQVR,URXR,OLQVR,neuron_to_neuron,cook_si5_and_fenyves,2.0,2.0,2.0,Cook2019_SI5,no pred,-,fenyves_no_pred_default_inhibitory,True,True,True,True,True,2.0,True
URXR__RIAR,URXR,RIAR,neuron_to_neuron,cook_si5_and_fenyves,20.0,20.0,20.0,Cook2019_SI5,-,-,fenyves_sign_prediction,True,True,True,True,True,9.0,True
URXR__RICR,URXR,RICR,neuron_to_neuron,cook_si5_and_fenyves,3.0,3.0,3.0,Cook2019_SI5,no pred,-,fenyves_no_pred_default_inhibitory,True,True,True,True,True,2.0,True
URXR__RIFR,URXR,RIFR,neuron_to_neuron,cook_si5_and_fenyves,3.0,3.0,3.0,Cook2019_SI5,no pred,-,fenyves_no_pred_default_inhibitory,True,True,True,True,True,1.0,True
URXR__RIGR,URXR,RIGR,neuron_to_neuron,cook_si5_and_fenyves,7.0,7.0,7.0,Cook2019_SI5,complex,complex,fenyves_sign_prediction,True,True,True,True,True,5.0,True
URXR__RIPR,URXR,RIPR,neuron_to_neuron,cook_si5_and_fenyves,10.0,10.0,10.0,Cook2019_SI5,no pred,-,fenyves_no_pred_default_inhibitory,True,True,True,True,True,7.0,True
URXR__RIR,URXR,RIR,neuron_to_neuron,cook_si5_and_fenyves,4.0,4.0,4.0,Cook2019_SI5,no pred,-,fenyves_no_pred_default_inhibitory,True,True,True,True,True,3.0,True
URXR__RMDDL,URXR,RMDDL,neuron_to_neuron,cook_si5_and_fenyves,2.0,2.0,2.0,Cook2019_SI5,-,-,fenyves_sign_prediction,True,True,True,True,True,1.0,True
URXR__RMDR,URXR,RMDR,neuron_to_neuron,cook_si5_and_fenyves,8.0,8.0,8.0,Cook2019_SI5,-,-,fenyves_sign_prediction,True,True,True,True,True,3.0,True
URXR__RMGR,URXR,RMGR,neuron_to_neuron,cook_si5_and_fenyves,6.0,6.0,6.0,Cook2019_SI5,no pred,-,fenyves_no_pred_default_inhibitory,True,True,True,True,True,6.0,True
URXR__SIADL,URXR,SIADL,neuron_to_neuron,cook_si5_and_fenyves,2.0,2.0,2.0,Cook2019_SI5,complex,complex,fenyves_sign_prediction,True,True,True,True,True,1.0,True
URXR__SIAVR,URXR,SIAVR,neuron_to_neuron,cook_si5_and_fenyves,4.0,4.0,4.0,Cook2019_SI5,complex,complex,fenyves_sign_prediction,True,True,True,True,True,1.0,True
URXR__SMBVR,URXR,SMBVR,neuron_to_neuron,cook_si5_and_fenyves,7.0,7.0,7.0,Cook2019_SI5,-,-,fenyves_sign_prediction,True,True,True,True,True,2.0,True
URXR__URBR,URXR,URBR,neuron_to_neuron,cook_si5_and_fenyves,8.0,8.0,8.0,Cook2019_SI5,+,+,fenyves_sign_prediction,True,True,True,True,True,6.0,True
URYDL__AIZL,URYDL,AIZL,neuron_to_neuron,cook_si5_and_fenyves,1.0,1.0,1.0,Cook2019_SI5,no pred,-,fenyves_no_pred_default_inhibitory,True,True,True,True,True,1.0,True
URYDL__AVEL,URYDL,AVEL,neuron_to_neuron,cook_si5_and_fenyves,1.0,1.0,1.0,Cook2019_SI5,+,+,fenyves_sign_prediction,True,True,True,True,True,1.0,True
URYDL__AVER,URYDL,AVER,neuron_to_neuron,cook_si5_and_fenyves,9.0,9.0,9.0,Cook2019_SI5,+,+,fenyves_sign_prediction,True,True,True,True,True,5.0,True
URYDL__IL1DL,URYDL,IL1DL,neuron_to_neuron,cook_si5_and_fenyves,3.0,3.0,3.0,Cook2019_SI5,no pred,-,fenyves_no_pred_default_inhibitory,True,True,True,True,True,2.0,True
URYDL__OLLL,URYDL,OLLL,neuron_to_neuron,cook_si5_and_fenyves,3.0,3.0,3.0,Cook2019_SI5,no pred,-,fenyves_no_pred_default_inhibitory,True,True,True,True,True,3.0,True
URYDL__OLQDL,URYDL,OLQDL,neuron_to_neuron,cook_si5_and_fenyves,2.0,2.0,2.0,Cook2019_SI5,no pred,-,fenyves_no_pred_default_inhibitory,True,True,True,True,True,2.0,True
URYDL__RIBL,URYDL,RIBL,neuron_to_neuron,cook_si5_and_fenyves,8.0,8.0,8.0,Cook2019_SI5,complex,complex,fenyves_sign_prediction,True,True,True,True,True,5.0,True
URYDL__RMDDR,URYDL,RMDDR,neuron_to_neuron,cook_si5_and_fenyves,15.0,15.0,15.0,Cook2019_SI5,+,+,fenyves_sign_prediction,True,True,True,True,True,4.0,True
URYDL__RMDVL,URYDL,RMDVL,neuron_to_neuron,cook_si5_and_fenyves,18.0,18.0,18.0,Cook2019_SI5,+,+,fenyves_sign_prediction,True,True,True,True,True,7.0,True
URYDL__SMDDL,URYDL,SMDDL,neuron_to_neuron,cook_si5_and_fenyves,2.0,2.0,2.0,Cook2019_SI5,+,+,fenyves_sign_prediction,True,True,True,True,True,2.0,True
URYDL__SMDDR,URYDL,SMDDR,neuron_to_neuron,cook_si5_and_fenyves,3.0,3.0,3.0,Cook2019_SI5,+,+,fenyves_sign_prediction,True,True,True,True,True,1.0,True
URYDR__AVBL,URYDR,AVBL,neuron_to_neuron,cook_si5_and_fenyves,1.0,1.0,1.0,Cook2019_SI5,+,+,fenyves_sign_prediction,True,True,True,True,True,1.0,True
URYDR__AVEL,URYDR,AVEL,neuron_to_neuron,cook_si5_and_fenyves,5.0,5.0,5.0,Cook2019_SI5,+,+,fenyves_sign_prediction,True,True,True,True,True,3.0,True
URYDR__AVER,URYDR,AVER,neuron_to_neuron,cook_si5_and_fenyves,2.0,2.0,2.0,Cook2019_SI5,+,+,fenyves_sign_prediction,True,True,True,True,True,2.0,True
URYDR__AWCL,URYDR,AWCL,neuron_to_neuron,cook_si5_and_fenyves,1.0,1.0,1.0,Cook2019_SI5,no pred,-,fenyves_no_pred_default_inhibitory,True,True,True,True,True,1.0,True
URYDR__CEPDR,URYDR,CEPDR,neuron_to_neuron,cook_si5_and_fenyves,3.0,3.0,3.0,Cook2019_SI5,no pred,-,fenyves_no_pred_default_inhibitory,True,True,True,True,True,1.0,True
URYDR__GLRDR,URYDR,GLRDR,neuron_to_non_neuron_or_muscle,cook_si5_only,2.0,2.0,,Cook2019_SI5,,-,missing_fenyves_default_inhibitory,True,True,False,True,False,1.0,True
URYDR__IL1DR,URYDR,IL1DR,neuron_to_neuron,cook_si5_and_fenyves,5.0,5.0,5.0,Cook2019_SI5,no pred,-,fenyves_no_pred_default_inhibitory,True,True,True,True,True,3.0,True
URYDR__OLQDR,URYDR,OLQDR,neuron_to_neuron,cook_si5_and_fenyves,1.0,1.0,1.0,Cook2019_SI5,no pred,-,fenyves_no_pred_default_inhibitory,True,True,True,True,True,1.0,True
URYDR__RIBR,URYDR,RIBR,neuron_to_neuron,cook_si5_and_fenyves,1.0,1.0,1.0,Cook2019_SI5,complex,complex,fenyves_sign_prediction,True,True,True,True,True,1.0,True
URYDR__RMDDL,URYDR,RMDDL,neuron_to_neuron,cook_si5_and_fenyves,9.0,9.0,9.0,Cook2019_SI5,+,+,fenyves_sign_prediction,True,True,True,True,True,3.0,True
URYDR__RMDVR,URYDR,RMDVR,neuron_to_neuron,cook_si5_and_fenyves,12.0,12.0,12.0,Cook2019_SI5,+,+,fenyves_sign_prediction,True,True,True,True,True,5.0,True
URYDR__RMED,URYDR,RMED,neuron_to_neuron,cook_si5_and_fenyves,7.0,7.0,7.0,Cook2019_SI5,complex,complex,fenyves_sign_prediction,True,True,True,True,True,1.0,True
URYDR__SMDDL,URYDR,SMDDL,neuron_to_neuron,cook_si5_and_fenyves,11.0,11.0,11.0,Cook2019_SI5,+,+,fenyves_sign_prediction,True,True,True,True,True,5.0,True
URYDR__SMDVR,URYDR,SMDVR,neuron_to_neuron,cook_si5_and_fenyves,3.0,3.0,3.0,Cook2019_SI5,+,+,fenyves_sign_prediction,True,True,True,True,True,1.0,True
URYDR__URXR,URYDR,URXR,neuron_to_neuron,cook_si5_and_fenyves,1.0,1.0,1.0,Cook2019_SI5,no pred,-,fenyves_no_pred_default_inhibitory,True,True,True,True,True,1.0,True
URYDR__dBWMR2,URYDR,dBWMR2,neuron_to_non_neuron_or_muscle,cook_si5_only,2.0,2.0,,Cook2019_SI5,,-,missing_fenyves_default_inhibitory,True,True,False,True,False,1.0,True
URYVL__ADAL,URYVL,ADAL,neuron_to_neuron,cook_si5_only,1.0,1.0,,Cook2019_SI5,,-,missing_fenyves_default_inhibitory,True,True,True,True,False,1.0,True
URYVL__AVBR,URYVL,AVBR,neuron_to_neuron,cook_si5_and_fenyves,1.0,1.0,1.0,Cook2019_SI5,+,+,fenyves_sign_prediction,True,True,True,True,True,1.0,True
URYVL__AVDR,URYVL,AVDR,neuron_to_neuron,cook_si5_and_fenyves,2.0,2.0,2.0,Cook2019_SI5,+,+,fenyves_sign_prediction,True,True,True,True,True,2.0,True
URYVL__AVEL,URYVL,AVEL,neuron_to_neuron,fenyves_only,8.0,,8.0,Fenyves2020_only,+,+,fenyves_only_connection_with_sign,True,True,True,False,True,0.0,False
URYVL__AVER,URYVL,AVER,neuron_to_neuron,cook_si5_and_fenyves,23.0,23.0,23.0,Cook2019_SI5,+,+,fenyves_sign_prediction,True,True,True,True,True,9.0,True
URYVL__AVJR,URYVL,AVJR,neuron_to_neuron,cook_si5_and_fenyves,1.0,1.0,1.0,Cook2019_SI5,+,+,fenyves_sign_prediction,True,True,True,True,True,1.0,True
URYVL__CEPVL,URYVL,CEPVL,neuron_to_neuron,cook_si5_and_fenyves,3.0,3.0,3.0,Cook2019_SI5,no pred,-,fenyves_no_pred_default_inhibitory,True,True,True,True,True,1.0,True
URYVL__CEPshVL,URYVL,CEPshVL,neuron_to_non_neuron_or_muscle,cook_si5_only,1.0,1.0,,Cook2019_SI5,,-,missing_fenyves_default_inhibitory,True,True,False,True,False,1.0,True
URYVL__IL1VL,URYVL,IL1VL,neuron_to_neuron,cook_si5_and_fenyves,1.0,1.0,1.0,Cook2019_SI5,no pred,-,fenyves_no_pred_default_inhibitory,True,True,True,True,True,1.0,True
URYVL__OLLL,URYVL,OLLL,neuron_to_neuron,cook_si5_and_fenyves,9.0,9.0,9.0,Cook2019_SI5,no pred,-,fenyves_no_pred_default_inhibitory,True,True,True,True,True,2.0,True
URYVL__OLLR,URYVL,OLLR,neuron_to_neuron,fenyves_only,5.0,,5.0,Fenyves2020_only,no pred,-,fenyves_no_pred_default_inhibitory,True,True,True,False,True,0.0,False
URYVL__OLQVL,URYVL,OLQVL,neuron_to_neuron,cook_si5_and_fenyves,9.0,9.0,9.0,Cook2019_SI5,no pred,-,fenyves_no_pred_default_inhibitory,True,True,True,True,True,2.0,True
URYVL__RIAL,URYVL,RIAL,neuron_to_neuron,cook_si5_and_fenyves,2.0,2.0,2.0,Cook2019_SI5,complex,complex,fenyves_sign_prediction,True,True,True,True,True,1.0,True
URYVL__RIBL,URYVL,RIBL,neuron_to_neuron,cook_si5_and_fenyves,9.0,9.0,9.0,Cook2019_SI5,complex,complex,fenyves_sign_prediction,True,True,True,True,True,5.0,True
URYVL__RIBR,URYVL,RIBR,neuron_to_neuron,fenyves_only,3.0,,3.0,Fenyves2020_only,complex,complex,fenyves_only_connection_with_sign,True,True,True,False,True,0.0,False
URYVL__RID,URYVL,RID,neuron_to_neuron,cook_si5_and_fenyves,4.0,4.0,4.0,Cook2019_SI5,no pred,-,fenyves_no_pred_default_inhibitory,True,True,True,True,True,3.0,True
URYVL__RIH,URYVL,RIH,neuron_to_neuron,cook_si5_and_fenyves,2.0,2.0,2.0,Cook2019_SI5,+,+,fenyves_sign_prediction,True,True,True,True,True,1.0,True
URYVL__RIS,URYVL,RIS,neuron_to_neuron,cook_si5_and_fenyves,1.0,1.0,1.0,Cook2019_SI5,complex,complex,fenyves_sign_prediction,True,True,True,True,True,1.0,True
URYVL__RMDDL,URYVL,RMDDL,neuron_to_neuron,cook_si5_and_fenyves,23.0,23.0,23.0,Cook2019_SI5,+,+,fenyves_sign_prediction,True,True,True,True,True,6.0,True
URYVL__RMDVR,URYVL,RMDVR,neuron_to_neuron,cook_si5_and_fenyves,17.0,17.0,17.0,Cook2019_SI5,+,+,fenyves_sign_prediction,True,True,True,True,True,2.0,True
URYVL__SIBVL,URYVL,SIBVL,neuron_to_neuron,cook_si5_and_fenyves,1.0,1.0,1.0,Cook2019_SI5,+,+,fenyves_sign_prediction,True,True,True,True,True,1.0,True
URYVL__SIBVR,URYVL,SIBVR,neuron_to_neuron,cook_si5_and_fenyves,4.0,4.0,4.0,Cook2019_SI5,+,+,fenyves_sign_prediction,True,True,True,True,True,0.0,False
URYVL__SMDVR,URYVL,SMDVR,neuron_to_neuron,cook_si5_and_fenyves,13.0,13.0,13.0,Cook2019_SI5,+,+,fenyves_sign_prediction,True,True,True,True,True,5.0,True
URYVL__URXL,URYVL,URXL,neuron_to_neuron,cook_si5_and_fenyves,2.0,2.0,2.0,Cook2019_SI5,no pred,-,fenyves_no_pred_default_inhibitory,True,True,True,True,True,1.0,True
URYVR__ADAR,URYVR,ADAR,neuron_to_neuron,cook_si5_and_fenyves,1.0,1.0,1.0,Cook2019_SI5,no pred,-,fenyves_no_pred_default_inhibitory,True,True,True,True,True,1.0,True
URYVR__AVAL,URYVR,AVAL,neuron_to_neuron,cook_si5_and_fenyves,2.0,2.0,2.0,Cook2019_SI5,+,+,fenyves_sign_prediction,True,True,True,True,True,1.0,True
URYVR__AVBL,URYVR,AVBL,neuron_to_neuron,cook_si5_and_fenyves,5.0,5.0,5.0,Cook2019_SI5,+,+,fenyves_sign_prediction,True,True,True,True,True,2.0,True
URYVR__AVEL,URYVR,AVEL,neuron_to_neuron,cook_si5_and_fenyves,26.0,26.0,26.0,Cook2019_SI5,+,+,fenyves_sign_prediction,True,True,True,True,True,10.0,True
URYVR__AVL,URYVR,AVL,neuron_to_neuron,cook_si5_and_fenyves,5.0,5.0,5.0,Cook2019_SI5,-,-,fenyves_sign_prediction,True,True,True,True,True,0.0,False
URYVR__CEPVR,URYVR,CEPVR,neuron_to_neuron,cook_si5_and_fenyves,1.0,1.0,1.0,Cook2019_SI5,no pred,-,fenyves_no_pred_default_inhibitory,True,True,True,True,True,1.0,True
URYVR__IL1VR,URYVR,IL1VR,neuron_to_neuron,cook_si5_and_fenyves,3.0,3.0,3.0,Cook2019_SI5,no pred,-,fenyves_no_pred_default_inhibitory,True,True,True,True,True,3.0,True
URYVR__RIAR,URYVR,RIAR,neuron_to_neuron,cook_si5_and_fenyves,2.0,2.0,2.0,Cook2019_SI5,complex,complex,fenyves_sign_prediction,True,True,True,True,True,1.0,True
URYVR__RIBR,URYVR,RIBR,neuron_to_neuron,cook_si5_and_fenyves,19.0,19.0,19.0,Cook2019_SI5,complex,complex,fenyves_sign_prediction,True,True,True,True,True,5.0,True
URYVR__RMDDR,URYVR,RMDDR,neuron_to_neuron,cook_si5_and_fenyves,32.0,32.0,32.0,Cook2019_SI5,+,+,fenyves_sign_prediction,True,True,True,True,True,11.0,True
URYVR__RMDL,URYVR,RMDL,neuron_to_neuron,cook_si5_and_fenyves,2.0,2.0,2.0,Cook2019_SI5,+,+,fenyves_sign_prediction,True,True,True,True,True,1.0,True
URYVR__RMDVL,URYVR,RMDVL,neuron_to_neuron,cook_si5_and_fenyves,19.0,19.0,19.0,Cook2019_SI5,+,+,fenyves_sign_prediction,True,True,True,True,True,4.0,True
URYVR__SIBDR,URYVR,SIBDR,neuron_to_neuron,cook_si5_only,4.0,4.0,,Cook2019_SI5,,-,missing_fenyves_default_inhibitory,True,True,True,True,False,0.0,False
URYVR__SIBVL,URYVR,SIBVL,neuron_to_neuron,cook_si5_and_fenyves,5.0,5.0,5.0,Cook2019_SI5,+,+,fenyves_sign_prediction,True,True,True,True,True,2.0,True
URYVR__SIBVR,URYVR,SIBVR,neuron_to_neuron,fenyves_only,4.0,,4.0,Fenyves2020_only,+,+,fenyves_only_connection_with_sign,True,True,True,False,True,0.0,False
URYVR__SMBDR,URYVR,SMBDR,neuron_to_neuron,cook_si5_and_fenyves,1.0,1.0,1.0,Cook2019_SI5,no pred,-,fenyves_no_pred_default_inhibitory,True,True,True,True,True,1.0,True
URYVR__SMDVL,URYVR,SMDVL,neuron_to_neuron,cook_si5_and_fenyves,11.0,11.0,11.0,Cook2019_SI5,+,+,fenyves_sign_prediction,True,True,True,True,True,3.0,True
VA01__DA02,VA01,DA02,neuron_to_neuron,cook_si5_and_fenyves,1.0,1.0,1.0,Cook2019_SI5,+,+,fenyves_sign_prediction,True,True,True,True,True,1.0,True
VA01__DD01,VA01,DD01,neuron_to_neuron,cook_si5_and_fenyves,12.0,12.0,12.0,Cook2019_SI5,+,+,fenyves_sign_prediction,True,True,True,True,True,8.0,True
VA01__VD01,VA01,VD01,neuron_to_neuron,cook_si5_and_fenyves,3.0,3.0,3.0,Cook2019_SI5,+,+,fenyves_sign_prediction,True,True,True,True,True,3.0,True
VA01__vBWML7,VA01,vBWML7,neuron_to_non_neuron_or_muscle,cook_si5_only,13.0,13.0,,Cook2019_SI5,,-,missing_fenyves_default_inhibitory,True,True,False,True,False,9.0,True
VA01__vBWML8,VA01,vBWML8,neuron_to_non_neuron_or_muscle,cook_si5_only,1.0,1.0,,Cook2019_SI5,,-,missing_fenyves_default_inhibitory,True,True,False,True,False,1.0,True
VA01__vBWMR7,VA01,vBWMR7,neuron_to_non_neuron_or_muscle,cook_si5_only,2.0,2.0,,Cook2019_SI5,,-,missing_fenyves_default_inhibitory,True,True,False,True,False,2.0,True
VA01__vBWMR8,VA01,vBWMR8,neuron_to_non_neuron_or_muscle,cook_si5_only,2.0,2.0,,Cook2019_SI5,,-,missing_fenyves_default_inhibitory,True,True,False,True,False,1.0,True
VA02__AVAL,VA02,AVAL,neuron_to_neuron,cook_si5_and_fenyves,1.0,1.0,1.0,Cook2019_SI5,complex,complex,fenyves_sign_prediction,True,True,True,True,True,1.0,True
VA02__DD01,VA02,DD01,neuron_to_neuron,cook_si5_and_fenyves,20.0,20.0,20.0,Cook2019_SI5,+,+,fenyves_sign_prediction,True,True,True,True,True,13.0,True
VA02__SAAVL,VA02,SAAVL,neuron_to_neuron,fenyves_only,1.0,,1.0,Fenyves2020_only,complex,complex,fenyves_only_connection_with_sign,True,True,True,False,True,0.0,False
VA02__VA01,VA02,VA01,neuron_to_neuron,cook_si5_and_fenyves,2.0,2.0,2.0,Cook2019_SI5,+,+,fenyves_sign_prediction,True,True,True,True,True,1.0,True
VA02__VA03,VA02,VA03,neuron_to_neuron,cook_si5_and_fenyves,2.0,2.0,2.0,Cook2019_SI5,+,+,fenyves_sign_prediction,True,True,True,True,True,1.0,True
VA02__VB01,VA02,VB01,neuron_to_neuron,cook_si5_and_fenyves,1.0,1.0,1.0,Cook2019_SI5,+,+,fenyves_sign_prediction,True,True,True,True,True,1.0,True
VA02__VB02,VA02,VB02,neuron_to_neuron,cook_si5_and_fenyves,1.0,1.0,1.0,Cook2019_SI5,+,+,fenyves_sign_prediction,True,True,True,True,True,1.0,True
VA02__VD01,VA02,VD01,neuron_to_neuron,cook_si5_and_fenyves,1.0,1.0,1.0,Cook2019_SI5,+,+,fenyves_sign_prediction,True,True,True,True,True,1.0,True
VA02__VD02,VA02,VD02,neuron_to_neuron,cook_si5_and_fenyves,27.0,27.0,27.0,Cook2019_SI5,+,+,fenyves_sign_prediction,True,True,True,True,True,15.0,True
VA02__vBWML7,VA02,vBWML7,neuron_to_non_neuron_or_muscle,cook_si5_only,1.0,1.0,,Cook2019_SI5,,-,missing_fenyves_default_inhibitory,True,True,False,True,False,1.0,True
VA02__vBWML8,VA02,vBWML8,neuron_to_non_neuron_or_muscle,cook_si5_only,10.0,10.0,,Cook2019_SI5,,-,missing_fenyves_default_inhibitory,True,True,False,True,False,6.0,True
VA02__vBWML9,VA02,vBWML9,neuron_to_non_neuron_or_muscle,cook_si5_only,3.0,3.0,,Cook2019_SI5,,-,missing_fenyves_default_inhibitory,True,True,False,True,False,2.0,True
VA02__vBWMR7,VA02,vBWMR7,neuron_to_non_neuron_or_muscle,cook_si5_only,5.0,5.0,,Cook2019_SI5,,-,missing_fenyves_default_inhibitory,True,True,False,True,False,3.0,True
VA02__vBWMR8,VA02,vBWMR8,neuron_to_non_neuron_or_muscle,cook_si5_only,7.0,7.0,,Cook2019_SI5,,-,missing_fenyves_default_inhibitory,True,True,False,True,False,3.0,True
VA02__vBWMR9,VA02,vBWMR9,neuron_to_non_neuron_or_muscle,cook_si5_only,5.0,5.0,,Cook2019_SI5,,-,missing_fenyves_default_inhibitory,True,True,False,True,False,2.0,True
VA03__DD01,VA03,DD01,neuron_to_neuron,cook_si5_and_fenyves,18.0,18.0,18.0,Cook2019_SI5,+,+,fenyves_sign_prediction,True,True,True,True,True,13.0,True
VA03__DD02,VA03,DD02,neuron_to_neuron,cook_si5_and_fenyves,10.0,10.0,10.0,Cook2019_SI5,+,+,fenyves_sign_prediction,True,True,True,True,True,9.0,True
VA03__VA04,VA03,VA04,neuron_to_neuron,cook_si5_and_fenyves,2.0,2.0,2.0,Cook2019_SI5,+,+,fenyves_sign_prediction,True,True,True,True,True,2.0,True
VA03__VB02,VA03,VB02,neuron_to_neuron,cook_si5_and_fenyves,1.0,1.0,1.0,Cook2019_SI5,+,+,fenyves_sign_prediction,True,True,True,True,True,1.0,True
VA03__VB03,VA03,VB03,neuron_to_neuron,cook_si5_and_fenyves,3.0,3.0,3.0,Cook2019_SI5,+,+,fenyves_sign_prediction,True,True,True,True,True,3.0,True
VA03__VD02,VA03,VD02,neuron_to_neuron,cook_si5_and_fenyves,3.0,3.0,3.0,Cook2019_SI5,+,+,fenyves_sign_prediction,True,True,True,True,True,2.0,True
VA03__VD03,VA03,VD03,neuron_to_neuron,cook_si5_and_fenyves,11.0,11.0,11.0,Cook2019_SI5,+,+,fenyves_sign_prediction,True,True,True,True,True,8.0,True
VA03__vBWML10,VA03,vBWML10,neuron_to_non_neuron_or_muscle,cook_si5_only,11.0,11.0,,Cook2019_SI5,,-,missing_fenyves_default_inhibitory,True,True,False,True,False,7.0,True
VA03__vBWML11,VA03,vBWML11,neuron_to_non_neuron_or_muscle,cook_si5_only,3.0,3.0,,Cook2019_SI5,,-,missing_fenyves_default_inhibitory,True,True,False,True,False,2.0,True
VA03__vBWML8,VA03,vBWML8,neuron_to_non_neuron_or_muscle,cook_si5_only,1.0,1.0,,Cook2019_SI5,,-,missing_fenyves_default_inhibitory,True,True,False,True,False,1.0,True
VA03__vBWML9,VA03,vBWML9,neuron_to_non_neuron_or_muscle,cook_si5_only,4.0,4.0,,Cook2019_SI5,,-,missing_fenyves_default_inhibitory,True,True,False,True,False,3.0,True
VA03__vBWMR10,VA03,vBWMR10,neuron_to_non_neuron_or_muscle,cook_si5_only,5.0,5.0,,Cook2019_SI5,,-,missing_fenyves_default_inhibitory,True,True,False,True,False,4.0,True
VA03__vBWMR11,VA03,vBWMR11,neuron_to_non_neuron_or_muscle,cook_si5_only,7.0,7.0,,Cook2019_SI5,,-,missing_fenyves_default_inhibitory,True,True,False,True,False,6.0,True
VA03__vBWMR9,VA03,vBWMR9,neuron_to_non_neuron_or_muscle,cook_si5_only,3.0,3.0,,Cook2019_SI5,,-,missing_fenyves_default_inhibitory,True,True,False,True,False,2.0,True
VA04__AVAR,VA04,AVAR,neuron_to_neuron,cook_si5_and_fenyves,1.0,1.0,1.0,Cook2019_SI5,complex,complex,fenyves_sign_prediction,True,True,True,True,True,1.0,True
VA04__AVDL,VA04,AVDL,neuron_to_neuron,cook_si5_and_fenyves,1.0,1.0,1.0,Cook2019_SI5,no pred,-,fenyves_no_pred_default_inhibitory,True,True,True,True,True,1.0,True
VA04__AVER,VA04,AVER,neuron_to_neuron,cook_si5_and_fenyves,1.0,1.0,1.0,Cook2019_SI5,-,-,fenyves_sign_prediction,True,True,True,True,True,1.0,True
VA04__DD02,VA04,DD02,neuron_to_neuron,cook_si5_and_fenyves,17.0,17.0,17.0,Cook2019_SI5,+,+,fenyves_sign_prediction,True,True,True,True,True,16.0,True
VA04__VB03,VA04,VB03,neuron_to_neuron,cook_si5_and_fenyves,8.0,8.0,8.0,Cook2019_SI5,+,+,fenyves_sign_prediction,True,True,True,True,True,8.0,True
VA04__VB04,VA04,VB04,neuron_to_neuron,cook_si5_and_fenyves,1.0,1.0,1.0,Cook2019_SI5,+,+,fenyves_sign_prediction,True,True,True,True,True,1.0,True
VA04__VD04,VA04,VD04,neuron_to_neuron,cook_si5_and_fenyves,8.0,8.0,8.0,Cook2019_SI5,+,+,fenyves_sign_prediction,True,True,True,True,True,8.0,True
VA04__vBWML12,VA04,vBWML12,neuron_to_non_neuron_or_muscle,cook_si5_only,5.0,5.0,,Cook2019_SI5,,-,missing_fenyves_default_inhibitory,True,True,False,True,False,0.0,False
VA04__vBWML13,VA04,vBWML13,neuron_to_non_neuron_or_muscle,cook_si5_only,3.0,3.0,,Cook2019_SI5,,-,missing_fenyves_default_inhibitory,True,True,False,True,False,0.0,False
VA04__vBWMR11,VA04,vBWMR11,neuron_to_non_neuron_or_muscle,cook_si5_only,8.0,8.0,,Cook2019_SI5,,-,missing_fenyves_default_inhibitory,True,True,False,True,False,8.0,True
VA04__vBWMR12,VA04,vBWMR12,neuron_to_non_neuron_or_muscle,cook_si5_only,5.0,5.0,,Cook2019_SI5,,-,missing_fenyves_default_inhibitory,True,True,False,True,False,0.0,False
VA04__vBWMR13,VA04,vBWMR13,neuron_to_non_neuron_or_muscle,cook_si5_only,1.0,1.0,,Cook2019_SI5,,-,missing_fenyves_default_inhibitory,True,True,False,True,False,0.0,False
VA05__DD02,VA05,DD02,neuron_to_neuron,cook_si5_and_fenyves,6.0,6.0,6.0,Cook2019_SI5,+,+,fenyves_sign_prediction,True,True,True,True,True,0.0,False
VA05__DD03,VA05,DD03,neuron_to_neuron,cook_si5_and_fenyves,17.0,17.0,17.0,Cook2019_SI5,+,+,fenyves_sign_prediction,True,True,True,True,True,0.0,False
VA05__VA06,VA05,VA06,neuron_to_neuron,cook_si5_and_fenyves,2.0,2.0,2.0,Cook2019_SI5,+,+,fenyves_sign_prediction,True,True,True,True,True,0.0,False
VA05__VB04,VA05,VB04,neuron_to_neuron,cook_si5_and_fenyves,1.0,1.0,1.0,Cook2019_SI5,+,+,fenyves_sign_prediction,True,True,True,True,True,0.0,False
VA05__VD05,VA05,VD05,neuron_to_neuron,cook_si5_and_fenyves,9.0,9.0,9.0,Cook2019_SI5,+,+,fenyves_sign_prediction,True,True,True,True,True,0.0,False
VA05__vBWML12,VA05,vBWML12,neuron_to_non_neuron_or_muscle,cook_si5_only,3.0,3.0,,Cook2019_SI5,,-,missing_fenyves_default_inhibitory,True,True,False,True,False,0.0,False
VA05__vBWML13,VA05,vBWML13,neuron_to_non_neuron_or_muscle,cook_si5_only,6.0,6.0,,Cook2019_SI5,,-,missing_fenyves_default_inhibitory,True,True,False,True,False,0.0,False
VA05__vBWMR12,VA05,vBWMR12,neuron_to_non_neuron_or_muscle,cook_si5_only,6.0,6.0,,Cook2019_SI5,,-,missing_fenyves_default_inhibitory,True,True,False,True,False,0.0,False
VA05__vBWMR13,VA05,vBWMR13,neuron_to_non_neuron_or_muscle,cook_si5_only,4.0,4.0,,Cook2019_SI5,,-,missing_fenyves_default_inhibitory,True,True,False,True,False,0.0,False
VA05__vBWMR14,VA05,vBWMR14,neuron_to_non_neuron_or_muscle,cook_si5_only,4.0,4.0,,Cook2019_SI5,,-,missing_fenyves_default_inhibitory,True,True,False,True,False,0.0,False
VA06__AS01,VA06,AS01,neuron_to_neuron,cook_si5_and_fenyves,13.0,13.0,13.0,Cook2019_SI5,+,+,fenyves_sign_prediction,True,True,True,True,True,0.0,False
VA06__AS02,VA06,AS02,neuron_to_neuron,cook_si5_and_fenyves,1.0,1.0,1.0,Cook2019_SI5,+,+,fenyves_sign_prediction,True,True,True,True,True,0.0,False
VA06__AVAR,VA06,AVAR,neuron_to_neuron,cook_si5_and_fenyves,1.0,1.0,1.0,Cook2019_SI5,complex,complex,fenyves_sign_prediction,True,True,True,True,True,1.0,True
VA06__DD03,VA06,DD03,neuron_to_neuron,cook_si5_and_fenyves,21.0,21.0,21.0,Cook2019_SI5,+,+,fenyves_sign_prediction,True,True,True,True,True,18.0,True
VA06__VA05,VA06,VA05,neuron_to_neuron,cook_si5_and_fenyves,2.0,2.0,2.0,Cook2019_SI5,+,+,fenyves_sign_prediction,True,True,True,True,True,0.0,False
VA06__VB04,VA06,VB04,neuron_to_neuron,cook_si5_and_fenyves,1.0,1.0,1.0,Cook2019_SI5,+,+,fenyves_sign_prediction,True,True,True,True,True,1.0,True
VA06__VB05,VA06,VB05,neuron_to_neuron,cook_si5_and_fenyves,7.0,7.0,7.0,Cook2019_SI5,+,+,fenyves_sign_prediction,True,True,True,True,True,7.0,True
VA06__VD05,VA06,VD05,neuron_to_neuron,cook_si5_and_fenyves,3.0,3.0,3.0,Cook2019_SI5,+,+,fenyves_sign_prediction,True,True,True,True,True,2.0,True
VA06__VD06,VA06,VD06,neuron_to_neuron,cook_si5_and_fenyves,6.0,6.0,6.0,Cook2019_SI5,+,+,fenyves_sign_prediction,True,True,True,True,True,6.0,True
VA06__vBWML13,VA06,vBWML13,neuron_to_non_neuron_or_muscle,cook_si5_only,2.0,2.0,,Cook2019_SI5,,-,missing_fenyves_default_inhibitory,True,True,False,True,False,0.0,False
VA06__vBWML14,VA06,vBWML14,neuron_to_non_neuron_or_muscle,cook_si5_only,10.0,10.0,,Cook2019_SI5,,-,missing_fenyves_default_inhibitory,True,True,False,True,False,0.0,False
VA06__vBWML15,VA06,vBWML15,neuron_to_non_neuron_or_muscle,cook_si5_only,1.0,1.0,,Cook2019_SI5,,-,missing_fenyves_default_inhibitory,True,True,False,True,False,0.0,False
VA06__vBWMR12,VA06,vBWMR12,neuron_to_non_neuron_or_muscle,cook_si5_only,2.0,2.0,,Cook2019_SI5,,-,missing_fenyves_default_inhibitory,True,True,False,True,False,0.0,False
VA06__vBWMR13,VA06,vBWMR13,neuron_to_non_neuron_or_muscle,cook_si5_only,1.0,1.0,,Cook2019_SI5,,-,missing_fenyves_default_inhibitory,True,True,False,True,False,0.0,False
VA06__vBWMR14,VA06,vBWMR14,neuron_to_non_neuron_or_muscle,cook_si5_only,5.0,5.0,,Cook2019_SI5,,-,missing_fenyves_default_inhibitory,True,True,False,True,False,0.0,False
VA06__vBWMR15,VA06,vBWMR15,neuron_to_non_neuron_or_muscle,cook_si5_only,1.0,1.0,,Cook2019_SI5,,-,missing_fenyves_default_inhibitory,True,True,False,True,False,0.0,False
VA07__AS01,VA07,AS01,neuron_to_neuron,cook_si5_and_fenyves,1.0,1.0,1.0,Cook2019_SI5,+,+,fenyves_sign_prediction,True,True,True,True,True,0.0,False
VA07__AS02,VA07,AS02,neuron_to_neuron,cook_si5_and_fenyves,10.0,10.0,10.0,Cook2019_SI5,+,+,fenyves_sign_prediction,True,True,True,True,True,0.0,False
VA07__AS03,VA07,AS03,neuron_to_neuron,cook_si5_and_fenyves,3.0,3.0,3.0,Cook2019_SI5,+,+,fenyves_sign_prediction,True,True,True,True,True,0.0,False
VA07__DD03,VA07,DD03,neuron_to_neuron,cook_si5_and_fenyves,3.0,3.0,3.0,Cook2019_SI5,+,+,fenyves_sign_prediction,True,True,True,True,True,3.0,True
VA07__DD04,VA07,DD04,neuron_to_neuron,cook_si5_and_fenyves,17.0,17.0,17.0,Cook2019_SI5,+,+,fenyves_sign_prediction,True,True,True,True,True,0.0,False
VA07__VB06,VA07,VB06,neuron_to_neuron,cook_si5_and_fenyves,1.0,1.0,1.0,Cook2019_SI5,+,+,fenyves_sign_prediction,True,True,True,True,True,1.0,True
VA07__VD06,VA07,VD06,neuron_to_neuron,cook_si5_and_fenyves,2.0,2.0,2.0,Cook2019_SI5,+,+,fenyves_sign_prediction,True,True,True,True,True,2.0,True
VA07__VD07,VA07,VD07,neuron_to_neuron,cook_si5_and_fenyves,13.0,13.0,13.0,Cook2019_SI5,+,+,fenyves_sign_prediction,True,True,True,True,True,13.0,True
VA07__vBWML14,VA07,vBWML14,neuron_to_non_neuron_or_muscle,cook_si5_only,2.0,2.0,,Cook2019_SI5,,-,missing_fenyves_default_inhibitory,True,True,False,True,False,0.0,False
VA07__vBWML15,VA07,vBWML15,neuron_to_non_neuron_or_muscle,cook_si5_only,8.0,8.0,,Cook2019_SI5,,-,missing_fenyves_default_inhibitory,True,True,False,True,False,0.0,False
VA07__vBWML16,VA07,vBWML16,neuron_to_non_neuron_or_muscle,cook_si5_only,6.0,6.0,,Cook2019_SI5,,-,missing_fenyves_default_inhibitory,True,True,False,True,False,0.0,False
VA07__vBWMR14,VA07,vBWMR14,neuron_to_non_neuron_or_muscle,cook_si5_only,3.0,3.0,,Cook2019_SI5,,-,missing_fenyves_default_inhibitory,True,True,False,True,False,0.0,False
VA07__vBWMR15,VA07,vBWMR15,neuron_to_non_neuron_or_muscle,cook_si5_only,10.0,10.0,,Cook2019_SI5,,-,missing_fenyves_default_inhibitory,True,True,False,True,False,0.0,False
VA07__vBWMR16,VA07,vBWMR16,neuron_to_non_neuron_or_muscle,cook_si5_only,2.0,2.0,,Cook2019_SI5,,-,missing_fenyves_default_inhibitory,True,True,False,True,False,0.0,False
VA07__vm1AR,VA07,vm1AR,neuron_to_non_neuron_or_muscle,cook_si5_only,2.0,2.0,,Cook2019_SI5,,-,missing_fenyves_default_inhibitory,True,True,False,True,False,0.0,False
VA08__AS02,VA08,AS02,neuron_to_neuron,cook_si5_and_fenyves,1.0,1.0,1.0,Cook2019_SI5,+,+,fenyves_sign_prediction,True,True,True,True,True,0.0,False
VA08__AS03,VA08,AS03,neuron_to_neuron,cook_si5_and_fenyves,4.0,4.0,4.0,Cook2019_SI5,+,+,fenyves_sign_prediction,True,True,True,True,True,0.0,False
VA08__AS04,VA08,AS04,neuron_to_neuron,cook_si5_and_fenyves,11.0,11.0,11.0,Cook2019_SI5,+,+,fenyves_sign_prediction,True,True,True,True,True,0.0,False
VA08__AS05,VA08,AS05,neuron_to_neuron,cook_si5_and_fenyves,3.0,3.0,3.0,Cook2019_SI5,+,+,fenyves_sign_prediction,True,True,True,True,True,0.0,False
VA08__DD04,VA08,DD04,neuron_to_neuron,cook_si5_and_fenyves,9.0,9.0,9.0,Cook2019_SI5,+,+,fenyves_sign_prediction,True,True,True,True,True,0.0,False
VA08__DD05,VA08,DD05,neuron_to_neuron,cook_si5_and_fenyves,9.0,9.0,9.0,Cook2019_SI5,+,+,fenyves_sign_prediction,True,True,True,True,True,0.0,False
VA08__VB06,VA08,VB06,neuron_to_neuron,cook_si5_and_fenyves,1.0,1.0,1.0,Cook2019_SI5,+,+,fenyves_sign_prediction,True,True,True,True,True,1.0,True
VA08__VD07,VA08,VD07,neuron_to_neuron,cook_si5_and_fenyves,2.0,2.0,2.0,Cook2019_SI5,+,+,fenyves_sign_prediction,True,True,True,True,True,3.0,True
VA08__VD08,VA08,VD08,neuron_to_neuron,cook_si5_and_fenyves,3.0,3.0,3.0,Cook2019_SI5,+,+,fenyves_sign_prediction,True,True,True,True,True,0.0,False
VA08__VD09,VA08,VD09,neuron_to_neuron,cook_si5_and_fenyves,3.0,3.0,3.0,Cook2019_SI5,+,+,fenyves_sign_prediction,True,True,True,True,True,0.0,False
VA08__vBWML16,VA08,vBWML16,neuron_to_non_neuron_or_muscle,cook_si5_only,3.0,3.0,,Cook2019_SI5,,-,missing_fenyves_default_inhibitory,True,True,False,True,False,0.0,False
VA08__vBWML17,VA08,vBWML17,neuron_to_non_neuron_or_muscle,cook_si5_only,4.0,4.0,,Cook2019_SI5,,-,missing_fenyves_default_inhibitory,True,True,False,True,False,0.0,False
VA08__vBWML18,VA08,vBWML18,neuron_to_non_neuron_or_muscle,cook_si5_only,4.0,4.0,,Cook2019_SI5,,-,missing_fenyves_default_inhibitory,True,True,False,True,False,0.0,False
VA08__vBWMR14,VA08,vBWMR14,neuron_to_non_neuron_or_muscle,cook_si5_only,1.0,1.0,,Cook2019_SI5,,-,missing_fenyves_default_inhibitory,True,True,False,True,False,0.0,False
VA08__vBWMR15,VA08,vBWMR15,neuron_to_non_neuron_or_muscle,cook_si5_only,1.0,1.0,,Cook2019_SI5,,-,missing_fenyves_default_inhibitory,True,True,False,True,False,0.0,False
VA08__vBWMR16,VA08,vBWMR16,neuron_to_non_neuron_or_muscle,cook_si5_only,3.0,3.0,,Cook2019_SI5,,-,missing_fenyves_default_inhibitory,True,True,False,True,False,0.0,False
VA08__vBWMR17,VA08,vBWMR17,neuron_to_non_neuron_or_muscle,cook_si5_only,4.0,4.0,,Cook2019_SI5,,-,missing_fenyves_default_inhibitory,True,True,False,True,False,0.0,False
VA08__vBWMR18,VA08,vBWMR18,neuron_to_non_neuron_or_muscle,cook_si5_only,4.0,4.0,,Cook2019_SI5,,-,missing_fenyves_default_inhibitory,True,True,False,True,False,0.0,False
VA09__AS06,VA09,AS06,neuron_to_neuron,cook_si5_and_fenyves,5.0,5.0,5.0,Cook2019_SI5,+,+,fenyves_sign_prediction,True,True,True,True,True,0.0,False
VA09__AS07,VA09,AS07,neuron_to_neuron,cook_si5_and_fenyves,3.0,3.0,3.0,Cook2019_SI5,+,+,fenyves_sign_prediction,True,True,True,True,True,0.0,False
VA09__DD04,VA09,DD04,neuron_to_neuron,cook_si5_and_fenyves,6.0,6.0,6.0,Cook2019_SI5,+,+,fenyves_sign_prediction,True,True,True,True,True,0.0,False
VA09__DD05,VA09,DD05,neuron_to_neuron,cook_si5_and_fenyves,6.0,6.0,6.0,Cook2019_SI5,+,+,fenyves_sign_prediction,True,True,True,True,True,0.0,False
VA09__DD06,VA09,DD06,neuron_to_neuron,cook_si5_and_fenyves,6.0,6.0,6.0,Cook2019_SI5,+,+,fenyves_sign_prediction,True,True,True,True,True,0.0,False
VA09__VB07,VA09,VB07,neuron_to_neuron,cook_si5_and_fenyves,1.0,1.0,1.0,Cook2019_SI5,+,+,fenyves_sign_prediction,True,True,True,True,True,0.0,False
VA09__VB08,VA09,VB08,neuron_to_neuron,cook_si5_and_fenyves,1.0,1.0,1.0,Cook2019_SI5,+,+,fenyves_sign_prediction,True,True,True,True,True,0.0,False
VA09__VD09,VA09,VD09,neuron_to_neuron,cook_si5_and_fenyves,2.0,2.0,2.0,Cook2019_SI5,+,+,fenyves_sign_prediction,True,True,True,True,True,0.0,False
VA09__VD10,VA09,VD10,neuron_to_neuron,cook_si5_and_fenyves,3.0,3.0,3.0,Cook2019_SI5,+,+,fenyves_sign_prediction,True,True,True,True,True,0.0,False
VA09__VD11,VA09,VD11,neuron_to_neuron,cook_si5_and_fenyves,3.0,3.0,3.0,Cook2019_SI5,+,+,fenyves_sign_prediction,True,True,True,True,True,0.0,False
VA09__vBWML17,VA09,vBWML17,neuron_to_non_neuron_or_muscle,cook_si5_only,3.0,3.0,,Cook2019_SI5,,-,missing_fenyves_default_inhibitory,True,True,False,True,False,0.0,False
VA09__vBWML18,VA09,vBWML18,neuron_to_non_neuron_or_muscle,cook_si5_only,4.0,4.0,,Cook2019_SI5,,-,missing_fenyves_default_inhibitory,True,True,False,True,False,0.0,False
VA09__vBWML19,VA09,vBWML19,neuron_to_non_neuron_or_muscle,cook_si5_only,4.0,4.0,,Cook2019_SI5,,-,missing_fenyves_default_inhibitory,True,True,False,True,False,0.0,False
VA09__vBWMR17,VA09,vBWMR17,neuron_to_non_neuron_or_muscle,cook_si5_only,3.0,3.0,,Cook2019_SI5,,-,missing_fenyves_default_inhibitory,True,True,False,True,False,0.0,False
VA09__vBWMR18,VA09,vBWMR18,neuron_to_non_neuron_or_muscle,cook_si5_only,4.0,4.0,,Cook2019_SI5,,-,missing_fenyves_default_inhibitory,True,True,False,True,False,0.0,False
VA09__vBWMR19,VA09,vBWMR19,neuron_to_non_neuron_or_muscle,cook_si5_only,4.0,4.0,,Cook2019_SI5,,-,missing_fenyves_default_inhibitory,True,True,False,True,False,0.0,False
VA10__AS06,VA10,AS06,neuron_to_neuron,cook_si5_and_fenyves,3.0,3.0,3.0,Cook2019_SI5,+,+,fenyves_sign_prediction,True,True,True,True,True,0.0,False
VA10__AS07,VA10,AS07,neuron_to_neuron,cook_si5_and_fenyves,6.0,6.0,6.0,Cook2019_SI5,+,+,fenyves_sign_prediction,True,True,True,True,True,0.0,False
VA10__AS10,VA10,AS10,neuron_to_neuron,cook_si5_only,1.0,1.0,,Cook2019_SI5,,-,missing_fenyves_default_inhibitory,True,True,True,True,False,1.0,True
VA10__DD05,VA10,DD05,neuron_to_neuron,cook_si5_and_fenyves,9.0,9.0,9.0,Cook2019_SI5,+,+,fenyves_sign_prediction,True,True,True,True,True,0.0,False
VA10__DD06,VA10,DD06,neuron_to_neuron,cook_si5_and_fenyves,9.0,9.0,9.0,Cook2019_SI5,+,+,fenyves_sign_prediction,True,True,True,True,True,0.0,False
VA10__VB08,VA10,VB08,neuron_to_neuron,cook_si5_and_fenyves,1.0,1.0,1.0,Cook2019_SI5,+,+,fenyves_sign_prediction,True,True,True,True,True,0.0,False
VA10__VB09,VA10,VB09,neuron_to_neuron,cook_si5_and_fenyves,1.0,1.0,1.0,Cook2019_SI5,+,+,fenyves_sign_prediction,True,True,True,True,True,0.0,False
VA10__VD10,VA10,VD10,neuron_to_neuron,cook_si5_and_fenyves,2.0,2.0,2.0,Cook2019_SI5,+,+,fenyves_sign_prediction,True,True,True,True,True,0.0,False
VA10__VD11,VA10,VD11,neuron_to_neuron,cook_si5_and_fenyves,3.0,3.0,3.0,Cook2019_SI5,+,+,fenyves_sign_prediction,True,True,True,True,True,0.0,False
VA10__VD12,VA10,VD12,neuron_to_neuron,cook_si5_and_fenyves,3.0,3.0,3.0,Cook2019_SI5,+,+,fenyves_sign_prediction,True,True,True,True,True,0.0,False
VA10__hyp,VA10,hyp,neuron_to_non_neuron_or_muscle,cook_si5_only,1.0,1.0,,Cook2019_SI5,,-,missing_fenyves_default_inhibitory,True,True,False,True,False,1.0,True
VA10__vBWML18,VA10,vBWML18,neuron_to_non_neuron_or_muscle,cook_si5_only,3.0,3.0,,Cook2019_SI5,,-,missing_fenyves_default_inhibitory,True,True,False,True,False,0.0,False
VA10__vBWML19,VA10,vBWML19,neuron_to_non_neuron_or_muscle,cook_si5_only,4.0,4.0,,Cook2019_SI5,,-,missing_fenyves_default_inhibitory,True,True,False,True,False,0.0,False
VA10__vBWML20,VA10,vBWML20,neuron_to_non_neuron_or_muscle,cook_si5_only,4.0,4.0,,Cook2019_SI5,,-,missing_fenyves_default_inhibitory,True,True,False,True,False,0.0,False
VA10__vBWMR18,VA10,vBWMR18,neuron_to_non_neuron_or_muscle,cook_si5_only,3.0,3.0,,Cook2019_SI5,,-,missing_fenyves_default_inhibitory,True,True,False,True,False,0.0,False
VA10__vBWMR19,VA10,vBWMR19,neuron_to_non_neuron_or_muscle,cook_si5_only,3.0,3.0,,Cook2019_SI5,,-,missing_fenyves_default_inhibitory,True,True,False,True,False,0.0,False
VA10__vBWMR20,VA10,vBWMR20,neuron_to_non_neuron_or_muscle,cook_si5_only,3.0,3.0,,Cook2019_SI5,,-,missing_fenyves_default_inhibitory,True,True,False,True,False,0.0,False
VA10__vBWMR21,VA10,vBWMR21,neuron_to_non_neuron_or_muscle,cook_si5_only,2.0,2.0,,Cook2019_SI5,,-,missing_fenyves_default_inhibitory,True,True,False,True,False,0.0,False
VA11__AS07,VA11,AS07,neuron_to_neuron,cook_si5_and_fenyves,2.0,2.0,2.0,Cook2019_SI5,+,+,fenyves_sign_prediction,True,True,True,True,True,0.0,False
VA11__AS08,VA11,AS08,neuron_to_neuron,cook_si5_and_fenyves,10.0,10.0,10.0,Cook2019_SI5,+,+,fenyves_sign_prediction,True,True,True,True,True,0.0,False
VA11__AS09,VA11,AS09,neuron_to_neuron,cook_si5_and_fenyves,1.0,1.0,1.0,Cook2019_SI5,+,+,fenyves_sign_prediction,True,True,True,True,True,0.0,False
VA11__DD06,VA11,DD06,neuron_to_neuron,cook_si5_and_fenyves,19.0,19.0,19.0,Cook2019_SI5,+,+,fenyves_sign_prediction,True,True,True,True,True,12.0,True
VA11__PVNR,VA11,PVNR,neuron_to_neuron,cook_si5_and_fenyves,1.0,1.0,1.0,Cook2019_SI5,+,+,fenyves_sign_prediction,True,True,True,True,True,2.0,True
VA11__VB10,VA11,VB10,neuron_to_neuron,cook_si5_and_fenyves,6.0,6.0,6.0,Cook2019_SI5,+,+,fenyves_sign_prediction,True,True,True,True,True,3.0,True
VA11__VD11,VA11,VD11,neuron_to_neuron,cook_si5_and_fenyves,5.0,5.0,5.0,Cook2019_SI5,+,+,fenyves_sign_prediction,True,True,True,True,True,3.0,True
VA11__VD12,VA11,VD12,neuron_to_neuron,cook_si5_and_fenyves,3.0,3.0,3.0,Cook2019_SI5,+,+,fenyves_sign_prediction,True,True,True,True,True,4.0,True
VA11__vBWML19,VA11,vBWML19,neuron_to_non_neuron_or_muscle,cook_si5_only,2.0,2.0,,Cook2019_SI5,,-,missing_fenyves_default_inhibitory,True,True,False,True,False,2.0,True
VA11__vBWML20,VA11,vBWML20,neuron_to_non_neuron_or_muscle,cook_si5_only,7.0,7.0,,Cook2019_SI5,,-,missing_fenyves_default_inhibitory,True,True,False,True,False,7.0,True
VA11__vBWML21,VA11,vBWML21,neuron_to_non_neuron_or_muscle,cook_si5_only,4.0,4.0,,Cook2019_SI5,,-,missing_fenyves_default_inhibitory,True,True,False,True,False,0.0,False
VA11__vBWMR20,VA11,vBWMR20,neuron_to_non_neuron_or_muscle,cook_si5_only,12.0,12.0,,Cook2019_SI5,,-,missing_fenyves_default_inhibitory,True,True,False,True,False,9.0,True
VA11__vBWMR21,VA11,vBWMR21,neuron_to_non_neuron_or_muscle,cook_si5_only,3.0,3.0,,Cook2019_SI5,,-,missing_fenyves_default_inhibitory,True,True,False,True,False,0.0,False
VA11__vBWMR22,VA11,vBWMR22,neuron_to_non_neuron_or_muscle,cook_si5_only,3.0,3.0,,Cook2019_SI5,,-,missing_fenyves_default_inhibitory,True,True,False,True,False,0.0,False
VA11__vBWMR23,VA11,vBWMR23,neuron_to_non_neuron_or_muscle,cook_si5_only,2.0,2.0,,Cook2019_SI5,,-,missing_fenyves_default_inhibitory,True,True,False,True,False,0.0,False
VA12__AS08,VA12,AS08,neuron_to_neuron,cook_si5_and_fenyves,2.0,2.0,2.0,Cook2019_SI5,+,+,fenyves_sign_prediction,True,True,True,True,True,0.0,False
VA12__AS09,VA12,AS09,neuron_to_neuron,cook_si5_and_fenyves,8.0,8.0,8.0,Cook2019_SI5,+,+,fenyves_sign_prediction,True,True,True,True,True,0.0,False
VA12__AS10,VA12,AS10,neuron_to_neuron,cook_si5_and_fenyves,6.0,6.0,6.0,Cook2019_SI5,+,+,fenyves_sign_prediction,True,True,True,True,True,0.0,False
VA12__AS11,VA12,AS11,neuron_to_neuron,cook_si5_and_fenyves,6.0,6.0,6.0,Cook2019_SI5,+,+,fenyves_sign_prediction,True,True,True,True,True,4.0,True
VA12__AVAL,VA12,AVAL,neuron_to_neuron,cook_si5_and_fenyves,3.0,3.0,3.0,Cook2019_SI5,complex,complex,fenyves_sign_prediction,True,True,True,True,True,2.0,True
VA12__DA08,VA12,DA08,neuron_to_neuron,cook_si5_and_fenyves,9.0,9.0,9.0,Cook2019_SI5,+,+,fenyves_sign_prediction,True,True,True,True,True,6.0,True
VA12__DA09,VA12,DA09,neuron_to_neuron,cook_si5_and_fenyves,17.0,17.0,17.0,Cook2019_SI5,+,+,fenyves_sign_prediction,True,True,True,True,True,12.0,True
VA12__DB07,VA12,DB07,neuron_to_neuron,cook_si5_and_fenyves,10.0,10.0,10.0,Cook2019_SI5,+,+,fenyves_sign_prediction,True,True,True,True,True,7.0,True
VA12__DD06,VA12,DD06,neuron_to_neuron,cook_si5_and_fenyves,2.0,2.0,2.0,Cook2019_SI5,+,+,fenyves_sign_prediction,True,True,True,True,True,2.0,True
VA12__LUAL,VA12,LUAL,neuron_to_neuron,cook_si5_and_fenyves,2.0,2.0,2.0,Cook2019_SI5,no pred,-,fenyves_no_pred_default_inhibitory,True,True,True,True,True,2.0,True
VA12__PHCR,VA12,PHCR,neuron_to_neuron,cook_si5_and_fenyves,1.0,1.0,1.0,Cook2019_SI5,no pred,-,fenyves_no_pred_default_inhibitory,True,True,True,True,True,1.0,True
VA12__PVCL,VA12,PVCL,neuron_to_neuron,cook_si5_and_fenyves,3.0,3.0,3.0,Cook2019_SI5,+,+,fenyves_sign_prediction,True,True,True,True,True,2.0,True
VA12__PVCR,VA12,PVCR,neuron_to_neuron,cook_si5_and_fenyves,4.0,4.0,4.0,Cook2019_SI5,+,+,fenyves_sign_prediction,True,True,True,True,True,4.0,True
VA12__VA11,VA12,VA11,neuron_to_neuron,cook_si5_and_fenyves,4.0,4.0,4.0,Cook2019_SI5,+,+,fenyves_sign_prediction,True,True,True,True,True,3.0,True
VA12__VB11,VA12,VB11,neuron_to_neuron,cook_si5_and_fenyves,4.0,4.0,4.0,Cook2019_SI5,+,+,fenyves_sign_prediction,True,True,True,True,True,3.0,True
VA12__VD12,VA12,VD12,neuron_to_neuron,cook_si5_and_fenyves,7.0,7.0,7.0,Cook2019_SI5,+,+,fenyves_sign_prediction,True,True,True,True,True,5.0,True
VA12__VD13,VA12,VD13,neuron_to_neuron,cook_si5_and_fenyves,12.0,12.0,12.0,Cook2019_SI5,+,+,fenyves_sign_prediction,True,True,True,True,True,11.0,True
VA12__hyp,VA12,hyp,neuron_to_non_neuron_or_muscle,cook_si5_only,2.0,2.0,,Cook2019_SI5,,-,missing_fenyves_default_inhibitory,True,True,False,True,False,2.0,True
VA12__vBWML21,VA12,vBWML21,neuron_to_non_neuron_or_muscle,cook_si5_only,8.0,8.0,,Cook2019_SI5,,-,missing_fenyves_default_inhibitory,True,True,False,True,False,7.0,True
VA12__vBWML22,VA12,vBWML22,neuron_to_non_neuron_or_muscle,cook_si5_only,4.0,4.0,,Cook2019_SI5,,-,missing_fenyves_default_inhibitory,True,True,False,True,False,0.0,False
VA12__vBWML23,VA12,vBWML23,neuron_to_non_neuron_or_muscle,cook_si5_only,4.0,4.0,,Cook2019_SI5,,-,missing_fenyves_default_inhibitory,True,True,False,True,False,0.0,False
VA12__vBWMR21,VA12,vBWMR21,neuron_to_non_neuron_or_muscle,cook_si5_only,9.0,9.0,,Cook2019_SI5,,-,missing_fenyves_default_inhibitory,True,True,False,True,False,7.0,True
VA12__vBWMR22,VA12,vBWMR22,neuron_to_non_neuron_or_muscle,cook_si5_only,3.0,3.0,,Cook2019_SI5,,-,missing_fenyves_default_inhibitory,True,True,False,True,False,0.0,False
VA12__vBWMR23,VA12,vBWMR23,neuron_to_non_neuron_or_muscle,cook_si5_only,4.0,4.0,,Cook2019_SI5,,-,missing_fenyves_default_inhibitory,True,True,False,True,False,0.0,False
VA12__vBWMR24,VA12,vBWMR24,neuron_to_non_neuron_or_muscle,cook_si5_only,4.0,4.0,,Cook2019_SI5,,-,missing_fenyves_default_inhibitory,True,True,False,True,False,0.0,False
VB01__ADAL,VB01,ADAL,neuron_to_neuron,cook_si5_and_fenyves,5.0,5.0,5.0,Cook2019_SI5,no pred,-,fenyves_no_pred_default_inhibitory,True,True,True,True,True,2.0,True
VB01__AIBR,VB01,AIBR,neuron_to_neuron,cook_si5_and_fenyves,2.0,2.0,2.0,Cook2019_SI5,-,-,fenyves_sign_prediction,True,True,True,True,True,2.0,True
VB01__DD01,VB01,DD01,neuron_to_neuron,cook_si5_and_fenyves,1.0,1.0,1.0,Cook2019_SI5,+,+,fenyves_sign_prediction,True,True,True,True,True,1.0,True
VB01__RIML,VB01,RIML,neuron_to_neuron,cook_si5_and_fenyves,10.0,10.0,10.0,Cook2019_SI5,complex,complex,fenyves_sign_prediction,True,True,True,True,True,5.0,True
VB01__RMFL,VB01,RMFL,neuron_to_neuron,cook_si5_and_fenyves,10.0,10.0,10.0,Cook2019_SI5,-,-,fenyves_sign_prediction,True,True,True,True,True,4.0,True
VB01__SAADL,VB01,SAADL,neuron_to_neuron,cook_si5_and_fenyves,18.0,18.0,18.0,Cook2019_SI5,complex,complex,fenyves_sign_prediction,True,True,True,True,True,10.0,True
VB01__SAADR,VB01,SAADR,neuron_to_neuron,cook_si5_only,5.0,5.0,,Cook2019_SI5,,-,missing_fenyves_default_inhibitory,True,True,True,True,False,3.0,True
VB01__SABD,VB01,SABD,neuron_to_neuron,cook_si5_only,1.0,1.0,,Cook2019_SI5,,-,missing_fenyves_default_inhibitory,True,True,True,True,False,1.0,True
VB01__SMBVL,VB01,SMBVL,neuron_to_neuron,cook_si5_and_fenyves,3.0,3.0,3.0,Cook2019_SI5,-,-,fenyves_sign_prediction,True,True,True,True,True,1.0,True
VB01__VA01,VB01,VA01,neuron_to_neuron,cook_si5_and_fenyves,7.0,7.0,7.0,Cook2019_SI5,+,+,fenyves_sign_prediction,True,True,True,True,True,5.0,True
VB01__VA02,VB01,VA02,neuron_to_neuron,cook_si5_and_fenyves,2.0,2.0,2.0,Cook2019_SI5,+,+,fenyves_sign_prediction,True,True,True,True,True,1.0,True
VB01__VA03,VB01,VA03,neuron_to_neuron,cook_si5_and_fenyves,2.0,2.0,2.0,Cook2019_SI5,+,+,fenyves_sign_prediction,True,True,True,True,True,1.0,True
VB01__VA04,VB01,VA04,neuron_to_neuron,cook_si5_and_fenyves,2.0,2.0,2.0,Cook2019_SI5,+,+,fenyves_sign_prediction,True,True,True,True,True,1.0,True
VB01__VB02,VB01,VB02,neuron_to_neuron,cook_si5_only,1.0,1.0,,Cook2019_SI5,,-,missing_fenyves_default_inhibitory,True,True,True,True,False,1.0,True
VB01__VD01,VB01,VD01,neuron_to_neuron,cook_si5_and_fenyves,4.0,4.0,4.0,Cook2019_SI5,+,+,fenyves_sign_prediction,True,True,True,True,True,3.0,True
VB01__VD02,VB01,VD02,neuron_to_neuron,cook_si5_and_fenyves,2.0,2.0,2.0,Cook2019_SI5,+,+,fenyves_sign_prediction,True,True,True,True,True,1.0,True
VB01__hyp,VB01,hyp,neuron_to_non_neuron_or_muscle,cook_si5_only,1.0,1.0,,Cook2019_SI5,,-,missing_fenyves_default_inhibitory,True,True,False,True,False,1.0,True
VB01__vBWML7,VB01,vBWML7,neuron_to_non_neuron_or_muscle,cook_si5_only,2.0,2.0,,Cook2019_SI5,,-,missing_fenyves_default_inhibitory,True,True,False,True,False,1.0,True
VB01__vBWMR7,VB01,vBWMR7,neuron_to_non_neuron_or_muscle,cook_si5_only,5.0,5.0,,Cook2019_SI5,,-,missing_fenyves_default_inhibitory,True,True,False,True,False,3.0,True
VB01__vBWMR9,VB01,vBWMR9,neuron_to_non_neuron_or_muscle,cook_si5_only,1.0,1.0,,Cook2019_SI5,,-,missing_fenyves_default_inhibitory,True,True,False,True,False,1.0,True
VB02__AVEL,VB02,AVEL,neuron_to_neuron,cook_si5_and_fenyves,1.0,1.0,1.0,Cook2019_SI5,-,-,fenyves_sign_prediction,True,True,True,True,True,1.0,True
VB02__DD01,VB02,DD01,neuron_to_neuron,cook_si5_and_fenyves,30.0,30.0,30.0,Cook2019_SI5,+,+,fenyves_sign_prediction,True,True,True,True,True,18.0,True
VB02__DD02,VB02,DD02,neuron_to_neuron,cook_si5_and_fenyves,1.0,1.0,1.0,Cook2019_SI5,+,+,fenyves_sign_prediction,True,True,True,True,True,1.0,True
VB02__VA02,VB02,VA02,neuron_to_neuron,cook_si5_and_fenyves,5.0,5.0,5.0,Cook2019_SI5,+,+,fenyves_sign_prediction,True,True,True,True,True,3.0,True
VB02__VA03,VB02,VA03,neuron_to_neuron,cook_si5_and_fenyves,11.0,11.0,11.0,Cook2019_SI5,+,+,fenyves_sign_prediction,True,True,True,True,True,5.0,True
VB02__VC02,VB02,VC02,neuron_to_neuron,cook_si5_and_fenyves,1.0,1.0,1.0,Cook2019_SI5,+,+,fenyves_sign_prediction,True,True,True,True,True,1.0,True
VB02__VD02,VB02,VD02,neuron_to_neuron,cook_si5_and_fenyves,14.0,14.0,14.0,Cook2019_SI5,+,+,fenyves_sign_prediction,True,True,True,True,True,8.0,True
VB02__VD03,VB02,VD03,neuron_to_neuron,cook_si5_and_fenyves,4.0,4.0,4.0,Cook2019_SI5,+,+,fenyves_sign_prediction,True,True,True,True,True,4.0,True
VB02__vBWML10,VB02,vBWML10,neuron_to_non_neuron_or_muscle,cook_si5_only,4.0,4.0,,Cook2019_SI5,,-,missing_fenyves_default_inhibitory,True,True,False,True,False,3.0,True
VB02__vBWML11,VB02,vBWML11,neuron_to_non_neuron_or_muscle,cook_si5_only,1.0,1.0,,Cook2019_SI5,,-,missing_fenyves_default_inhibitory,True,True,False,True,False,1.0,True
VB02__vBWML8,VB02,vBWML8,neuron_to_non_neuron_or_muscle,cook_si5_only,2.0,2.0,,Cook2019_SI5,,-,missing_fenyves_default_inhibitory,True,True,False,True,False,2.0,True
VB02__vBWML9,VB02,vBWML9,neuron_to_non_neuron_or_muscle,cook_si5_only,14.0,14.0,,Cook2019_SI5,,-,missing_fenyves_default_inhibitory,True,True,False,True,False,8.0,True
VB02__vBWMR10,VB02,vBWMR10,neuron_to_non_neuron_or_muscle,cook_si5_only,10.0,10.0,,Cook2019_SI5,,-,missing_fenyves_default_inhibitory,True,True,False,True,False,5.0,True
VB02__vBWMR11,VB02,vBWMR11,neuron_to_non_neuron_or_muscle,cook_si5_only,6.0,6.0,,Cook2019_SI5,,-,missing_fenyves_default_inhibitory,True,True,False,True,False,5.0,True
VB02__vBWMR8,VB02,vBWMR8,neuron_to_non_neuron_or_muscle,cook_si5_only,6.0,6.0,,Cook2019_SI5,,-,missing_fenyves_default_inhibitory,True,True,False,True,False,4.0,True
VB03__DD02,VB03,DD02,neuron_to_neuron,cook_si5_and_fenyves,36.0,36.0,36.0,Cook2019_SI5,+,+,fenyves_sign_prediction,True,True,True,True,True,31.0,True
VB03__VA04,VB03,VA04,neuron_to_neuron,cook_si5_and_fenyves,10.0,10.0,10.0,Cook2019_SI5,+,+,fenyves_sign_prediction,True,True,True,True,True,10.0,True
VB03__VA05,VB03,VA05,neuron_to_neuron,cook_si5_and_fenyves,1.0,1.0,1.0,Cook2019_SI5,+,+,fenyves_sign_prediction,True,True,True,True,True,0.0,False
VB03__VD03,VB03,VD03,neuron_to_neuron,cook_si5_and_fenyves,4.0,4.0,4.0,Cook2019_SI5,+,+,fenyves_sign_prediction,True,True,True,True,True,2.0,True
VB03__VD04,VB03,VD04,neuron_to_neuron,cook_si5_and_fenyves,6.0,6.0,6.0,Cook2019_SI5,+,+,fenyves_sign_prediction,True,True,True,True,True,5.0,True
VB03__vBWML10,VB03,vBWML10,neuron_to_non_neuron_or_muscle,cook_si5_only,1.0,1.0,,Cook2019_SI5,,-,missing_fenyves_default_inhibitory,True,True,False,True,False,1.0,True
VB03__vBWML11,VB03,vBWML11,neuron_to_non_neuron_or_muscle,cook_si5_only,8.0,8.0,,Cook2019_SI5,,-,missing_fenyves_default_inhibitory,True,True,False,True,False,6.0,True
VB03__vBWML12,VB03,vBWML12,neuron_to_non_neuron_or_muscle,cook_si5_only,8.0,8.0,,Cook2019_SI5,,-,missing_fenyves_default_inhibitory,True,True,False,True,False,0.0,False
VB03__vBWML13,VB03,vBWML13,neuron_to_non_neuron_or_muscle,cook_si5_only,3.0,3.0,,Cook2019_SI5,,-,missing_fenyves_default_inhibitory,True,True,False,True,False,0.0,False
VB03__vBWMR10,VB03,vBWMR10,neuron_to_non_neuron_or_muscle,cook_si5_only,4.0,4.0,,Cook2019_SI5,,-,missing_fenyves_default_inhibitory,True,True,False,True,False,2.0,True
VB03__vBWMR11,VB03,vBWMR11,neuron_to_non_neuron_or_muscle,cook_si5_only,6.0,6.0,,Cook2019_SI5,,-,missing_fenyves_default_inhibitory,True,True,False,True,False,6.0,True
VB03__vBWMR12,VB03,vBWMR12,neuron_to_non_neuron_or_muscle,cook_si5_only,8.0,8.0,,Cook2019_SI5,,-,missing_fenyves_default_inhibitory,True,True,False,True,False,0.0,False
VB03__vBWMR13,VB03,vBWMR13,neuron_to_non_neuron_or_muscle,cook_si5_only,4.0,4.0,,Cook2019_SI5,,-,missing_fenyves_default_inhibitory,True,True,False,True,False,0.0,False
VB04__AVG,VB04,AVG,neuron_to_neuron,cook_si5_and_fenyves,1.0,1.0,1.0,Cook2019_SI5,+,+,fenyves_sign_prediction,True,True,True,True,True,1.0,True
VB04__DD02,VB04,DD02,neuron_to_neuron,cook_si5_and_fenyves,7.0,7.0,7.0,Cook2019_SI5,+,+,fenyves_sign_prediction,True,True,True,True,True,6.0,True
VB04__DD03,VB04,DD03,neuron_to_neuron,cook_si5_and_fenyves,13.0,13.0,13.0,Cook2019_SI5,+,+,fenyves_sign_prediction,True,True,True,True,True,12.0,True
VB04__VA04,VB04,VA04,neuron_to_neuron,cook_si5_and_fenyves,1.0,1.0,1.0,Cook2019_SI5,+,+,fenyves_sign_prediction,True,True,True,True,True,1.0,True
VB04__VA05,VB04,VA05,neuron_to_neuron,cook_si5_and_fenyves,1.0,1.0,1.0,Cook2019_SI5,+,+,fenyves_sign_prediction,True,True,True,True,True,0.0,False
VB04__VB05,VB04,VB05,neuron_to_neuron,cook_si5_and_fenyves,1.0,1.0,1.0,Cook2019_SI5,+,+,fenyves_sign_prediction,True,True,True,True,True,2.0,True
VB04__VD04,VB04,VD04,neuron_to_neuron,cook_si5_and_fenyves,1.0,1.0,1.0,Cook2019_SI5,+,+,fenyves_sign_prediction,True,True,True,True,True,1.0,True
VB04__VD05,VB04,VD05,neuron_to_neuron,cook_si5_and_fenyves,3.0,3.0,3.0,Cook2019_SI5,+,+,fenyves_sign_prediction,True,True,True,True,True,2.0,True
VB04__vBWML12,VB04,vBWML12,neuron_to_non_neuron_or_muscle,cook_si5_only,3.0,3.0,,Cook2019_SI5,,-,missing_fenyves_default_inhibitory,True,True,False,True,False,0.0,False
VB04__vBWML13,VB04,vBWML13,neuron_to_non_neuron_or_muscle,cook_si5_only,5.0,5.0,,Cook2019_SI5,,-,missing_fenyves_default_inhibitory,True,True,False,True,False,0.0,False
VB04__vBWMR12,VB04,vBWMR12,neuron_to_non_neuron_or_muscle,cook_si5_only,3.0,3.0,,Cook2019_SI5,,-,missing_fenyves_default_inhibitory,True,True,False,True,False,0.0,False
VB04__vBWMR13,VB04,vBWMR13,neuron_to_non_neuron_or_muscle,cook_si5_only,3.0,3.0,,Cook2019_SI5,,-,missing_fenyves_default_inhibitory,True,True,False,True,False,0.0,False
VB04__vBWMR14,VB04,vBWMR14,neuron_to_non_neuron_or_muscle,cook_si5_only,4.0,4.0,,Cook2019_SI5,,-,missing_fenyves_default_inhibitory,True,True,False,True,False,0.0,False
VB05__DD03,VB05,DD03,neuron_to_neuron,cook_si5_and_fenyves,34.0,34.0,34.0,Cook2019_SI5,+,+,fenyves_sign_prediction,True,True,True,True,True,27.0,True
VB05__VA06,VB05,VA06,neuron_to_neuron,cook_si5_and_fenyves,2.0,2.0,2.0,Cook2019_SI5,+,+,fenyves_sign_prediction,True,True,True,True,True,2.0,True
VB05__VD06,VB05,VD06,neuron_to_neuron,cook_si5_and_fenyves,10.0,10.0,10.0,Cook2019_SI5,+,+,fenyves_sign_prediction,True,True,True,True,True,9.0,True
VB05__vBWML12,VB05,vBWML12,neuron_to_non_neuron_or_muscle,cook_si5_only,3.0,3.0,,Cook2019_SI5,,-,missing_fenyves_default_inhibitory,True,True,False,True,False,0.0,False
VB05__vBWML13,VB05,vBWML13,neuron_to_non_neuron_or_muscle,cook_si5_only,1.0,1.0,,Cook2019_SI5,,-,missing_fenyves_default_inhibitory,True,True,False,True,False,0.0,False
VB05__vBWML14,VB05,vBWML14,neuron_to_non_neuron_or_muscle,cook_si5_only,8.0,8.0,,Cook2019_SI5,,-,missing_fenyves_default_inhibitory,True,True,False,True,False,0.0,False
VB05__vBWML15,VB05,vBWML15,neuron_to_non_neuron_or_muscle,cook_si5_only,7.0,7.0,,Cook2019_SI5,,-,missing_fenyves_default_inhibitory,True,True,False,True,False,0.0,False
VB05__vBWMR13,VB05,vBWMR13,neuron_to_non_neuron_or_muscle,cook_si5_only,7.0,7.0,,Cook2019_SI5,,-,missing_fenyves_default_inhibitory,True,True,False,True,False,0.0,False
VB05__vBWMR14,VB05,vBWMR14,neuron_to_non_neuron_or_muscle,cook_si5_only,6.0,6.0,,Cook2019_SI5,,-,missing_fenyves_default_inhibitory,True,True,False,True,False,0.0,False
VB05__vBWMR15,VB05,vBWMR15,neuron_to_non_neuron_or_muscle,cook_si5_only,1.0,1.0,,Cook2019_SI5,,-,missing_fenyves_default_inhibitory,True,True,False,True,False,0.0,False
VB05__vBWMR16,VB05,vBWMR16,neuron_to_non_neuron_or_muscle,cook_si5_only,1.0,1.0,,Cook2019_SI5,,-,missing_fenyves_default_inhibitory,True,True,False,True,False,0.0,False
VB06__DD04,VB06,DD04,neuron_to_neuron,cook_si5_and_fenyves,32.0,32.0,32.0,Cook2019_SI5,+,+,fenyves_sign_prediction,True,True,True,True,True,0.0,False
VB06__DVA,VB06,DVA,neuron_to_neuron,cook_si5_only,1.0,1.0,,Cook2019_SI5,,-,missing_fenyves_default_inhibitory,True,True,True,True,False,1.0,True
VB06__PVNR,VB06,PVNR,neuron_to_neuron,cook_si5_and_fenyves,1.0,1.0,1.0,Cook2019_SI5,+,+,fenyves_sign_prediction,True,True,True,True,True,1.0,True
VB06__VA07,VB06,VA07,neuron_to_neuron,cook_si5_and_fenyves,3.0,3.0,3.0,Cook2019_SI5,+,+,fenyves_sign_prediction,True,True,True,True,True,3.0,True
VB06__VA08,VB06,VA08,neuron_to_neuron,cook_si5_and_fenyves,2.0,2.0,2.0,Cook2019_SI5,+,+,fenyves_sign_prediction,True,True,True,True,True,2.0,True
VB06__VB07,VB06,VB07,neuron_to_neuron,cook_si5_only,1.0,1.0,,Cook2019_SI5,,-,missing_fenyves_default_inhibitory,True,True,True,True,False,1.0,True
VB06__VD06,VB06,VD06,neuron_to_neuron,cook_si5_and_fenyves,1.0,1.0,1.0,Cook2019_SI5,+,+,fenyves_sign_prediction,True,True,True,True,True,1.0,True
VB06__VD07,VB06,VD07,neuron_to_neuron,cook_si5_and_fenyves,22.0,22.0,22.0,Cook2019_SI5,+,+,fenyves_sign_prediction,True,True,True,True,True,18.0,True
VB06__vBWML15,VB06,vBWML15,neuron_to_non_neuron_or_muscle,cook_si5_only,4.0,4.0,,Cook2019_SI5,,-,missing_fenyves_default_inhibitory,True,True,False,True,False,0.0,False
VB06__vBWML16,VB06,vBWML16,neuron_to_non_neuron_or_muscle,cook_si5_only,3.0,3.0,,Cook2019_SI5,,-,missing_fenyves_default_inhibitory,True,True,False,True,False,0.0,False
VB06__vBWML17,VB06,vBWML17,neuron_to_non_neuron_or_muscle,cook_si5_only,1.0,1.0,,Cook2019_SI5,,-,missing_fenyves_default_inhibitory,True,True,False,True,False,0.0,False
VB06__vBWMR14,VB06,vBWMR14,neuron_to_non_neuron_or_muscle,cook_si5_only,6.0,6.0,,Cook2019_SI5,,-,missing_fenyves_default_inhibitory,True,True,False,True,False,0.0,False
VB06__vBWMR15,VB06,vBWMR15,neuron_to_non_neuron_or_muscle,cook_si5_only,12.0,12.0,,Cook2019_SI5,,-,missing_fenyves_default_inhibitory,True,True,False,True,False,0.0,False
VB06__vBWMR16,VB06,vBWMR16,neuron_to_non_neuron_or_muscle,cook_si5_only,4.0,4.0,,Cook2019_SI5,,-,missing_fenyves_default_inhibitory,True,True,False,True,False,0.0,False
VB06__vBWMR17,VB06,vBWMR17,neuron_to_non_neuron_or_muscle,cook_si5_only,1.0,1.0,,Cook2019_SI5,,-,missing_fenyves_default_inhibitory,True,True,False,True,False,0.0,False
VB06__vm1AR,VB06,vm1AR,neuron_to_non_neuron_or_muscle,cook_si5_only,1.0,1.0,,Cook2019_SI5,,-,missing_fenyves_default_inhibitory,True,True,False,True,False,0.0,False
VB07__DD04,VB07,DD04,neuron_to_neuron,cook_si5_only,11.0,11.0,,Cook2019_SI5,,-,missing_fenyves_default_inhibitory,True,True,True,True,False,0.0,False
VB07__DD05,VB07,DD05,neuron_to_neuron,cook_si5_and_fenyves,29.0,29.0,29.0,Cook2019_SI5,+,+,fenyves_sign_prediction,True,True,True,True,True,0.0,False
VB07__VA09,VB07,VA09,neuron_to_neuron,cook_si5_and_fenyves,1.0,1.0,1.0,Cook2019_SI5,+,+,fenyves_sign_prediction,True,True,True,True,True,0.0,False
VB07__VA10,VB07,VA10,neuron_to_neuron,cook_si5_and_fenyves,1.0,1.0,1.0,Cook2019_SI5,+,+,fenyves_sign_prediction,True,True,True,True,True,0.0,False
VB07__VD08,VB07,VD08,neuron_to_neuron,cook_si5_and_fenyves,5.0,5.0,5.0,Cook2019_SI5,+,+,fenyves_sign_prediction,True,True,True,True,True,0.0,False
VB07__VD09,VB07,VD09,neuron_to_neuron,cook_si5_and_fenyves,6.0,6.0,6.0,Cook2019_SI5,+,+,fenyves_sign_prediction,True,True,True,True,True,0.0,False
VB07__vBWML16,VB07,vBWML16,neuron_to_non_neuron_or_muscle,cook_si5_only,4.0,4.0,,Cook2019_SI5,,-,missing_fenyves_default_inhibitory,True,True,False,True,False,0.0,False
VB07__vBWML17,VB07,vBWML17,neuron_to_non_neuron_or_muscle,cook_si5_only,4.0,4.0,,Cook2019_SI5,,-,missing_fenyves_default_inhibitory,True,True,False,True,False,0.0,False
VB07__vBWML18,VB07,vBWML18,neuron_to_non_neuron_or_muscle,cook_si5_only,4.0,4.0,,Cook2019_SI5,,-,missing_fenyves_default_inhibitory,True,True,False,True,False,0.0,False
VB07__vBWMR16,VB07,vBWMR16,neuron_to_non_neuron_or_muscle,cook_si5_only,4.0,4.0,,Cook2019_SI5,,-,missing_fenyves_default_inhibitory,True,True,False,True,False,0.0,False
VB07__vBWMR17,VB07,vBWMR17,neuron_to_non_neuron_or_muscle,cook_si5_only,4.0,4.0,,Cook2019_SI5,,-,missing_fenyves_default_inhibitory,True,True,False,True,False,0.0,False
VB07__vBWMR18,VB07,vBWMR18,neuron_to_non_neuron_or_muscle,cook_si5_only,4.0,4.0,,Cook2019_SI5,,-,missing_fenyves_default_inhibitory,True,True,False,True,False,0.0,False
VB08__DD05,VB08,DD05,neuron_to_neuron,cook_si5_and_fenyves,10.0,10.0,10.0,Cook2019_SI5,+,+,fenyves_sign_prediction,True,True,True,True,True,0.0,False
VB08__DD06,VB08,DD06,neuron_to_neuron,cook_si5_and_fenyves,19.0,19.0,19.0,Cook2019_SI5,+,+,fenyves_sign_prediction,True,True,True,True,True,0.0,False
VB08__VA11,VB08,VA11,neuron_to_neuron,cook_si5_and_fenyves,2.0,2.0,2.0,Cook2019_SI5,+,+,fenyves_sign_prediction,True,True,True,True,True,0.0,False
VB08__VD09,VB08,VD09,neuron_to_neuron,cook_si5_and_fenyves,5.0,5.0,5.0,Cook2019_SI5,+,+,fenyves_sign_prediction,True,True,True,True,True,0.0,False
VB08__VD10,VB08,VD10,neuron_to_neuron,cook_si5_and_fenyves,6.0,6.0,6.0,Cook2019_SI5,+,+,fenyves_sign_prediction,True,True,True,True,True,0.0,False
VB08__vBWML18,VB08,vBWML18,neuron_to_non_neuron_or_muscle,cook_si5_only,4.0,4.0,,Cook2019_SI5,,-,missing_fenyves_default_inhibitory,True,True,False,True,False,0.0,False
VB08__vBWML19,VB08,vBWML19,neuron_to_non_neuron_or_muscle,cook_si5_only,4.0,4.0,,Cook2019_SI5,,-,missing_fenyves_default_inhibitory,True,True,False,True,False,0.0,False
VB08__vBWML20,VB08,vBWML20,neuron_to_non_neuron_or_muscle,cook_si5_only,4.0,4.0,,Cook2019_SI5,,-,missing_fenyves_default_inhibitory,True,True,False,True,False,0.0,False
VB08__vBWMR18,VB08,vBWMR18,neuron_to_non_neuron_or_muscle,cook_si5_only,4.0,4.0,,Cook2019_SI5,,-,missing_fenyves_default_inhibitory,True,True,False,True,False,0.0,False
VB08__vBWMR19,VB08,vBWMR19,neuron_to_non_neuron_or_muscle,cook_si5_only,4.0,4.0,,Cook2019_SI5,,-,missing_fenyves_default_inhibitory,True,True,False,True,False,0.0,False
VB08__vBWMR20,VB08,vBWMR20,neuron_to_non_neuron_or_muscle,cook_si5_only,4.0,4.0,,Cook2019_SI5,,-,missing_fenyves_default_inhibitory,True,True,False,True,False,0.0,False
VB09__DD05,VB09,DD05,neuron_to_neuron,cook_si5_and_fenyves,10.0,10.0,10.0,Cook2019_SI5,+,+,fenyves_sign_prediction,True,True,True,True,True,0.0,False
VB09__DD06,VB09,DD06,neuron_to_neuron,cook_si5_and_fenyves,19.0,19.0,19.0,Cook2019_SI5,+,+,fenyves_sign_prediction,True,True,True,True,True,0.0,False
VB09__VA11,VB09,VA11,neuron_to_neuron,cook_si5_and_fenyves,2.0,2.0,2.0,Cook2019_SI5,+,+,fenyves_sign_prediction,True,True,True,True,True,0.0,False
VB09__VD10,VB09,VD10,neuron_to_neuron,cook_si5_and_fenyves,5.0,5.0,5.0,Cook2019_SI5,+,+,fenyves_sign_prediction,True,True,True,True,True,0.0,False
VB09__VD11,VB09,VD11,neuron_to_neuron,cook_si5_and_fenyves,6.0,6.0,6.0,Cook2019_SI5,+,+,fenyves_sign_prediction,True,True,True,True,True,0.0,False
VB09__vBWML19,VB09,vBWML19,neuron_to_non_neuron_or_muscle,cook_si5_only,4.0,4.0,,Cook2019_SI5,,-,missing_fenyves_default_inhibitory,True,True,False,True,False,0.0,False
VB09__vBWML20,VB09,vBWML20,neuron_to_non_neuron_or_muscle,cook_si5_only,4.0,4.0,,Cook2019_SI5,,-,missing_fenyves_default_inhibitory,True,True,False,True,False,0.0,False
VB09__vBWML21,VB09,vBWML21,neuron_to_non_neuron_or_muscle,cook_si5_only,4.0,4.0,,Cook2019_SI5,,-,missing_fenyves_default_inhibitory,True,True,False,True,False,0.0,False
VB09__vBWMR19,VB09,vBWMR19,neuron_to_non_neuron_or_muscle,cook_si5_only,4.0,4.0,,Cook2019_SI5,,-,missing_fenyves_default_inhibitory,True,True,False,True,False,0.0,False
VB09__vBWMR20,VB09,vBWMR20,neuron_to_non_neuron_or_muscle,cook_si5_only,4.0,4.0,,Cook2019_SI5,,-,missing_fenyves_default_inhibitory,True,True,False,True,False,0.0,False
VB09__vBWMR21,VB09,vBWMR21,neuron_to_non_neuron_or_muscle,cook_si5_only,4.0,4.0,,Cook2019_SI5,,-,missing_fenyves_default_inhibitory,True,True,False,True,False,0.0,False
VB10__DD06,VB10,DD06,neuron_to_neuron,cook_si5_and_fenyves,19.0,19.0,19.0,Cook2019_SI5,+,+,fenyves_sign_prediction,True,True,True,True,True,10.0,True
VB10__PVT,VB10,PVT,neuron_to_neuron,cook_si5_and_fenyves,1.0,1.0,1.0,Cook2019_SI5,+,+,fenyves_sign_prediction,True,True,True,True,True,1.0,True
VB10__VA11,VB10,VA11,neuron_to_neuron,cook_si5_and_fenyves,3.0,3.0,3.0,Cook2019_SI5,+,+,fenyves_sign_prediction,True,True,True,True,True,2.0,True
VB10__VD11,VB10,VD11,neuron_to_neuron,cook_si5_and_fenyves,7.0,7.0,7.0,Cook2019_SI5,+,+,fenyves_sign_prediction,True,True,True,True,True,5.0,True
VB10__VD12,VB10,VD12,neuron_to_neuron,cook_si5_and_fenyves,6.0,6.0,6.0,Cook2019_SI5,+,+,fenyves_sign_prediction,True,True,True,True,True,4.0,True
VB10__vBWML19,VB10,vBWML19,neuron_to_non_neuron_or_muscle,cook_si5_only,1.0,1.0,,Cook2019_SI5,,-,missing_fenyves_default_inhibitory,True,True,False,True,False,1.0,True
VB10__vBWML20,VB10,vBWML20,neuron_to_non_neuron_or_muscle,cook_si5_only,18.0,18.0,,Cook2019_SI5,,-,missing_fenyves_default_inhibitory,True,True,False,True,False,13.0,True
VB10__vBWML21,VB10,vBWML21,neuron_to_non_neuron_or_muscle,cook_si5_only,4.0,4.0,,Cook2019_SI5,,-,missing_fenyves_default_inhibitory,True,True,False,True,False,0.0,False
VB10__vBWML22,VB10,vBWML22,neuron_to_non_neuron_or_muscle,cook_si5_only,1.0,1.0,,Cook2019_SI5,,-,missing_fenyves_default_inhibitory,True,True,False,True,False,1.0,True
VB10__vBWMR20,VB10,vBWMR20,neuron_to_non_neuron_or_muscle,cook_si5_only,8.0,8.0,,Cook2019_SI5,,-,missing_fenyves_default_inhibitory,True,True,False,True,False,6.0,True
VB10__vBWMR21,VB10,vBWMR21,neuron_to_non_neuron_or_muscle,cook_si5_only,1.0,1.0,,Cook2019_SI5,,-,missing_fenyves_default_inhibitory,True,True,False,True,False,1.0,True
VB10__vBWMR22,VB10,vBWMR22,neuron_to_non_neuron_or_muscle,cook_si5_only,4.0,4.0,,Cook2019_SI5,,-,missing_fenyves_default_inhibitory,True,True,False,True,False,0.0,False
VB11__DD06,VB11,DD06,neuron_to_neuron,cook_si5_and_fenyves,19.0,19.0,19.0,Cook2019_SI5,+,+,fenyves_sign_prediction,True,True,True,True,True,9.0,True
VB11__PVCR,VB11,PVCR,neuron_to_neuron,cook_si5_and_fenyves,1.0,1.0,1.0,Cook2019_SI5,+,+,fenyves_sign_prediction,True,True,True,True,True,1.0,True
VB11__PVWL,VB11,PVWL,neuron_to_neuron,cook_si5_and_fenyves,1.0,1.0,1.0,Cook2019_SI5,no pred,-,fenyves_no_pred_default_inhibitory,True,True,True,True,True,1.0,True
VB11__PVWR,VB11,PVWR,neuron_to_neuron,cook_si5_and_fenyves,1.0,1.0,1.0,Cook2019_SI5,no pred,-,fenyves_no_pred_default_inhibitory,True,True,True,True,True,2.0,True
VB11__VA12,VB11,VA12,neuron_to_neuron,cook_si5_and_fenyves,5.0,5.0,5.0,Cook2019_SI5,+,+,fenyves_sign_prediction,True,True,True,True,True,3.0,True
VB11__VD12,VB11,VD12,neuron_to_neuron,cook_si5_and_fenyves,2.0,2.0,2.0,Cook2019_SI5,+,+,fenyves_sign_prediction,True,True,True,True,True,2.0,True
VB11__VD13,VB11,VD13,neuron_to_neuron,cook_si5_and_fenyves,22.0,22.0,22.0,Cook2019_SI5,+,+,fenyves_sign_prediction,True,True,True,True,True,9.0,True
VB11__vBWML21,VB11,vBWML21,neuron_to_non_neuron_or_muscle,cook_si5_only,7.0,7.0,,Cook2019_SI5,,-,missing_fenyves_default_inhibitory,True,True,False,True,False,4.0,True
VB11__vBWML22,VB11,vBWML22,neuron_to_non_neuron_or_muscle,cook_si5_only,4.0,4.0,,Cook2019_SI5,,-,missing_fenyves_default_inhibitory,True,True,False,True,False,0.0,False
VB11__vBWML23,VB11,vBWML23,neuron_to_non_neuron_or_muscle,cook_si5_only,4.0,4.0,,Cook2019_SI5,,-,missing_fenyves_default_inhibitory,True,True,False,True,False,0.0,False
VB11__vBWMR21,VB11,vBWMR21,neuron_to_non_neuron_or_muscle,cook_si5_only,30.0,30.0,,Cook2019_SI5,,-,missing_fenyves_default_inhibitory,True,True,False,True,False,17.0,True
VB11__vBWMR22,VB11,vBWMR22,neuron_to_non_neuron_or_muscle,cook_si5_only,4.0,4.0,,Cook2019_SI5,,-,missing_fenyves_default_inhibitory,True,True,False,True,False,0.0,False
VB11__vBWMR23,VB11,vBWMR23,neuron_to_non_neuron_or_muscle,cook_si5_only,4.0,4.0,,Cook2019_SI5,,-,missing_fenyves_default_inhibitory,True,True,False,True,False,0.0,False
VC01__AVFL,VC01,AVFL,neuron_to_neuron,cook_si5_and_fenyves,1.0,1.0,1.0,Cook2019_SI5,no pred,-,fenyves_no_pred_default_inhibitory,True,True,True,True,True,1.0,True
VC01__AVL,VC01,AVL,neuron_to_neuron,cook_si5_and_fenyves,2.0,2.0,2.0,Cook2019_SI5,no pred,-,fenyves_no_pred_default_inhibitory,True,True,True,True,True,0.0,False
VC01__DD01,VC01,DD01,neuron_to_neuron,cook_si5_and_fenyves,6.0,6.0,6.0,Cook2019_SI5,+,+,fenyves_sign_prediction,True,True,True,True,True,6.0,True
VC01__DD02,VC01,DD02,neuron_to_neuron,cook_si5_and_fenyves,8.0,8.0,8.0,Cook2019_SI5,+,+,fenyves_sign_prediction,True,True,True,True,True,6.0,True
VC01__DD03,VC01,DD03,neuron_to_neuron,cook_si5_and_fenyves,8.0,8.0,8.0,Cook2019_SI5,+,+,fenyves_sign_prediction,True,True,True,True,True,6.0,True
VC01__DVC,VC01,DVC,neuron_to_neuron,cook_si5_and_fenyves,1.0,1.0,1.0,Cook2019_SI5,+,+,fenyves_sign_prediction,True,True,True,True,True,1.0,True
VC01__PVPR,VC01,PVPR,neuron_to_neuron,cook_si5_and_fenyves,1.0,1.0,1.0,Cook2019_SI5,no pred,-,fenyves_no_pred_default_inhibitory,True,True,True,True,True,1.0,True
VC01__PVT,VC01,PVT,neuron_to_neuron,cook_si5_and_fenyves,4.0,4.0,4.0,Cook2019_SI5,+,+,fenyves_sign_prediction,True,True,True,True,True,4.0,True
VC01__VC02,VC01,VC02,neuron_to_neuron,cook_si5_and_fenyves,4.0,4.0,4.0,Cook2019_SI5,+,+,fenyves_sign_prediction,True,True,True,True,True,4.0,True
VC01__VC03,VC01,VC03,neuron_to_neuron,cook_si5_and_fenyves,2.0,2.0,2.0,Cook2019_SI5,+,+,fenyves_sign_prediction,True,True,True,True,True,2.0,True
VC01__VD01,VC01,VD01,neuron_to_neuron,cook_si5_and_fenyves,5.0,5.0,5.0,Cook2019_SI5,+,+,fenyves_sign_prediction,True,True,True,True,True,5.0,True
VC01__VD02,VC01,VD02,neuron_to_neuron,cook_si5_and_fenyves,1.0,1.0,1.0,Cook2019_SI5,+,+,fenyves_sign_prediction,True,True,True,True,True,1.0,True
VC01__VD03,VC01,VD03,neuron_to_neuron,cook_si5_and_fenyves,2.0,2.0,2.0,Cook2019_SI5,+,+,fenyves_sign_prediction,True,True,True,True,True,2.0,True
VC01__VD04,VC01,VD04,neuron_to_neuron,cook_si5_and_fenyves,4.0,4.0,4.0,Cook2019_SI5,+,+,fenyves_sign_prediction,True,True,True,True,True,2.0,True
VC01__VD05,VC01,VD05,neuron_to_neuron,cook_si5_and_fenyves,4.0,4.0,4.0,Cook2019_SI5,+,+,fenyves_sign_prediction,True,True,True,True,True,3.0,True
VC01__VD06,VC01,VD06,neuron_to_neuron,cook_si5_and_fenyves,1.0,1.0,1.0,Cook2019_SI5,+,+,fenyves_sign_prediction,True,True,True,True,True,1.0,True
VC01__hyp,VC01,hyp,neuron_to_non_neuron_or_muscle,cook_si5_only,1.0,1.0,,Cook2019_SI5,,-,missing_fenyves_default_inhibitory,True,True,False,True,False,1.0,True
VC01__vBWML11,VC01,vBWML11,neuron_to_non_neuron_or_muscle,cook_si5_only,1.0,1.0,,Cook2019_SI5,,-,missing_fenyves_default_inhibitory,True,True,False,True,False,1.0,True
VC01__vBWML7,VC01,vBWML7,neuron_to_non_neuron_or_muscle,cook_si5_only,1.0,1.0,,Cook2019_SI5,,-,missing_fenyves_default_inhibitory,True,True,False,True,False,1.0,True
VC01__vBWML9,VC01,vBWML9,neuron_to_non_neuron_or_muscle,cook_si5_only,1.0,1.0,,Cook2019_SI5,,-,missing_fenyves_default_inhibitory,True,True,False,True,False,1.0,True
VC01__vBWMR12,VC01,vBWMR12,neuron_to_non_neuron_or_muscle,cook_si5_only,3.0,3.0,,Cook2019_SI5,,-,missing_fenyves_default_inhibitory,True,True,False,True,False,0.0,False
VC02__DB04,VC02,DB04,neuron_to_neuron,cook_si5_and_fenyves,1.0,1.0,1.0,Cook2019_SI5,+,+,fenyves_sign_prediction,True,True,True,True,True,1.0,True
VC02__DD01,VC02,DD01,neuron_to_neuron,cook_si5_and_fenyves,6.0,6.0,6.0,Cook2019_SI5,+,+,fenyves_sign_prediction,True,True,True,True,True,5.0,True
VC02__DD02,VC02,DD02,neuron_to_neuron,cook_si5_and_fenyves,4.0,4.0,4.0,Cook2019_SI5,+,+,fenyves_sign_prediction,True,True,True,True,True,4.0,True
VC02__DD03,VC02,DD03,neuron_to_neuron,cook_si5_and_fenyves,8.0,8.0,8.0,Cook2019_SI5,+,+,fenyves_sign_prediction,True,True,True,True,True,8.0,True
VC02__DVC,VC02,DVC,neuron_to_neuron,cook_si5_and_fenyves,3.0,3.0,3.0,Cook2019_SI5,+,+,fenyves_sign_prediction,True,True,True,True,True,3.0,True
VC02__PVCL,VC02,PVCL,neuron_to_neuron,cook_si5_and_fenyves,1.0,1.0,1.0,Cook2019_SI5,+,+,fenyves_sign_prediction,True,True,True,True,True,1.0,True
VC02__PVPR,VC02,PVPR,neuron_to_neuron,cook_si5_and_fenyves,1.0,1.0,1.0,Cook2019_SI5,no pred,-,fenyves_no_pred_default_inhibitory,True,True,True,True,True,1.0,True
VC02__PVQR,VC02,PVQR,neuron_to_neuron,cook_si5_and_fenyves,1.0,1.0,1.0,Cook2019_SI5,+,+,fenyves_sign_prediction,True,True,True,True,True,1.0,True
VC02__PVT,VC02,PVT,neuron_to_neuron,cook_si5_and_fenyves,6.0,6.0,6.0,Cook2019_SI5,+,+,fenyves_sign_prediction,True,True,True,True,True,7.0,True
VC02__VC01,VC02,VC01,neuron_to_neuron,cook_si5_and_fenyves,3.0,3.0,3.0,Cook2019_SI5,+,+,fenyves_sign_prediction,True,True,True,True,True,2.0,True
VC02__VC03,VC02,VC03,neuron_to_neuron,cook_si5_and_fenyves,4.0,4.0,4.0,Cook2019_SI5,+,+,fenyves_sign_prediction,True,True,True,True,True,3.0,True
VC02__VD01,VC02,VD01,neuron_to_neuron,cook_si5_and_fenyves,2.0,2.0,2.0,Cook2019_SI5,+,+,fenyves_sign_prediction,True,True,True,True,True,2.0,True
VC02__VD02,VC02,VD02,neuron_to_neuron,cook_si5_and_fenyves,3.0,3.0,3.0,Cook2019_SI5,+,+,fenyves_sign_prediction,True,True,True,True,True,2.0,True
VC02__VD04,VC02,VD04,neuron_to_neuron,cook_si5_and_fenyves,6.0,6.0,6.0,Cook2019_SI5,+,+,fenyves_sign_prediction,True,True,True,True,True,6.0,True
VC02__VD05,VC02,VD05,neuron_to_neuron,cook_si5_and_fenyves,4.0,4.0,4.0,Cook2019_SI5,+,+,fenyves_sign_prediction,True,True,True,True,True,3.0,True
VC02__VD06,VC02,VD06,neuron_to_neuron,cook_si5_and_fenyves,2.0,2.0,2.0,Cook2019_SI5,+,+,fenyves_sign_prediction,True,True,True,True,True,2.0,True
VC02__vBWML11,VC02,vBWML11,neuron_to_non_neuron_or_muscle,cook_si5_only,1.0,1.0,,Cook2019_SI5,,-,missing_fenyves_default_inhibitory,True,True,False,True,False,0.0,False
VC02__vBWML13,VC02,vBWML13,neuron_to_non_neuron_or_muscle,cook_si5_only,1.0,1.0,,Cook2019_SI5,,-,missing_fenyves_default_inhibitory,True,True,False,True,False,0.0,False
VC02__vBWML14,VC02,vBWML14,neuron_to_non_neuron_or_muscle,cook_si5_only,3.0,3.0,,Cook2019_SI5,,-,missing_fenyves_default_inhibitory,True,True,False,True,False,0.0,False
VC02__vBWML8,VC02,vBWML8,neuron_to_non_neuron_or_muscle,cook_si5_only,2.0,2.0,,Cook2019_SI5,,-,missing_fenyves_default_inhibitory,True,True,False,True,False,1.0,True
VC02__vBWML9,VC02,vBWML9,neuron_to_non_neuron_or_muscle,cook_si5_only,4.0,4.0,,Cook2019_SI5,,-,missing_fenyves_default_inhibitory,True,True,False,True,False,1.0,True
VC02__vBWMR11,VC02,vBWMR11,neuron_to_non_neuron_or_muscle,cook_si5_only,1.0,1.0,,Cook2019_SI5,,-,missing_fenyves_default_inhibitory,True,True,False,True,False,1.0,True
VC02__vBWMR12,VC02,vBWMR12,neuron_to_non_neuron_or_muscle,cook_si5_only,1.0,1.0,,Cook2019_SI5,,-,missing_fenyves_default_inhibitory,True,True,False,True,False,0.0,False
VC02__vBWMR13,VC02,vBWMR13,neuron_to_non_neuron_or_muscle,cook_si5_only,3.0,3.0,,Cook2019_SI5,,-,missing_fenyves_default_inhibitory,True,True,False,True,False,0.0,False
VC02__vBWMR8,VC02,vBWMR8,neuron_to_non_neuron_or_muscle,cook_si5_only,1.0,1.0,,Cook2019_SI5,,-,missing_fenyves_default_inhibitory,True,True,False,True,False,1.0,True
VC02__vBWMR9,VC02,vBWMR9,neuron_to_non_neuron_or_muscle,cook_si5_only,2.0,2.0,,Cook2019_SI5,,-,missing_fenyves_default_inhibitory,True,True,False,True,False,1.0,True
VC03__AVBL,VC03,AVBL,neuron_to_neuron,cook_si5_and_fenyves,1.0,1.0,1.0,Cook2019_SI5,+,+,fenyves_sign_prediction,True,True,True,True,True,1.0,True
VC03__AVJL,VC03,AVJL,neuron_to_neuron,cook_si5_and_fenyves,1.0,1.0,1.0,Cook2019_SI5,no pred,-,fenyves_no_pred_default_inhibitory,True,True,True,True,True,1.0,True
VC03__AVL,VC03,AVL,neuron_to_neuron,cook_si5_and_fenyves,1.0,1.0,1.0,Cook2019_SI5,no pred,-,fenyves_no_pred_default_inhibitory,True,True,True,True,True,0.0,False
VC03__DD01,VC03,DD01,neuron_to_neuron,cook_si5_and_fenyves,1.0,1.0,1.0,Cook2019_SI5,+,+,fenyves_sign_prediction,True,True,True,True,True,1.0,True
VC03__DD02,VC03,DD02,neuron_to_neuron,cook_si5_and_fenyves,3.0,3.0,3.0,Cook2019_SI5,+,+,fenyves_sign_prediction,True,True,True,True,True,3.0,True
VC03__DD03,VC03,DD03,neuron_to_neuron,cook_si5_and_fenyves,5.0,5.0,5.0,Cook2019_SI5,+,+,fenyves_sign_prediction,True,True,True,True,True,4.0,True
VC03__DD04,VC03,DD04,neuron_to_neuron,cook_si5_only,16.0,16.0,,Cook2019_SI5,,-,missing_fenyves_default_inhibitory,True,True,True,True,False,0.0,False
VC03__HSNR,VC03,HSNR,neuron_to_neuron,cook_si5_and_fenyves,1.0,1.0,1.0,Cook2019_SI5,+,+,fenyves_sign_prediction,True,True,True,True,True,1.0,True
VC03__PVNR,VC03,PVNR,neuron_to_neuron,cook_si5_and_fenyves,1.0,1.0,1.0,Cook2019_SI5,+,+,fenyves_sign_prediction,True,True,True,True,True,1.0,True
VC03__PVPR,VC03,PVPR,neuron_to_neuron,cook_si5_and_fenyves,2.0,2.0,2.0,Cook2019_SI5,no pred,-,fenyves_no_pred_default_inhibitory,True,True,True,True,True,1.0,True
VC03__PVQR,VC03,PVQR,neuron_to_neuron,cook_si5_and_fenyves,2.0,2.0,2.0,Cook2019_SI5,+,+,fenyves_sign_prediction,True,True,True,True,True,2.0,True
VC03__PVT,VC03,PVT,neuron_to_neuron,cook_si5_and_fenyves,5.0,5.0,5.0,Cook2019_SI5,+,+,fenyves_sign_prediction,True,True,True,True,True,4.0,True
VC03__SABVL,VC03,SABVL,neuron_to_neuron,cook_si5_and_fenyves,1.0,1.0,1.0,Cook2019_SI5,no pred,-,fenyves_no_pred_default_inhibitory,True,True,True,True,True,1.0,True
VC03__VB02,VC03,VB02,neuron_to_neuron,cook_si5_and_fenyves,1.0,1.0,1.0,Cook2019_SI5,+,+,fenyves_sign_prediction,True,True,True,True,True,1.0,True
VC03__VB04,VC03,VB04,neuron_to_neuron,cook_si5_and_fenyves,1.0,1.0,1.0,Cook2019_SI5,+,+,fenyves_sign_prediction,True,True,True,True,True,1.0,True
VC03__VC01,VC03,VC01,neuron_to_neuron,cook_si5_and_fenyves,5.0,5.0,5.0,Cook2019_SI5,+,+,fenyves_sign_prediction,True,True,True,True,True,3.0,True
VC03__VC02,VC03,VC02,neuron_to_neuron,cook_si5_and_fenyves,2.0,2.0,2.0,Cook2019_SI5,+,+,fenyves_sign_prediction,True,True,True,True,True,2.0,True
VC03__VD01,VC03,VD01,neuron_to_neuron,cook_si5_and_fenyves,2.0,2.0,2.0,Cook2019_SI5,+,+,fenyves_sign_prediction,True,True,True,True,True,1.0,True
VC03__VD02,VC03,VD02,neuron_to_neuron,cook_si5_and_fenyves,1.0,1.0,1.0,Cook2019_SI5,+,+,fenyves_sign_prediction,True,True,True,True,True,1.0,True
VC03__VD03,VC03,VD03,neuron_to_neuron,cook_si5_and_fenyves,2.0,2.0,2.0,Cook2019_SI5,+,+,fenyves_sign_prediction,True,True,True,True,True,2.0,True
VC03__VD04,VC03,VD04,neuron_to_neuron,cook_si5_and_fenyves,3.0,3.0,3.0,Cook2019_SI5,+,+,fenyves_sign_prediction,True,True,True,True,True,2.0,True
VC03__VD05,VC03,VD05,neuron_to_neuron,cook_si5_and_fenyves,3.0,3.0,3.0,Cook2019_SI5,+,+,fenyves_sign_prediction,True,True,True,True,True,3.0,True
VC03__VD06,VC03,VD06,neuron_to_neuron,cook_si5_and_fenyves,5.0,5.0,5.0,Cook2019_SI5,+,+,fenyves_sign_prediction,True,True,True,True,True,3.0,True
VC03__VD07,VC03,VD07,neuron_to_neuron,cook_si5_and_fenyves,8.0,8.0,8.0,Cook2019_SI5,+,+,fenyves_sign_prediction,True,True,True,True,True,7.0,True
VC03__vBWML11,VC03,vBWML11,neuron_to_non_neuron_or_muscle,cook_si5_only,1.0,1.0,,Cook2019_SI5,,-,missing_fenyves_default_inhibitory,True,True,False,True,False,1.0,True
VC03__vBWML12,VC03,vBWML12,neuron_to_non_neuron_or_muscle,cook_si5_only,1.0,1.0,,Cook2019_SI5,,-,missing_fenyves_default_inhibitory,True,True,False,True,False,0.0,False
VC03__vBWML13,VC03,vBWML13,neuron_to_non_neuron_or_muscle,cook_si5_only,1.0,1.0,,Cook2019_SI5,,-,missing_fenyves_default_inhibitory,True,True,False,True,False,0.0,False
VC03__vBWML14,VC03,vBWML14,neuron_to_non_neuron_or_muscle,cook_si5_only,1.0,1.0,,Cook2019_SI5,,-,missing_fenyves_default_inhibitory,True,True,False,True,False,0.0,False
VC03__vBWML15,VC03,vBWML15,neuron_to_non_neuron_or_muscle,cook_si5_only,3.0,3.0,,Cook2019_SI5,,-,missing_fenyves_default_inhibitory,True,True,False,True,False,0.0,False
VC03__vBWML16,VC03,vBWML16,neuron_to_non_neuron_or_muscle,cook_si5_only,2.0,2.0,,Cook2019_SI5,,-,missing_fenyves_default_inhibitory,True,True,False,True,False,0.0,False
VC03__vBWMR11,VC03,vBWMR11,neuron_to_non_neuron_or_muscle,cook_si5_only,2.0,2.0,,Cook2019_SI5,,-,missing_fenyves_default_inhibitory,True,True,False,True,False,1.0,True
VC03__vBWMR13,VC03,vBWMR13,neuron_to_non_neuron_or_muscle,cook_si5_only,1.0,1.0,,Cook2019_SI5,,-,missing_fenyves_default_inhibitory,True,True,False,True,False,0.0,False
VC03__vBWMR15,VC03,vBWMR15,neuron_to_non_neuron_or_muscle,cook_si5_only,2.0,2.0,,Cook2019_SI5,,-,missing_fenyves_default_inhibitory,True,True,False,True,False,0.0,False
VC04__AVBR,VC04,AVBR,neuron_to_neuron,cook_si5_and_fenyves,1.0,1.0,1.0,Cook2019_SI5,+,+,fenyves_sign_prediction,True,True,True,True,True,1.0,True
VC04__AVHR,VC04,AVHR,neuron_to_neuron,cook_si5_and_fenyves,1.0,1.0,1.0,Cook2019_SI5,no pred,-,fenyves_no_pred_default_inhibitory,True,True,True,True,True,1.0,True
VC04__VC03,VC04,VC03,neuron_to_neuron,cook_si5_and_fenyves,1.0,1.0,1.0,Cook2019_SI5,+,+,fenyves_sign_prediction,True,True,True,True,True,1.0,True
VC04__VC05,VC04,VC05,neuron_to_neuron,cook_si5_and_fenyves,2.0,2.0,2.0,Cook2019_SI5,+,+,fenyves_sign_prediction,True,True,True,True,True,2.0,True
VC04__vBWML16,VC04,vBWML16,neuron_to_non_neuron_or_muscle,cook_si5_only,1.0,1.0,,Cook2019_SI5,,-,missing_fenyves_default_inhibitory,True,True,False,True,False,0.0,False
VC04__vBWMR16,VC04,vBWMR16,neuron_to_non_neuron_or_muscle,cook_si5_only,3.0,3.0,,Cook2019_SI5,,-,missing_fenyves_default_inhibitory,True,True,False,True,False,0.0,False
VC04__vm2AL,VC04,vm2AL,neuron_to_non_neuron_or_muscle,cook_si5_only,2.0,2.0,,Cook2019_SI5,,-,missing_fenyves_default_inhibitory,True,True,False,True,False,0.0,False
VC04__vm2AR,VC04,vm2AR,neuron_to_non_neuron_or_muscle,cook_si5_only,3.0,3.0,,Cook2019_SI5,,-,missing_fenyves_default_inhibitory,True,True,False,True,False,0.0,False
VC04__vm2PL,VC04,vm2PL,neuron_to_non_neuron_or_muscle,cook_si5_only,2.0,2.0,,Cook2019_SI5,,-,missing_fenyves_default_inhibitory,True,True,False,True,False,0.0,False
VC04__vm2PR,VC04,vm2PR,neuron_to_non_neuron_or_muscle,cook_si5_only,2.0,2.0,,Cook2019_SI5,,-,missing_fenyves_default_inhibitory,True,True,False,True,False,0.0,False
VC05__AVFL,VC05,AVFL,neuron_to_neuron,cook_si5_and_fenyves,2.0,2.0,2.0,Cook2019_SI5,no pred,-,fenyves_no_pred_default_inhibitory,True,True,True,True,True,2.0,True
VC05__AVFR,VC05,AVFR,neuron_to_neuron,cook_si5_and_fenyves,1.0,1.0,1.0,Cook2019_SI5,no pred,-,fenyves_no_pred_default_inhibitory,True,True,True,True,True,1.0,True
VC05__DVC,VC05,DVC,neuron_to_neuron,cook_si5_and_fenyves,3.0,3.0,3.0,Cook2019_SI5,+,+,fenyves_sign_prediction,True,True,True,True,True,3.0,True
VC05__HSNL,VC05,HSNL,neuron_to_neuron,cook_si5_and_fenyves,1.0,1.0,1.0,Cook2019_SI5,+,+,fenyves_sign_prediction,True,True,True,True,True,1.0,True
VC05__HSNR,VC05,HSNR,neuron_to_neuron,cook_si5_and_fenyves,3.0,3.0,3.0,Cook2019_SI5,+,+,fenyves_sign_prediction,True,True,True,True,True,3.0,True
VC05__PVR,VC05,PVR,neuron_to_neuron,cook_si5_and_fenyves,1.0,1.0,1.0,Cook2019_SI5,no pred,-,fenyves_no_pred_default_inhibitory,True,True,True,True,True,0.0,False
VC05__PVT,VC05,PVT,neuron_to_neuron,cook_si5_and_fenyves,1.0,1.0,1.0,Cook2019_SI5,+,+,fenyves_sign_prediction,True,True,True,True,True,1.0,True
VC05__VC04,VC05,VC04,neuron_to_neuron,cook_si5_and_fenyves,4.0,4.0,4.0,Cook2019_SI5,+,+,fenyves_sign_prediction,True,True,True,True,True,4.0,True
VC05__VC05,VC05,VC05,neuron_to_neuron,cook_si5_and_fenyves,6.0,6.0,6.0,Cook2019_SI5,+,+,fenyves_sign_prediction,True,True,True,True,True,5.0,True
VC05__vBWML15,VC05,vBWML15,neuron_to_non_neuron_or_muscle,cook_si5_only,4.0,4.0,,Cook2019_SI5,,-,missing_fenyves_default_inhibitory,True,True,False,True,False,0.0,False
VC05__vBWML16,VC05,vBWML16,neuron_to_non_neuron_or_muscle,cook_si5_only,1.0,1.0,,Cook2019_SI5,,-,missing_fenyves_default_inhibitory,True,True,False,True,False,0.0,False
VC05__vm2AL,VC05,vm2AL,neuron_to_non_neuron_or_muscle,cook_si5_only,2.0,2.0,,Cook2019_SI5,,-,missing_fenyves_default_inhibitory,True,True,False,True,False,0.0,False
VC05__vm2AR,VC05,vm2AR,neuron_to_non_neuron_or_muscle,cook_si5_only,2.0,2.0,,Cook2019_SI5,,-,missing_fenyves_default_inhibitory,True,True,False,True,False,0.0,False
VC05__vm2PL,VC05,vm2PL,neuron_to_non_neuron_or_muscle,cook_si5_only,3.0,3.0,,Cook2019_SI5,,-,missing_fenyves_default_inhibitory,True,True,False,True,False,0.0,False
VC05__vm2PR,VC05,vm2PR,neuron_to_non_neuron_or_muscle,cook_si5_only,2.0,2.0,,Cook2019_SI5,,-,missing_fenyves_default_inhibitory,True,True,False,True,False,0.0,False
VC06__AVG,VC06,AVG,neuron_to_neuron,cook_si5_and_fenyves,2.0,2.0,1.0,Cook2019_SI5,+,+,fenyves_sign_prediction,True,True,True,True,True,1.0,True
VC06__AVL,VC06,AVL,neuron_to_neuron,cook_si5_and_fenyves,4.0,4.0,2.0,Cook2019_SI5,no pred,-,fenyves_no_pred_default_inhibitory,True,True,True,True,True,0.0,False
VC06__DD06,VC06,DD06,neuron_to_neuron,cook_si5_and_fenyves,6.0,6.0,2.0,Cook2019_SI5,+,+,fenyves_sign_prediction,True,True,True,True,True,4.0,True
VC06__PVNR,VC06,PVNR,neuron_to_neuron,cook_si5_and_fenyves,4.0,4.0,2.0,Cook2019_SI5,+,+,fenyves_sign_prediction,True,True,True,True,True,1.0,True
VC06__VD11,VC06,VD11,neuron_to_neuron,cook_si5_and_fenyves,10.0,10.0,5.0,Cook2019_SI5,+,+,fenyves_sign_prediction,True,True,True,True,True,4.0,True
VC06__VD12,VC06,VD12,neuron_to_neuron,cook_si5_and_fenyves,7.0,7.0,3.0,Cook2019_SI5,+,+,fenyves_sign_prediction,True,True,True,True,True,4.0,True
VC06__vBWML17,VC06,vBWML17,neuron_to_non_neuron_or_muscle,cook_si5_only,2.0,2.0,,Cook2019_SI5,,-,missing_fenyves_default_inhibitory,True,True,False,True,False,0.0,False
VC06__vBWMR17,VC06,vBWMR17,neuron_to_non_neuron_or_muscle,cook_si5_only,2.0,2.0,,Cook2019_SI5,,-,missing_fenyves_default_inhibitory,True,True,False,True,False,0.0,False
VC06__vBWMR20,VC06,vBWMR20,neuron_to_non_neuron_or_muscle,cook_si5_only,1.0,1.0,,Cook2019_SI5,,-,missing_fenyves_default_inhibitory,True,True,False,True,False,1.0,True
VD01__DD01,VD01,DD01,neuron_to_neuron,cook_si5_and_fenyves,2.0,2.0,2.0,Cook2019_SI5,no pred,-,fenyves_no_pred_default_inhibitory,True,True,True,True,True,1.0,True
VD01__SAAVL,VD01,SAAVL,neuron_to_neuron,fenyves_only,1.0,,1.0,Fenyves2020_only,no pred,-,fenyves_no_pred_default_inhibitory,True,True,True,False,True,0.0,False
VD01__VA01,VD01,VA01,neuron_to_neuron,cook_si5_and_fenyves,8.0,8.0,8.0,Cook2019_SI5,complex,complex,fenyves_sign_prediction,True,True,True,True,True,6.0,True
VD01__VB01,VD01,VB01,neuron_to_neuron,cook_si5_and_fenyves,5.0,5.0,5.0,Cook2019_SI5,complex,complex,fenyves_sign_prediction,True,True,True,True,True,4.0,True
VD01__vBWML7,VD01,vBWML7,neuron_to_non_neuron_or_muscle,cook_si5_only,11.0,11.0,,Cook2019_SI5,,-,missing_fenyves_default_inhibitory,True,True,False,True,False,8.0,True
VD01__vBWML8,VD01,vBWML8,neuron_to_non_neuron_or_muscle,cook_si5_only,3.0,3.0,,Cook2019_SI5,,-,missing_fenyves_default_inhibitory,True,True,False,True,False,3.0,True
VD02__AS01,VD02,AS01,neuron_to_neuron,cook_si5_and_fenyves,1.0,1.0,1.0,Cook2019_SI5,-,-,fenyves_sign_prediction,True,True,True,True,True,1.0,True
VD02__AVEL,VD02,AVEL,neuron_to_neuron,cook_si5_and_fenyves,1.0,1.0,1.0,Cook2019_SI5,-,-,fenyves_sign_prediction,True,True,True,True,True,1.0,True
VD02__DD01,VD02,DD01,neuron_to_neuron,cook_si5_and_fenyves,1.0,1.0,1.0,Cook2019_SI5,no pred,-,fenyves_no_pred_default_inhibitory,True,True,True,True,True,1.0,True
VD02__VA02,VD02,VA02,neuron_to_neuron,cook_si5_and_fenyves,12.0,12.0,12.0,Cook2019_SI5,complex,complex,fenyves_sign_prediction,True,True,True,True,True,9.0,True
VD02__VB02,VD02,VB02,neuron_to_neuron,cook_si5_and_fenyves,4.0,4.0,4.0,Cook2019_SI5,complex,complex,fenyves_sign_prediction,True,True,True,True,True,3.0,True
VD02__vBWML7,VD02,vBWML7,neuron_to_non_neuron_or_muscle,cook_si5_only,2.0,2.0,,Cook2019_SI5,,-,missing_fenyves_default_inhibitory,True,True,False,True,False,1.0,True
VD02__vBWML8,VD02,vBWML8,neuron_to_non_neuron_or_muscle,cook_si5_only,8.0,8.0,,Cook2019_SI5,,-,missing_fenyves_default_inhibitory,True,True,False,True,False,5.0,True
VD02__vBWML9,VD02,vBWML9,neuron_to_non_neuron_or_muscle,cook_si5_only,12.0,12.0,,Cook2019_SI5,,-,missing_fenyves_default_inhibitory,True,True,False,True,False,9.0,True
VD02__vBWMR7,VD02,vBWMR7,neuron_to_non_neuron_or_muscle,cook_si5_only,3.0,3.0,,Cook2019_SI5,,-,missing_fenyves_default_inhibitory,True,True,False,True,False,2.0,True
VD02__vBWMR8,VD02,vBWMR8,neuron_to_non_neuron_or_muscle,cook_si5_only,12.0,12.0,,Cook2019_SI5,,-,missing_fenyves_default_inhibitory,True,True,False,True,False,11.0,True
VD02__vBWMR9,VD02,vBWMR9,neuron_to_non_neuron_or_muscle,cook_si5_only,5.0,5.0,,Cook2019_SI5,,-,missing_fenyves_default_inhibitory,True,True,False,True,False,4.0,True
VD03__DD01,VD03,DD01,neuron_to_neuron,cook_si5_and_fenyves,6.0,6.0,6.0,Cook2019_SI5,no pred,-,fenyves_no_pred_default_inhibitory,True,True,True,True,True,5.0,True
VD03__VA03,VD03,VA03,neuron_to_neuron,cook_si5_and_fenyves,4.0,4.0,4.0,Cook2019_SI5,complex,complex,fenyves_sign_prediction,True,True,True,True,True,4.0,True
VD03__VB02,VD03,VB02,neuron_to_neuron,cook_si5_and_fenyves,2.0,2.0,2.0,Cook2019_SI5,complex,complex,fenyves_sign_prediction,True,True,True,True,True,2.0,True
VD03__VB03,VD03,VB03,neuron_to_neuron,cook_si5_and_fenyves,1.0,1.0,1.0,Cook2019_SI5,complex,complex,fenyves_sign_prediction,True,True,True,True,True,1.0,True
VD03__vBWML10,VD03,vBWML10,neuron_to_non_neuron_or_muscle,cook_si5_only,6.0,6.0,,Cook2019_SI5,,-,missing_fenyves_default_inhibitory,True,True,False,True,False,5.0,True
VD03__vBWML11,VD03,vBWML11,neuron_to_non_neuron_or_muscle,cook_si5_only,8.0,8.0,,Cook2019_SI5,,-,missing_fenyves_default_inhibitory,True,True,False,True,False,6.0,True
VD03__vBWMR10,VD03,vBWMR10,neuron_to_non_neuron_or_muscle,cook_si5_only,6.0,6.0,,Cook2019_SI5,,-,missing_fenyves_default_inhibitory,True,True,False,True,False,6.0,True
VD03__vBWMR11,VD03,vBWMR11,neuron_to_non_neuron_or_muscle,cook_si5_only,12.0,12.0,,Cook2019_SI5,,-,missing_fenyves_default_inhibitory,True,True,False,True,False,11.0,True
VD04__VA04,VD04,VA04,neuron_to_neuron,cook_si5_and_fenyves,1.0,1.0,1.0,Cook2019_SI5,complex,complex,fenyves_sign_prediction,True,True,True,True,True,1.0,True
VD04__VB03,VD04,VB03,neuron_to_neuron,cook_si5_and_fenyves,2.0,2.0,2.0,Cook2019_SI5,complex,complex,fenyves_sign_prediction,True,True,True,True,True,2.0,True
VD04__vBWML12,VD04,vBWML12,neuron_to_non_neuron_or_muscle,cook_si5_only,5.0,5.0,,Cook2019_SI5,,-,missing_fenyves_default_inhibitory,True,True,False,True,False,0.0,False
VD04__vBWML13,VD04,vBWML13,neuron_to_non_neuron_or_muscle,cook_si5_only,6.0,6.0,,Cook2019_SI5,,-,missing_fenyves_default_inhibitory,True,True,False,True,False,0.0,False
VD04__vBWMR11,VD04,vBWMR11,neuron_to_non_neuron_or_muscle,cook_si5_only,4.0,4.0,,Cook2019_SI5,,-,missing_fenyves_default_inhibitory,True,True,False,True,False,4.0,True
VD04__vBWMR12,VD04,vBWMR12,neuron_to_non_neuron_or_muscle,cook_si5_only,4.0,4.0,,Cook2019_SI5,,-,missing_fenyves_default_inhibitory,True,True,False,True,False,0.0,False
VD04__vBWMR13,VD04,vBWMR13,neuron_to_non_neuron_or_muscle,cook_si5_only,3.0,3.0,,Cook2019_SI5,,-,missing_fenyves_default_inhibitory,True,True,False,True,False,0.0,False
VD05__AVAR,VD05,AVAR,neuron_to_neuron,cook_si5_and_fenyves,1.0,1.0,1.0,Cook2019_SI5,-,-,fenyves_sign_prediction,True,True,True,True,True,1.0,True
VD05__DD03,VD05,DD03,neuron_to_neuron,cook_si5_only,1.0,1.0,,Cook2019_SI5,,-,missing_fenyves_default_inhibitory,True,True,True,True,False,1.0,True
VD05__SAAVL,VD05,SAAVL,neuron_to_neuron,fenyves_only,1.0,,1.0,Fenyves2020_only,no pred,-,fenyves_no_pred_default_inhibitory,True,True,True,False,True,0.0,False
VD05__VA05,VD05,VA05,neuron_to_neuron,cook_si5_and_fenyves,2.0,2.0,2.0,Cook2019_SI5,complex,complex,fenyves_sign_prediction,True,True,True,True,True,0.0,False
VD05__VA06,VD05,VA06,neuron_to_neuron,cook_si5_and_fenyves,1.0,1.0,1.0,Cook2019_SI5,complex,complex,fenyves_sign_prediction,True,True,True,True,True,1.0,True
VD05__VB01,VD05,VB01,neuron_to_neuron,cook_si5_and_fenyves,1.0,1.0,1.0,Cook2019_SI5,complex,complex,fenyves_sign_prediction,True,True,True,True,True,1.0,True
VD05__VB04,VD05,VB04,neuron_to_neuron,cook_si5_and_fenyves,2.0,2.0,2.0,Cook2019_SI5,complex,complex,fenyves_sign_prediction,True,True,True,True,True,2.0,True
VD05__vBWML12,VD05,vBWML12,neuron_to_non_neuron_or_muscle,cook_si5_only,4.0,4.0,,Cook2019_SI5,,-,missing_fenyves_default_inhibitory,True,True,False,True,False,0.0,False
VD05__vBWML13,VD05,vBWML13,neuron_to_non_neuron_or_muscle,cook_si5_only,7.0,7.0,,Cook2019_SI5,,-,missing_fenyves_default_inhibitory,True,True,False,True,False,0.0,False
VD05__vBWML14,VD05,vBWML14,neuron_to_non_neuron_or_muscle,cook_si5_only,1.0,1.0,,Cook2019_SI5,,-,missing_fenyves_default_inhibitory,True,True,False,True,False,0.0,False
VD05__vBWMR12,VD05,vBWMR12,neuron_to_non_neuron_or_muscle,cook_si5_only,3.0,3.0,,Cook2019_SI5,,-,missing_fenyves_default_inhibitory,True,True,False,True,False,0.0,False
VD05__vBWMR13,VD05,vBWMR13,neuron_to_non_neuron_or_muscle,cook_si5_only,10.0,10.0,,Cook2019_SI5,,-,missing_fenyves_default_inhibitory,True,True,False,True,False,0.0,False
VD06__AVAL,VD06,AVAL,neuron_to_neuron,cook_si5_and_fenyves,1.0,1.0,1.0,Cook2019_SI5,-,-,fenyves_sign_prediction,True,True,True,True,True,1.0,True
VD06__DD03,VD06,DD03,neuron_to_neuron,cook_si5_only,6.0,6.0,,Cook2019_SI5,,-,missing_fenyves_default_inhibitory,True,True,True,True,False,5.0,True
VD06__PVNR,VD06,PVNR,neuron_to_neuron,cook_si5_and_fenyves,1.0,1.0,1.0,Cook2019_SI5,no pred,-,fenyves_no_pred_default_inhibitory,True,True,True,True,True,1.0,True
VD06__VA06,VD06,VA06,neuron_to_neuron,cook_si5_and_fenyves,3.0,3.0,3.0,Cook2019_SI5,complex,complex,fenyves_sign_prediction,True,True,True,True,True,3.0,True
VD06__VB05,VD06,VB05,neuron_to_neuron,cook_si5_and_fenyves,1.0,1.0,1.0,Cook2019_SI5,complex,complex,fenyves_sign_prediction,True,True,True,True,True,1.0,True
VD06__vBWML13,VD06,vBWML13,neuron_to_non_neuron_or_muscle,cook_si5_only,1.0,1.0,,Cook2019_SI5,,-,missing_fenyves_default_inhibitory,True,True,False,True,False,0.0,False
VD06__vBWML14,VD06,vBWML14,neuron_to_non_neuron_or_muscle,cook_si5_only,10.0,10.0,,Cook2019_SI5,,-,missing_fenyves_default_inhibitory,True,True,False,True,False,0.0,False
VD06__vBWML15,VD06,vBWML15,neuron_to_non_neuron_or_muscle,cook_si5_only,3.0,3.0,,Cook2019_SI5,,-,missing_fenyves_default_inhibitory,True,True,False,True,False,0.0,False
VD06__vBWML16,VD06,vBWML16,neuron_to_non_neuron_or_muscle,cook_si5_only,1.0,1.0,,Cook2019_SI5,,-,missing_fenyves_default_inhibitory,True,True,False,True,False,0.0,False
VD06__vBWMR13,VD06,vBWMR13,neuron_to_non_neuron_or_muscle,cook_si5_only,4.0,4.0,,Cook2019_SI5,,-,missing_fenyves_default_inhibitory,True,True,False,True,False,0.0,False
VD06__vBWMR14,VD06,vBWMR14,neuron_to_non_neuron_or_muscle,cook_si5_only,7.0,7.0,,Cook2019_SI5,,-,missing_fenyves_default_inhibitory,True,True,False,True,False,0.0,False
VD06__vBWMR15,VD06,vBWMR15,neuron_to_non_neuron_or_muscle,cook_si5_only,1.0,1.0,,Cook2019_SI5,,-,missing_fenyves_default_inhibitory,True,True,False,True,False,0.0,False
VD07__DD04,VD07,DD04,neuron_to_neuron,cook_si5_only,1.0,1.0,,Cook2019_SI5,,-,missing_fenyves_default_inhibitory,True,True,True,True,False,0.0,False
VD07__VA07,VD07,VA07,neuron_to_neuron,cook_si5_and_fenyves,2.0,2.0,2.0,Cook2019_SI5,complex,complex,fenyves_sign_prediction,True,True,True,True,True,1.0,True
VD07__VB06,VD07,VB06,neuron_to_neuron,cook_si5_and_fenyves,2.0,2.0,2.0,Cook2019_SI5,complex,complex,fenyves_sign_prediction,True,True,True,True,True,0.0,False
VD07__VB07,VD07,VB07,neuron_to_neuron,cook_si5_and_fenyves,1.0,1.0,1.0,Cook2019_SI5,complex,complex,fenyves_sign_prediction,True,True,True,True,True,0.0,False
VD07__vBWML14,VD07,vBWML14,neuron_to_non_neuron_or_muscle,cook_si5_only,1.0,1.0,,Cook2019_SI5,,-,missing_fenyves_default_inhibitory,True,True,False,True,False,0.0,False
VD07__vBWML15,VD07,vBWML15,neuron_to_non_neuron_or_muscle,cook_si5_only,8.0,8.0,,Cook2019_SI5,,-,missing_fenyves_default_inhibitory,True,True,False,True,False,0.0,False
VD07__vBWML16,VD07,vBWML16,neuron_to_non_neuron_or_muscle,cook_si5_only,7.0,7.0,,Cook2019_SI5,,-,missing_fenyves_default_inhibitory,True,True,False,True,False,0.0,False
VD07__vBWMR14,VD07,vBWMR14,neuron_to_non_neuron_or_muscle,cook_si5_only,6.0,6.0,,Cook2019_SI5,,-,missing_fenyves_default_inhibitory,True,True,False,True,False,0.0,False
VD07__vBWMR15,VD07,vBWMR15,neuron_to_non_neuron_or_muscle,cook_si5_only,7.0,7.0,,Cook2019_SI5,,-,missing_fenyves_default_inhibitory,True,True,False,True,False,0.0,False
VD07__vBWMR16,VD07,vBWMR16,neuron_to_non_neuron_or_muscle,cook_si5_only,1.0,1.0,,Cook2019_SI5,,-,missing_fenyves_default_inhibitory,True,True,False,True,False,0.0,False
VD07__vm1AR,VD07,vm1AR,neuron_to_non_neuron_or_muscle,cook_si5_only,4.0,4.0,,Cook2019_SI5,,-,missing_fenyves_default_inhibitory,True,True,False,True,False,0.0,False
VD08__DD04,VD08,DD04,neuron_to_neuron,cook_si5_only,5.0,5.0,,Cook2019_SI5,,-,missing_fenyves_default_inhibitory,True,True,True,True,False,0.0,False
VD08__PVT,VD08,PVT,neuron_to_neuron,cook_si5_only,1.0,1.0,,Cook2019_SI5,,-,missing_fenyves_default_inhibitory,True,True,True,True,False,0.0,False
VD08__VA08,VD08,VA08,neuron_to_neuron,cook_si5_and_fenyves,2.0,2.0,2.0,Cook2019_SI5,complex,complex,fenyves_sign_prediction,True,True,True,True,True,0.0,False
VD08__VA09,VD08,VA09,neuron_to_neuron,cook_si5_and_fenyves,1.0,1.0,1.0,Cook2019_SI5,complex,complex,fenyves_sign_prediction,True,True,True,True,True,0.0,False
VD08__VB07,VD08,VB07,neuron_to_neuron,cook_si5_and_fenyves,2.0,2.0,2.0,Cook2019_SI5,complex,complex,fenyves_sign_prediction,True,True,True,True,True,0.0,False
VD08__vBWML15,VD08,vBWML15,neuron_to_non_neuron_or_muscle,cook_si5_only,4.0,4.0,,Cook2019_SI5,,-,missing_fenyves_default_inhibitory,True,True,False,True,False,0.0,False
VD08__vBWML16,VD08,vBWML16,neuron_to_non_neuron_or_muscle,cook_si5_only,4.0,4.0,,Cook2019_SI5,,-,missing_fenyves_default_inhibitory,True,True,False,True,False,0.0,False
VD08__vBWML17,VD08,vBWML17,neuron_to_non_neuron_or_muscle,cook_si5_only,4.0,4.0,,Cook2019_SI5,,-,missing_fenyves_default_inhibitory,True,True,False,True,False,0.0,False
VD08__vBWMR16,VD08,vBWMR16,neuron_to_non_neuron_or_muscle,cook_si5_only,4.0,4.0,,Cook2019_SI5,,-,missing_fenyves_default_inhibitory,True,True,False,True,False,0.0,False
VD08__vBWMR17,VD08,vBWMR17,neuron_to_non_neuron_or_muscle,cook_si5_only,4.0,4.0,,Cook2019_SI5,,-,missing_fenyves_default_inhibitory,True,True,False,True,False,0.0,False
VD08__vBWMR18,VD08,vBWMR18,neuron_to_non_neuron_or_muscle,cook_si5_only,4.0,4.0,,Cook2019_SI5,,-,missing_fenyves_default_inhibitory,True,True,False,True,False,0.0,False
VD09__VA09,VD09,VA09,neuron_to_neuron,cook_si5_and_fenyves,3.0,3.0,3.0,Cook2019_SI5,complex,complex,fenyves_sign_prediction,True,True,True,True,True,0.0,False
VD09__VB08,VD09,VB08,neuron_to_neuron,cook_si5_and_fenyves,2.0,2.0,2.0,Cook2019_SI5,complex,complex,fenyves_sign_prediction,True,True,True,True,True,0.0,False
VD09__vBWML17,VD09,vBWML17,neuron_to_non_neuron_or_muscle,cook_si5_only,4.0,4.0,,Cook2019_SI5,,-,missing_fenyves_default_inhibitory,True,True,False,True,False,0.0,False
VD09__vBWML18,VD09,vBWML18,neuron_to_non_neuron_or_muscle,cook_si5_only,4.0,4.0,,Cook2019_SI5,,-,missing_fenyves_default_inhibitory,True,True,False,True,False,0.0,False
VD09__vBWML19,VD09,vBWML19,neuron_to_non_neuron_or_muscle,cook_si5_only,4.0,4.0,,Cook2019_SI5,,-,missing_fenyves_default_inhibitory,True,True,False,True,False,0.0,False
VD09__vBWMR18,VD09,vBWMR18,neuron_to_non_neuron_or_muscle,cook_si5_only,4.0,4.0,,Cook2019_SI5,,-,missing_fenyves_default_inhibitory,True,True,False,True,False,0.0,False
VD09__vBWMR19,VD09,vBWMR19,neuron_to_non_neuron_or_muscle,cook_si5_only,4.0,4.0,,Cook2019_SI5,,-,missing_fenyves_default_inhibitory,True,True,False,True,False,0.0,False
VD09__vBWMR20,VD09,vBWMR20,neuron_to_non_neuron_or_muscle,cook_si5_only,4.0,4.0,,Cook2019_SI5,,-,missing_fenyves_default_inhibitory,True,True,False,True,False,0.0,False
VD10__VA10,VD10,VA10,neuron_to_neuron,cook_si5_and_fenyves,2.0,2.0,2.0,Cook2019_SI5,complex,complex,fenyves_sign_prediction,True,True,True,True,True,0.0,False
VD10__VB09,VD10,VB09,neuron_to_neuron,cook_si5_and_fenyves,1.0,1.0,1.0,Cook2019_SI5,complex,complex,fenyves_sign_prediction,True,True,True,True,True,0.0,False
VD10__vBWML18,VD10,vBWML18,neuron_to_non_neuron_or_muscle,cook_si5_only,4.0,4.0,,Cook2019_SI5,,-,missing_fenyves_default_inhibitory,True,True,False,True,False,0.0,False
VD10__vBWML19,VD10,vBWML19,neuron_to_non_neuron_or_muscle,cook_si5_only,4.0,4.0,,Cook2019_SI5,,-,missing_fenyves_default_inhibitory,True,True,False,True,False,0.0,False
VD10__vBWML20,VD10,vBWML20,neuron_to_non_neuron_or_muscle,cook_si5_only,4.0,4.0,,Cook2019_SI5,,-,missing_fenyves_default_inhibitory,True,True,False,True,False,0.0,False
VD10__vBWMR19,VD10,vBWMR19,neuron_to_non_neuron_or_muscle,cook_si5_only,4.0,4.0,,Cook2019_SI5,,-,missing_fenyves_default_inhibitory,True,True,False,True,False,0.0,False
VD10__vBWMR20,VD10,vBWMR20,neuron_to_non_neuron_or_muscle,cook_si5_only,4.0,4.0,,Cook2019_SI5,,-,missing_fenyves_default_inhibitory,True,True,False,True,False,0.0,False
VD10__vBWMR21,VD10,vBWMR21,neuron_to_non_neuron_or_muscle,cook_si5_only,4.0,4.0,,Cook2019_SI5,,-,missing_fenyves_default_inhibitory,True,True,False,True,False,0.0,False
VD11__AVAR,VD11,AVAR,neuron_to_neuron,cook_si5_and_fenyves,2.0,2.0,2.0,Cook2019_SI5,-,-,fenyves_sign_prediction,True,True,True,True,True,2.0,True
VD11__DD06,VD11,DD06,neuron_to_neuron,cook_si5_and_fenyves,2.0,2.0,2.0,Cook2019_SI5,no pred,-,fenyves_no_pred_default_inhibitory,True,True,True,True,True,1.0,True
VD11__PVT,VD11,PVT,neuron_to_neuron,cook_si5_and_fenyves,1.0,1.0,1.0,Cook2019_SI5,+,+,fenyves_sign_prediction,True,True,True,True,True,1.0,True
VD11__VA11,VD11,VA11,neuron_to_neuron,cook_si5_and_fenyves,2.0,2.0,2.0,Cook2019_SI5,complex,complex,fenyves_sign_prediction,True,True,True,True,True,2.0,True
VD11__VB10,VD11,VB10,neuron_to_neuron,cook_si5_and_fenyves,1.0,1.0,1.0,Cook2019_SI5,complex,complex,fenyves_sign_prediction,True,True,True,True,True,1.0,True
VD11__vBWML19,VD11,vBWML19,neuron_to_non_neuron_or_muscle,cook_si5_only,4.0,4.0,,Cook2019_SI5,,-,missing_fenyves_default_inhibitory,True,True,False,True,False,0.0,False
VD11__vBWML20,VD11,vBWML20,neuron_to_non_neuron_or_muscle,cook_si5_only,5.0,5.0,,Cook2019_SI5,,-,missing_fenyves_default_inhibitory,True,True,False,True,False,5.0,True
VD11__vBWML21,VD11,vBWML21,neuron_to_non_neuron_or_muscle,cook_si5_only,4.0,4.0,,Cook2019_SI5,,-,missing_fenyves_default_inhibitory,True,True,False,True,False,0.0,False
VD11__vBWMR20,VD11,vBWMR20,neuron_to_non_neuron_or_muscle,cook_si5_only,4.0,4.0,,Cook2019_SI5,,-,missing_fenyves_default_inhibitory,True,True,False,True,False,3.0,True
VD11__vBWMR21,VD11,vBWMR21,neuron_to_non_neuron_or_muscle,cook_si5_only,4.0,4.0,,Cook2019_SI5,,-,missing_fenyves_default_inhibitory,True,True,False,True,False,0.0,False
VD11__vBWMR22,VD11,vBWMR22,neuron_to_non_neuron_or_muscle,cook_si5_only,4.0,4.0,,Cook2019_SI5,,-,missing_fenyves_default_inhibitory,True,True,False,True,False,0.0,False
VD12__DD06,VD12,DD06,neuron_to_neuron,cook_si5_and_fenyves,2.0,2.0,2.0,Cook2019_SI5,no pred,-,fenyves_no_pred_default_inhibitory,True,True,True,True,True,1.0,True
VD12__VA11,VD12,VA11,neuron_to_neuron,cook_si5_and_fenyves,3.0,3.0,3.0,Cook2019_SI5,complex,complex,fenyves_sign_prediction,True,True,True,True,True,2.0,True
VD12__VA12,VD12,VA12,neuron_to_neuron,cook_si5_and_fenyves,13.0,13.0,13.0,Cook2019_SI5,complex,complex,fenyves_sign_prediction,True,True,True,True,True,11.0,True
VD12__VB11,VD12,VB11,neuron_to_neuron,cook_si5_and_fenyves,1.0,1.0,1.0,Cook2019_SI5,complex,complex,fenyves_sign_prediction,True,True,True,True,True,1.0,True
VD12__VC06,VD12,VC06,neuron_to_neuron,cook_si5_only,1.0,1.0,,Cook2019_SI5,,-,missing_fenyves_default_inhibitory,True,True,True,True,False,1.0,True
VD12__vBWML20,VD12,vBWML20,neuron_to_non_neuron_or_muscle,cook_si5_only,4.0,4.0,,Cook2019_SI5,,-,missing_fenyves_default_inhibitory,True,True,False,True,False,1.0,True
VD12__vBWML21,VD12,vBWML21,neuron_to_non_neuron_or_muscle,cook_si5_only,15.0,15.0,,Cook2019_SI5,,-,missing_fenyves_default_inhibitory,True,True,False,True,False,10.0,True
VD12__vBWML22,VD12,vBWML22,neuron_to_non_neuron_or_muscle,cook_si5_only,4.0,4.0,,Cook2019_SI5,,-,missing_fenyves_default_inhibitory,True,True,False,True,False,0.0,False
VD12__vBWMR20,VD12,vBWMR20,neuron_to_non_neuron_or_muscle,cook_si5_only,2.0,2.0,,Cook2019_SI5,,-,missing_fenyves_default_inhibitory,True,True,False,True,False,2.0,True
VD12__vBWMR21,VD12,vBWMR21,neuron_to_non_neuron_or_muscle,cook_si5_only,4.0,4.0,,Cook2019_SI5,,-,missing_fenyves_default_inhibitory,True,True,False,True,False,0.0,False
VD12__vBWMR22,VD12,vBWMR22,neuron_to_non_neuron_or_muscle,cook_si5_only,4.0,4.0,,Cook2019_SI5,,-,missing_fenyves_default_inhibitory,True,True,False,True,False,0.0,False
VD12__vBWMR23,VD12,vBWMR23,neuron_to_non_neuron_or_muscle,cook_si5_only,4.0,4.0,,Cook2019_SI5,,-,missing_fenyves_default_inhibitory,True,True,False,True,False,0.0,False
VD13__AVAR,VD13,AVAR,neuron_to_neuron,cook_si5_and_fenyves,2.0,2.0,2.0,Cook2019_SI5,-,-,fenyves_sign_prediction,True,True,True,True,True,1.0,True
VD13__DD06,VD13,DD06,neuron_to_neuron,cook_si5_and_fenyves,3.0,3.0,3.0,Cook2019_SI5,no pred,-,fenyves_no_pred_default_inhibitory,True,True,True,True,True,2.0,True
VD13__PVCR,VD13,PVCR,neuron_to_neuron,cook_si5_and_fenyves,1.0,1.0,1.0,Cook2019_SI5,-,-,fenyves_sign_prediction,True,True,True,True,True,1.0,True
VD13__PVWL,VD13,PVWL,neuron_to_neuron,cook_si5_and_fenyves,1.0,1.0,1.0,Cook2019_SI5,-,-,fenyves_sign_prediction,True,True,True,True,True,1.0,True
VD13__VA12,VD13,VA12,neuron_to_neuron,cook_si5_and_fenyves,11.0,11.0,11.0,Cook2019_SI5,complex,complex,fenyves_sign_prediction,True,True,True,True,True,9.0,True
VD13__VD12,VD13,VD12,neuron_to_neuron,cook_si5_and_fenyves,1.0,1.0,1.0,Cook2019_SI5,no pred,-,fenyves_no_pred_default_inhibitory,True,True,True,True,True,1.0,True
VD13__VD13,VD13,VD13,neuron_to_neuron,cook_si5_only,2.0,2.0,,Cook2019_SI5,,-,missing_fenyves_default_inhibitory,True,True,True,True,False,1.0,True
VD13__dBWMR22,VD13,dBWMR22,neuron_to_non_neuron_or_muscle,cook_si5_only,3.0,3.0,,Cook2019_SI5,,-,missing_fenyves_default_inhibitory,True,True,False,True,False,2.0,True
VD13__vBWML19,VD13,vBWML19,neuron_to_non_neuron_or_muscle,cook_si5_only,1.0,1.0,,Cook2019_SI5,,-,missing_fenyves_default_inhibitory,True,True,False,True,False,1.0,True
VD13__vBWML21,VD13,vBWML21,neuron_to_non_neuron_or_muscle,cook_si5_only,5.0,5.0,,Cook2019_SI5,,-,missing_fenyves_default_inhibitory,True,True,False,True,False,4.0,True
VD13__vBWML22,VD13,vBWML22,neuron_to_non_neuron_or_muscle,cook_si5_only,4.0,4.0,,Cook2019_SI5,,-,missing_fenyves_default_inhibitory,True,True,False,True,False,0.0,False
VD13__vBWML23,VD13,vBWML23,neuron_to_non_neuron_or_muscle,cook_si5_only,4.0,4.0,,Cook2019_SI5,,-,missing_fenyves_default_inhibitory,True,True,False,True,False,0.0,False
VD13__vBWMR21,VD13,vBWMR21,neuron_to_non_neuron_or_muscle,cook_si5_only,10.0,10.0,,Cook2019_SI5,,-,missing_fenyves_default_inhibitory,True,True,False,True,False,8.0,True
VD13__vBWMR22,VD13,vBWMR22,neuron_to_non_neuron_or_muscle,cook_si5_only,4.0,4.0,,Cook2019_SI5,,-,missing_fenyves_default_inhibitory,True,True,False,True,False,0.0,False
VD13__vBWMR23,VD13,vBWMR23,neuron_to_non_neuron_or_muscle,cook_si5_only,4.0,4.0,,Cook2019_SI5,,-,missing_fenyves_default_inhibitory,True,True,False,True,False,0.0,False
VD13__vBWMR24,VD13,vBWMR24,neuron_to_non_neuron_or_muscle,cook_si5_only,4.0,4.0,,Cook2019_SI5,,-,missing_fenyves_default_inhibitory,True,True,False,True,False,0.0,False
