gap_id,cell_a,cell_b,compartment_a,compartment_b,placement_policy,anatomical_weight,normalized_weight,g0_uS,g_uS,active_in_v0,evidence
I1L__I2L,I1L,I2L,0,0,soma_compartment_0_v0,2.0,0.18321038381232518,0.0001,1.8321038381232518e-05,True,Cook2019_SI5_gap_junction
I1L__M3L,I1L,M3L,0,0,soma_compartment_0_v0,2.0,0.18321038381232518,0.0001,1.8321038381232518e-05,True,Cook2019_SI5_gap_junction
I1L__MCR,I1L,MCR,0,0,soma_compartment_0_v0,1.0,0.11559288231044244,0.0001,1.1559288231044245e-05,True,Cook2019_SI5_gap_junction
I1L__NSML,I1L,NSML,0,0,soma_compartment_0_v0,3.0,0.2311857646208849,0.0001,2.311857646208849e-05,True,Cook2019_SI5_gap_junction
I1L__RIPL,I1L,RIPL,0,0,soma_compartment_0_v0,2.0,0.18321038381232518,0.0001,1.8321038381232518e-05,True,Cook2019_SI5_gap_junction
I1R__I2R,I1R,I2R,0,0,soma_compartment_0_v0,1.0,0.11559288231044244,0.0001,1.1559288231044245e-05,True,Cook2019_SI5_gap_junction
I1R__I3,I1R,I3,0,0,soma_compartment_0_v0,1.0,0.11559288231044244,0.0001,1.1559288231044245e-05,True,Cook2019_SI5_gap_junction
I1R__MCR,I1R,MCR,0,0,soma_compartment_0_v0,4.0,0.2683983610056247,0.0001,2.683983610056247e-05,True,Cook2019_SI5_gap_junction
I1R__NSMR,I1R,NSMR,0,0,soma_compartment_0_v0,2.0,0.18321038381232518,0.0001,1.8321038381232518e-05,True,Cook2019_SI5_gap_junction
I1R__RIPR,I1R,RIPR,0,0,soma_compartment_0_v0,2.0,0.18321038381232518,0.0001,1.8321038381232518e-05,True,Cook2019_SI5_gap_junction
I2L__I4,I2L,I4,0,0,soma_compartment_0_v0,1.0,0.11559288231044244,0.0001,1.1559288231044245e-05,True,Cook2019_SI5_gap_junction
I2L__M2L,I2L,M2L,0,0,soma_compartment_0_v0,1.0,0.11559288231044244,0.0001,1.1559288231044245e-05,True,Cook2019_SI5_gap_junction
I2R__M1,I2R,M1,0,0,soma_compartment_0_v0,1.0,0.11559288231044244,0.0001,1.1559288231044245e-05,True,Cook2019_SI5_gap_junction
I2R__M2R,I2R,M2R,0,0,soma_compartment_0_v0,1.0,0.11559288231044244,0.0001,1.1559288231044245e-05,True,Cook2019_SI5_gap_junction
I2R__MCR,I2R,MCR,0,0,soma_compartment_0_v0,1.0,0.11559288231044244,0.0001,1.1559288231044245e-05,True,Cook2019_SI5_gap_junction
I2R__NSMR,I2R,NSMR,0,0,soma_compartment_0_v0,2.0,0.18321038381232518,0.0001,1.8321038381232518e-05,True,Cook2019_SI5_gap_junction
I3__M1,I3,M1,0,0,soma_compartment_0_v0,1.0,0.11559288231044244,0.0001,1.1559288231044245e-05,True,Cook2019_SI5_gap_junction
I3__M2R,I3,M2R,0,0,soma_compartment_0_v0,1.0,0.11559288231044244,0.0001,1.1559288231044245e-05,True,Cook2019_SI5_gap_junction
I3__MI,I3,MI,0,0,soma_compartment_0_v0,1.0,0.11559288231044244,0.0001,1.1559288231044245e-05,True,Cook2019_SI5_gap_junction
I4__M2R,I4,M2R,0,0,soma_compartment_0_v0,2.0,0.18321038381232518,0.0001,1.8321038381232518e-05,True,Cook2019_SI5_gap_junction
I4__M4,I4,M4,0,0,soma_compartment_0_v0,1.0,0.11559288231044244,0.0001,1.1559288231044245e-05,True,Cook2019_SI5_gap_junction
I5__M2L,I5,M2L,0,0,soma_compartment_0_v0,1.0,0.11559288231044244,0.0001,1.1559288231044245e-05,True,Cook2019_SI5_gap_junction
I5__M2R,I5,M2R,0,0,soma_compartment_0_v0,1.0,0.11559288231044244,0.0001,1.1559288231044245e-05,True,Cook2019_SI5_gap_junction
I5__M5,I5,M5,0,0,soma_compartment_0_v0,1.0,0.11559288231044244,0.0001,1.1559288231044245e-05,True,Cook2019_SI5_gap_junction
I6__M4,I6,M4,0,0,soma_compartment_0_v0,5.0,0.2988032661227676,0.0001,2.988032661227676e-05,True,Cook2019_SI5_gap_junction
M2L__M4,M2L,M4,0,0,soma_compartment_0_v0,1.0,0.11559288231044244,0.0001,1.1559288231044245e-05,True,Cook2019_SI5_gap_junction
M2L__MCL,M2L,MCL,0,0,soma_compartment_0_v0,1.0,0.11559288231044244,0.0001,1.1559288231044245e-05,True,Cook2019_SI5_gap_junction
M2R__M3R,M2R,M3R,0,0,soma_compartment_0_v0,1.0,0.11559288231044244,0.0001,1.1559288231044245e-05,True,Cook2019_SI5_gap_junction
M2R__MCR,M2R,MCR,0,0,soma_compartment_0_v0,11.0,0.41439614843321004,0.0001,4.1439614843321005e-05,True,Cook2019_SI5_gap_junction
M2R__MI,M2R,MI,0,0,soma_compartment_0_v0,5.0,0.2988032661227676,0.0001,2.988032661227676e-05,True,Cook2019_SI5_gap_junction
M3L__NSMR,M3L,NSMR,0,0,soma_compartment_0_v0,1.0,0.11559288231044244,0.0001,1.1559288231044245e-05,True,Cook2019_SI5_gap_junction
M3R__NSMR,M3R,NSMR,0,0,soma_compartment_0_v0,2.0,0.18321038381232518,0.0001,1.8321038381232518e-05,True,Cook2019_SI5_gap_junction
M4__M5,M4,M5,0,0,soma_compartment_0_v0,2.0,0.18321038381232518,0.0001,1.8321038381232518e-05,True,Cook2019_SI5_gap_junction
NSML__NSMR,NSML,NSMR,0,0,soma_compartment_0_v0,2.0,0.18321038381232518,0.0001,1.8321038381232518e-05,True,Cook2019_SI5_gap_junction
ASIL__ASIR,ASIL,ASIR,0,0,soma_compartment_0_v0,3.0,0.2311857646208849,0.0001,2.311857646208849e-05,True,Cook2019_SI5_gap_junction
ASIL__AINR,ASIL,AINR,0,0,soma_compartment_0_v0,1.0,0.11559288231044244,0.0001,1.1559288231044245e-05,True,Cook2019_SI5_gap_junction
ASIL__AIAL,ASIL,AIAL,0,0,soma_compartment_0_v0,1.0,0.11559288231044244,0.0001,1.1559288231044245e-05,True,Cook2019_SI5_gap_junction
ASIR__ASGR,ASIR,ASGR,0,0,soma_compartment_0_v0,4.0,0.2683983610056247,0.0001,2.683983610056247e-05,True,Cook2019_SI5_gap_junction
ASIR__AIYR,ASIR,AIYR,0,0,soma_compartment_0_v0,1.0,0.11559288231044244,0.0001,1.1559288231044245e-05,True,Cook2019_SI5_gap_junction
ASIR__AIAL,ASIR,AIAL,0,0,soma_compartment_0_v0,2.0,0.18321038381232518,0.0001,1.8321038381232518e-05,True,Cook2019_SI5_gap_junction
ASIR__AIAR,ASIR,AIAR,0,0,soma_compartment_0_v0,3.0,0.2311857646208849,0.0001,2.311857646208849e-05,True,Cook2019_SI5_gap_junction
ASJL__ASJR,ASJL,ASJR,0,0,soma_compartment_0_v0,7.0,0.3467786469313273,0.0001,3.4677864693132736e-05,True,Cook2019_SI5_gap_junction
ASJL__IL2L,ASJL,IL2L,0,0,soma_compartment_0_v0,1.0,0.11559288231044244,0.0001,1.1559288231044245e-05,True,Cook2019_SI5_gap_junction
ASJL__AIAL,ASJL,AIAL,0,0,soma_compartment_0_v0,1.0,0.11559288231044244,0.0001,1.1559288231044245e-05,True,Cook2019_SI5_gap_junction
ASJL__ALA,ASJL,ALA,0,0,soma_compartment_0_v0,2.0,0.18321038381232518,0.0001,1.8321038381232518e-05,True,Cook2019_SI5_gap_junction
ASJL__PVQL,ASJL,PVQL,0,0,soma_compartment_0_v0,1.0,0.11559288231044244,0.0001,1.1559288231044245e-05,True,Cook2019_SI5_gap_junction
ASJL__SMDDR,ASJL,SMDDR,0,0,soma_compartment_0_v0,1.0,0.11559288231044244,0.0001,1.1559288231044245e-05,True,Cook2019_SI5_gap_junction
ASJR__AIMR,ASJR,AIMR,0,0,soma_compartment_0_v0,1.0,0.11559288231044244,0.0001,1.1559288231044245e-05,True,Cook2019_SI5_gap_junction
ASJR__PVQR,ASJR,PVQR,0,0,soma_compartment_0_v0,5.0,0.2988032661227676,0.0001,2.988032661227676e-05,True,Cook2019_SI5_gap_junction
AWAL__AWAR,AWAL,AWAR,0,0,soma_compartment_0_v0,2.0,0.18321038381232518,0.0001,1.8321038381232518e-05,True,Cook2019_SI5_gap_junction
AWAL__ADLL,AWAL,ADLL,0,0,soma_compartment_0_v0,1.0,0.11559288231044244,0.0001,1.1559288231044245e-05,True,Cook2019_SI5_gap_junction
AWAL__AIAL,AWAL,AIAL,0,0,soma_compartment_0_v0,1.0,0.11559288231044244,0.0001,1.1559288231044245e-05,True,Cook2019_SI5_gap_junction
AWAL__AIZL,AWAL,AIZL,0,0,soma_compartment_0_v0,3.0,0.2311857646208849,0.0001,2.311857646208849e-05,True,Cook2019_SI5_gap_junction
AWAR__ADFR,AWAR,ADFR,0,0,soma_compartment_0_v0,3.0,0.2311857646208849,0.0001,2.311857646208849e-05,True,Cook2019_SI5_gap_junction
AWAR__AIAR,AWAR,AIAR,0,0,soma_compartment_0_v0,3.0,0.2311857646208849,0.0001,2.311857646208849e-05,True,Cook2019_SI5_gap_junction
AWAR__AIZR,AWAR,AIZR,0,0,soma_compartment_0_v0,3.0,0.2311857646208849,0.0001,2.311857646208849e-05,True,Cook2019_SI5_gap_junction
ASGL__AWBL,ASGL,AWBL,0,0,soma_compartment_0_v0,1.0,0.11559288231044244,0.0001,1.1559288231044245e-05,True,Cook2019_SI5_gap_junction
ASGL__ASEL,ASGL,ASEL,0,0,soma_compartment_0_v0,3.0,0.2311857646208849,0.0001,2.311857646208849e-05,True,Cook2019_SI5_gap_junction
ASGL__AINR,ASGL,AINR,0,0,soma_compartment_0_v0,1.0,0.11559288231044244,0.0001,1.1559288231044245e-05,True,Cook2019_SI5_gap_junction
ASGL__AIML,ASGL,AIML,0,0,soma_compartment_0_v0,1.0,0.11559288231044244,0.0001,1.1559288231044245e-05,True,Cook2019_SI5_gap_junction
ASGL__AIZL,ASGL,AIZL,0,0,soma_compartment_0_v0,3.0,0.2311857646208849,0.0001,2.311857646208849e-05,True,Cook2019_SI5_gap_junction
ASGL__SMDDR,ASGL,SMDDR,0,0,soma_compartment_0_v0,2.0,0.18321038381232518,0.0001,1.8321038381232518e-05,True,Cook2019_SI5_gap_junction
ASGR__ASER,ASGR,ASER,0,0,soma_compartment_0_v0,3.0,0.2311857646208849,0.0001,2.311857646208849e-05,True,Cook2019_SI5_gap_junction
ASGR__ADFR,ASGR,ADFR,0,0,soma_compartment_0_v0,1.0,0.11559288231044244,0.0001,1.1559288231044245e-05,True,Cook2019_SI5_gap_junction
ASGR__AWCR,ASGR,AWCR,0,0,soma_compartment_0_v0,2.0,0.18321038381232518,0.0001,1.8321038381232518e-05,True,Cook2019_SI5_gap_junction
ASGR__ADLR,ASGR,ADLR,0,0,soma_compartment_0_v0,1.0,0.11559288231044244,0.0001,1.1559288231044245e-05,True,Cook2019_SI5_gap_junction
ASGR__AINL,ASGR,AINL,0,0,soma_compartment_0_v0,1.0,0.11559288231044244,0.0001,1.1559288231044245e-05,True,Cook2019_SI5_gap_junction
ASGR__AIAR,ASGR,AIAR,0,0,soma_compartment_0_v0,3.0,0.2311857646208849,0.0001,2.311857646208849e-05,True,Cook2019_SI5_gap_junction
ASGR__AIZR,ASGR,AIZR,0,0,soma_compartment_0_v0,1.0,0.11559288231044244,0.0001,1.1559288231044245e-05,True,Cook2019_SI5_gap_junction
AWBL__AWBR,AWBL,AWBR,0,0,soma_compartment_0_v0,3.0,0.2311857646208849,0.0001,2.311857646208849e-05,True,Cook2019_SI5_gap_junction
AWBL__AIAL,AWBL,AIAL,0,0,soma_compartment_0_v0,1.0,0.11559288231044244,0.0001,1.1559288231044245e-05,True,Cook2019_SI5_gap_junction
AWBL__AUAL,AWBL,AUAL,0,0,soma_compartment_0_v0,4.0,0.2683983610056247,0.0001,2.683983610056247e-05,True,Cook2019_SI5_gap_junction
AWBL__RMGL,AWBL,RMGL,0,0,soma_compartment_0_v0,1.0,0.11559288231044244,0.0001,1.1559288231044245e-05,True,Cook2019_SI5_gap_junction
AWBR__ASER,AWBR,ASER,0,0,soma_compartment_0_v0,1.0,0.11559288231044244,0.0001,1.1559288231044245e-05,True,Cook2019_SI5_gap_junction
AWBR__ADFR,AWBR,ADFR,0,0,soma_compartment_0_v0,1.0,0.11559288231044244,0.0001,1.1559288231044245e-05,True,Cook2019_SI5_gap_junction
AWBR__AUAR,AWBR,AUAR,0,0,soma_compartment_0_v0,3.0,0.2311857646208849,0.0001,2.311857646208849e-05,True,Cook2019_SI5_gap_junction
AWBR__RMGR,AWBR,RMGR,0,0,soma_compartment_0_v0,1.0,0.11559288231044244,0.0001,1.1559288231044245e-05,True,Cook2019_SI5_gap_junction
AWBR__RICL,AWBR,RICL,0,0,soma_compartment_0_v0,4.0,0.2683983610056247,0.0001,2.683983610056247e-05,True,Cook2019_SI5_gap_junction
ASEL__AFDL,ASEL,AFDL,0,0,soma_compartment_0_v0,6.0,0.32451024710904597,0.0001,3.24510247109046e-05,True,Cook2019_SI5_gap_junction
ASEL__AFDR,ASEL,AFDR,0,0,soma_compartment_0_v0,2.0,0.18321038381232518,0.0001,1.8321038381232518e-05,True,Cook2019_SI5_gap_junction
ASEL__AWCL,ASEL,AWCL,0,0,soma_compartment_0_v0,1.0,0.11559288231044244,0.0001,1.1559288231044245e-05,True,Cook2019_SI5_gap_junction
ASEL__AWCR,ASEL,AWCR,0,0,soma_compartment_0_v0,2.0,0.18321038381232518,0.0001,1.8321038381232518e-05,True,Cook2019_SI5_gap_junction
ASER__AFDR,ASER,AFDR,0,0,soma_compartment_0_v0,1.0,0.11559288231044244,0.0001,1.1559288231044245e-05,True,Cook2019_SI5_gap_junction
ASER__PVQR,ASER,PVQR,0,0,soma_compartment_0_v0,1.0,0.11559288231044244,0.0001,1.1559288231044245e-05,True,Cook2019_SI5_gap_junction
ADFL__AFDL,ADFL,AFDL,0,0,soma_compartment_0_v0,3.0,0.2311857646208849,0.0001,2.311857646208849e-05,True,Cook2019_SI5_gap_junction
ADFL__AWCL,ADFL,AWCL,0,0,soma_compartment_0_v0,1.0,0.11559288231044244,0.0001,1.1559288231044245e-05,True,Cook2019_SI5_gap_junction
ADFL__ASHL,ADFL,ASHL,0,0,soma_compartment_0_v0,1.0,0.11559288231044244,0.0001,1.1559288231044245e-05,True,Cook2019_SI5_gap_junction
ADFL__URBL,ADFL,URBL,0,0,soma_compartment_0_v0,1.0,0.11559288231044244,0.0001,1.1559288231044245e-05,True,Cook2019_SI5_gap_junction
ADFL__AIZL,ADFL,AIZL,0,0,soma_compartment_0_v0,1.0,0.11559288231044244,0.0001,1.1559288231044245e-05,True,Cook2019_SI5_gap_junction
ADFL__ADAL,ADFL,ADAL,0,0,soma_compartment_0_v0,5.0,0.2988032661227676,0.0001,2.988032661227676e-05,True,Cook2019_SI5_gap_junction
ADFL__RIAL,ADFL,RIAL,0,0,soma_compartment_0_v0,1.0,0.11559288231044244,0.0001,1.1559288231044245e-05,True,Cook2019_SI5_gap_junction
ADFL__RIPL,ADFL,RIPL,0,0,soma_compartment_0_v0,2.0,0.18321038381232518,0.0001,1.8321038381232518e-05,True,Cook2019_SI5_gap_junction
ADFR__AFDR,ADFR,AFDR,0,0,soma_compartment_0_v0,5.0,0.2988032661227676,0.0001,2.988032661227676e-05,True,Cook2019_SI5_gap_junction
ADFR__RIH,ADFR,RIH,0,0,soma_compartment_0_v0,1.0,0.11559288231044244,0.0001,1.1559288231044245e-05,True,Cook2019_SI5_gap_junction
ADFR__AIAR,ADFR,AIAR,0,0,soma_compartment_0_v0,4.0,0.2683983610056247,0.0001,2.683983610056247e-05,True,Cook2019_SI5_gap_junction
ADFR__ADAR,ADFR,ADAR,0,0,soma_compartment_0_v0,4.0,0.2683983610056247,0.0001,2.683983610056247e-05,True,Cook2019_SI5_gap_junction
ADFR__SMDVR,ADFR,SMDVR,0,0,soma_compartment_0_v0,2.0,0.18321038381232518,0.0001,1.8321038381232518e-05,True,Cook2019_SI5_gap_junction
ADFR__SMBVR,ADFR,SMBVR,0,0,soma_compartment_0_v0,1.0,0.11559288231044244,0.0001,1.1559288231044245e-05,True,Cook2019_SI5_gap_junction
AFDL__AFDR,AFDL,AFDR,0,0,soma_compartment_0_v0,1.0,0.11559288231044244,0.0001,1.1559288231044245e-05,True,Cook2019_SI5_gap_junction
AFDL__URBL,AFDL,URBL,0,0,soma_compartment_0_v0,9.0,0.3839912433160672,0.0001,3.839912433160672e-05,True,Cook2019_SI5_gap_junction
AFDL__AIYL,AFDL,AIYL,0,0,soma_compartment_0_v0,2.0,0.18321038381232518,0.0001,1.8321038381232518e-05,True,Cook2019_SI5_gap_junction
AFDL__AIBL,AFDL,AIBL,0,0,soma_compartment_0_v0,2.0,0.18321038381232518,0.0001,1.8321038381232518e-05,True,Cook2019_SI5_gap_junction
AFDL__AVEL,AFDL,AVEL,0,0,soma_compartment_0_v0,1.0,0.11559288231044244,0.0001,1.1559288231044245e-05,True,Cook2019_SI5_gap_junction
AFDR__AWCR,AFDR,AWCR,0,0,soma_compartment_0_v0,3.0,0.2311857646208849,0.0001,2.311857646208849e-05,True,Cook2019_SI5_gap_junction
AFDR__ASHR,AFDR,ASHR,0,0,soma_compartment_0_v0,4.0,0.2683983610056247,0.0001,2.683983610056247e-05,True,Cook2019_SI5_gap_junction
AFDR__URBR,AFDR,URBR,0,0,soma_compartment_0_v0,2.0,0.18321038381232518,0.0001,1.8321038381232518e-05,True,Cook2019_SI5_gap_junction
AFDR__AIBR,AFDR,AIBR,0,0,soma_compartment_0_v0,2.0,0.18321038381232518,0.0001,1.8321038381232518e-05,True,Cook2019_SI5_gap_junction
AFDR__RMDVR,AFDR,RMDVR,0,0,soma_compartment_0_v0,1.0,0.11559288231044244,0.0001,1.1559288231044245e-05,True,Cook2019_SI5_gap_junction
AWCL__AUAL,AWCL,AUAL,0,0,soma_compartment_0_v0,1.0,0.11559288231044244,0.0001,1.1559288231044245e-05,True,Cook2019_SI5_gap_junction
AWCR__AIAL,AWCR,AIAL,0,0,soma_compartment_0_v0,1.0,0.11559288231044244,0.0001,1.1559288231044245e-05,True,Cook2019_SI5_gap_junction
AWCR__AIAR,AWCR,AIAR,0,0,soma_compartment_0_v0,1.0,0.11559288231044244,0.0001,1.1559288231044245e-05,True,Cook2019_SI5_gap_junction
ASKL__ASKR,ASKL,ASKR,0,0,soma_compartment_0_v0,9.0,0.3839912433160672,0.0001,3.839912433160672e-05,True,Cook2019_SI5_gap_junction
ASKL__ASHL,ASKL,ASHL,0,0,soma_compartment_0_v0,18.0,0.49103018512477475,0.0001,4.910301851247748e-05,True,Cook2019_SI5_gap_junction
ASKL__AIAL,ASKL,AIAL,0,0,soma_compartment_0_v0,2.0,0.18321038381232518,0.0001,1.8321038381232518e-05,True,Cook2019_SI5_gap_junction
ASKL__PVQL,ASKL,PVQL,0,0,soma_compartment_0_v0,8.0,0.36642076762465037,0.0001,3.6642076762465036e-05,True,Cook2019_SI5_gap_junction
ASKL__AVHL,ASKL,AVHL,0,0,soma_compartment_0_v0,8.0,0.36642076762465037,0.0001,3.6642076762465036e-05,True,Cook2019_SI5_gap_junction
ASKL__AIBL,ASKL,AIBL,0,0,soma_compartment_0_v0,1.0,0.11559288231044244,0.0001,1.1559288231044245e-05,True,Cook2019_SI5_gap_junction
ASKL__HSNL,ASKL,HSNL,0,0,soma_compartment_0_v0,1.0,0.11559288231044244,0.0001,1.1559288231044245e-05,True,Cook2019_SI5_gap_junction
ASKR__ASHR,ASKR,ASHR,0,0,soma_compartment_0_v0,2.0,0.18321038381232518,0.0001,1.8321038381232518e-05,True,Cook2019_SI5_gap_junction
ASKR__ADLR,ASKR,ADLR,0,0,soma_compartment_0_v0,1.0,0.11559288231044244,0.0001,1.1559288231044245e-05,True,Cook2019_SI5_gap_junction
ASKR__AIAR,ASKR,AIAR,0,0,soma_compartment_0_v0,1.0,0.11559288231044244,0.0001,1.1559288231044245e-05,True,Cook2019_SI5_gap_junction
ASKR__ALA,ASKR,ALA,0,0,soma_compartment_0_v0,1.0,0.11559288231044244,0.0001,1.1559288231044245e-05,True,Cook2019_SI5_gap_junction
ASKR__PVQR,ASKR,PVQR,0,0,soma_compartment_0_v0,25.0,0.5433373751464126,0.0001,5.433373751464126e-05,True,Cook2019_SI5_gap_junction
ASKR__AVHR,ASKR,AVHR,0,0,soma_compartment_0_v0,10.0,0.3998856719541645,0.0001,3.998856719541645e-05,True,Cook2019_SI5_gap_junction
ASKR__RMGR,ASKR,RMGR,0,0,soma_compartment_0_v0,1.0,0.11559288231044244,0.0001,1.1559288231044245e-05,True,Cook2019_SI5_gap_junction
ASKR__AIBR,ASKR,AIBR,0,0,soma_compartment_0_v0,3.0,0.2311857646208849,0.0001,2.311857646208849e-05,True,Cook2019_SI5_gap_junction
ASKR__HSNL,ASKR,HSNL,0,0,soma_compartment_0_v0,3.0,0.2311857646208849,0.0001,2.311857646208849e-05,True,Cook2019_SI5_gap_junction
ASKR__HSNR,ASKR,HSNR,0,0,soma_compartment_0_v0,3.0,0.2311857646208849,0.0001,2.311857646208849e-05,True,Cook2019_SI5_gap_junction
ASHL__ASHR,ASHL,ASHR,0,0,soma_compartment_0_v0,7.0,0.3467786469313273,0.0001,3.4677864693132736e-05,True,Cook2019_SI5_gap_junction
ASHL__AIZL,ASHL,AIZL,0,0,soma_compartment_0_v0,2.0,0.18321038381232518,0.0001,1.8321038381232518e-05,True,Cook2019_SI5_gap_junction
ASHL__ADAL,ASHL,ADAL,0,0,soma_compartment_0_v0,2.0,0.18321038381232518,0.0001,1.8321038381232518e-05,True,Cook2019_SI5_gap_junction
ASHL__RMGL,ASHL,RMGL,0,0,soma_compartment_0_v0,3.0,0.2311857646208849,0.0001,2.311857646208849e-05,True,Cook2019_SI5_gap_junction
ASHL__RICL,ASHL,RICL,0,0,soma_compartment_0_v0,5.0,0.2988032661227676,0.0001,2.988032661227676e-05,True,Cook2019_SI5_gap_junction
ASHR__AIAR,ASHR,AIAR,0,0,soma_compartment_0_v0,1.0,0.11559288231044244,0.0001,1.1559288231044245e-05,True,Cook2019_SI5_gap_junction
ASHR__AIZR,ASHR,AIZR,0,0,soma_compartment_0_v0,6.0,0.32451024710904597,0.0001,3.24510247109046e-05,True,Cook2019_SI5_gap_junction
ASHR__ADAR,ASHR,ADAR,0,0,soma_compartment_0_v0,3.0,0.2311857646208849,0.0001,2.311857646208849e-05,True,Cook2019_SI5_gap_junction
ASHR__AVHL,ASHR,AVHL,0,0,soma_compartment_0_v0,2.0,0.18321038381232518,0.0001,1.8321038381232518e-05,True,Cook2019_SI5_gap_junction
ASHR__RMGR,ASHR,RMGR,0,0,soma_compartment_0_v0,3.0,0.2311857646208849,0.0001,2.311857646208849e-05,True,Cook2019_SI5_gap_junction
ASHR__RICR,ASHR,RICR,0,0,soma_compartment_0_v0,4.0,0.2683983610056247,0.0001,2.683983610056247e-05,True,Cook2019_SI5_gap_junction
ASHR__AVER,ASHR,AVER,0,0,soma_compartment_0_v0,1.0,0.11559288231044244,0.0001,1.1559288231044245e-05,True,Cook2019_SI5_gap_junction
ASHR__AVAR,ASHR,AVAR,0,0,soma_compartment_0_v0,2.0,0.18321038381232518,0.0001,1.8321038381232518e-05,True,Cook2019_SI5_gap_junction
ADLL__ADLR,ADLL,ADLR,0,0,soma_compartment_0_v0,6.0,0.32451024710904597,0.0001,3.24510247109046e-05,True,Cook2019_SI5_gap_junction
ADLL__RMGL,ADLL,RMGL,0,0,soma_compartment_0_v0,3.0,0.2311857646208849,0.0001,2.311857646208849e-05,True,Cook2019_SI5_gap_junction
ADLL__AVDR,ADLL,AVDR,0,0,soma_compartment_0_v0,2.0,0.18321038381232518,0.0001,1.8321038381232518e-05,True,Cook2019_SI5_gap_junction
BAGL__BAGR,BAGL,BAGR,0,0,soma_compartment_0_v0,1.0,0.11559288231044244,0.0001,1.1559288231044245e-05,True,Cook2019_SI5_gap_junction
BAGL__AINR,BAGL,AINR,0,0,soma_compartment_0_v0,3.0,0.2311857646208849,0.0001,2.311857646208849e-05,True,Cook2019_SI5_gap_junction
BAGL__RIR,BAGL,RIR,0,0,soma_compartment_0_v0,4.0,0.2683983610056247,0.0001,2.683983610056247e-05,True,Cook2019_SI5_gap_junction
BAGL__RIGL,BAGL,RIGL,0,0,soma_compartment_0_v0,1.0,0.11559288231044244,0.0001,1.1559288231044245e-05,True,Cook2019_SI5_gap_junction
BAGL__RIGR,BAGL,RIGR,0,0,soma_compartment_0_v0,2.0,0.18321038381232518,0.0001,1.8321038381232518e-05,True,Cook2019_SI5_gap_junction
BAGR__RIR,BAGR,RIR,0,0,soma_compartment_0_v0,5.0,0.2988032661227676,0.0001,2.988032661227676e-05,True,Cook2019_SI5_gap_junction
BAGR__AVEL,BAGR,AVEL,0,0,soma_compartment_0_v0,1.0,0.11559288231044244,0.0001,1.1559288231044245e-05,True,Cook2019_SI5_gap_junction
URXL__IL2L,URXL,IL2L,0,0,soma_compartment_0_v0,1.0,0.11559288231044244,0.0001,1.1559288231044245e-05,True,Cook2019_SI5_gap_junction
URXL__RMGL,URXL,RMGL,0,0,soma_compartment_0_v0,3.0,0.2311857646208849,0.0001,2.311857646208849e-05,True,Cook2019_SI5_gap_junction
URXR__IL2R,URXR,IL2R,0,0,soma_compartment_0_v0,4.0,0.2683983610056247,0.0001,2.683983610056247e-05,True,Cook2019_SI5_gap_junction
URXR__AUAR,URXR,AUAR,0,0,soma_compartment_0_v0,3.0,0.2311857646208849,0.0001,2.311857646208849e-05,True,Cook2019_SI5_gap_junction
URXR__RMGR,URXR,RMGR,0,0,soma_compartment_0_v0,5.0,0.2988032661227676,0.0001,2.988032661227676e-05,True,Cook2019_SI5_gap_junction
URXR__RICR,URXR,RICR,0,0,soma_compartment_0_v0,1.0,0.11559288231044244,0.0001,1.1559288231044245e-05,True,Cook2019_SI5_gap_junction
ALNL__SMDDR,ALNL,SMDDR,0,0,soma_compartment_0_v0,2.0,0.18321038381232518,0.0001,1.8321038381232518e-05,True,Cook2019_SI5_gap_junction
ALNL__SMDVL,ALNL,SMDVL,0,0,soma_compartment_0_v0,1.0,0.11559288231044244,0.0001,1.1559288231044245e-05,True,Cook2019_SI5_gap_junction
ALNL__SMBDR,ALNL,SMBDR,0,0,soma_compartment_0_v0,3.0,0.2311857646208849,0.0001,2.311857646208849e-05,True,Cook2019_SI5_gap_junction
ALNR__ADER,ALNR,ADER,0,0,soma_compartment_0_v0,2.0,0.18321038381232518,0.0001,1.8321038381232518e-05,True,Cook2019_SI5_gap_junction
ALNR__PVR,ALNR,PVR,0,0,soma_compartment_0_v0,16.0,0.4724816111569572,0.0001,4.724816111569572e-05,True,Cook2019_SI5_gap_junction
ALNR__RMGR,ALNR,RMGR,0,0,soma_compartment_0_v0,1.0,0.11559288231044244,0.0001,1.1559288231044245e-05,True,Cook2019_SI5_gap_junction
ALNR__SMDDL,ALNR,SMDDL,0,0,soma_compartment_0_v0,1.0,0.11559288231044244,0.0001,1.1559288231044245e-05,True,Cook2019_SI5_gap_junction
PLNL__PHAL,PLNL,PHAL,0,0,soma_compartment_0_v0,1.0,0.11559288231044244,0.0001,1.1559288231044245e-05,True,Cook2019_SI5_gap_junction
PLNL__PHBL,PLNL,PHBL,0,0,soma_compartment_0_v0,1.0,0.11559288231044244,0.0001,1.1559288231044245e-05,True,Cook2019_SI5_gap_junction
PLNL__PHCL,PLNL,PHCL,0,0,soma_compartment_0_v0,2.0,0.18321038381232518,0.0001,1.8321038381232518e-05,True,Cook2019_SI5_gap_junction
PLNR__PLMR,PLNR,PLMR,0,0,soma_compartment_0_v0,1.0,0.11559288231044244,0.0001,1.1559288231044245e-05,True,Cook2019_SI5_gap_junction
PLNR__PHAR,PLNR,PHAR,0,0,soma_compartment_0_v0,6.0,0.32451024710904597,0.0001,3.24510247109046e-05,True,Cook2019_SI5_gap_junction
PLNR__VA02,PLNR,VA02,0,0,soma_compartment_0_v0,2.0,0.18321038381232518,0.0001,1.8321038381232518e-05,True,Cook2019_SI5_gap_junction
SDQL__SDQR,SDQL,SDQR,0,0,soma_compartment_0_v0,2.0,0.18321038381232518,0.0001,1.8321038381232518e-05,True,Cook2019_SI5_gap_junction
SDQL__FLPL,SDQL,FLPL,0,0,soma_compartment_0_v0,1.0,0.11559288231044244,0.0001,1.1559288231044245e-05,True,Cook2019_SI5_gap_junction
SDQL__DVA,SDQL,DVA,0,0,soma_compartment_0_v0,1.0,0.11559288231044244,0.0001,1.1559288231044245e-05,True,Cook2019_SI5_gap_junction
SDQL__SIADR,SDQL,SIADR,0,0,soma_compartment_0_v0,1.0,0.11559288231044244,0.0001,1.1559288231044245e-05,True,Cook2019_SI5_gap_junction
SDQR__ALMR,SDQR,ALMR,0,0,soma_compartment_0_v0,2.0,0.18321038381232518,0.0001,1.8321038381232518e-05,True,Cook2019_SI5_gap_junction
SDQR__DVA,SDQR,DVA,0,0,soma_compartment_0_v0,1.0,0.11559288231044244,0.0001,1.1559288231044245e-05,True,Cook2019_SI5_gap_junction
SDQR__AIBL,SDQR,AIBL,0,0,soma_compartment_0_v0,1.0,0.11559288231044244,0.0001,1.1559288231044245e-05,True,Cook2019_SI5_gap_junction
SDQR__SAADL,SDQR,SAADL,0,0,soma_compartment_0_v0,1.0,0.11559288231044244,0.0001,1.1559288231044245e-05,True,Cook2019_SI5_gap_junction
SDQR__AVBL,SDQR,AVBL,0,0,soma_compartment_0_v0,1.0,0.11559288231044244,0.0001,1.1559288231044245e-05,True,Cook2019_SI5_gap_junction
SDQR__RIVL,SDQR,RIVL,0,0,soma_compartment_0_v0,5.0,0.2988032661227676,0.0001,2.988032661227676e-05,True,Cook2019_SI5_gap_junction
SDQR__RIVR,SDQR,RIVR,0,0,soma_compartment_0_v0,3.0,0.2311857646208849,0.0001,2.311857646208849e-05,True,Cook2019_SI5_gap_junction
SDQR__SIBVL,SDQR,SIBVL,0,0,soma_compartment_0_v0,2.0,0.18321038381232518,0.0001,1.8321038381232518e-05,True,Cook2019_SI5_gap_junction
SDQR__SIAVR,SDQR,SIAVR,0,0,soma_compartment_0_v0,1.0,0.11559288231044244,0.0001,1.1559288231044245e-05,True,Cook2019_SI5_gap_junction
AQR__PVPL,AQR,PVPL,0,0,soma_compartment_0_v0,41.0,0.6233135132318136,0.0001,6.233135132318136e-05,True,Cook2019_SI5_gap_junction
AQR__PVPR,AQR,PVPR,0,0,soma_compartment_0_v0,61.0,0.6882627133598207,0.0001,6.882627133598208e-05,True,Cook2019_SI5_gap_junction
AQR__RIGR,AQR,RIGR,0,0,soma_compartment_0_v0,3.0,0.2311857646208849,0.0001,2.311857646208849e-05,True,Cook2019_SI5_gap_junction
AQR__AVKL,AQR,AVKL,0,0,soma_compartment_0_v0,7.0,0.3467786469313273,0.0001,3.4677864693132736e-05,True,Cook2019_SI5_gap_junction
AQR__AVKR,AQR,AVKR,0,0,soma_compartment_0_v0,2.0,0.18321038381232518,0.0001,1.8321038381232518e-05,True,Cook2019_SI5_gap_junction
AQR__AVBL,AQR,AVBL,0,0,soma_compartment_0_v0,3.0,0.2311857646208849,0.0001,2.311857646208849e-05,True,Cook2019_SI5_gap_junction
PQR__PVPL,PQR,PVPL,0,0,soma_compartment_0_v0,16.0,0.4724816111569572,0.0001,4.724816111569572e-05,True,Cook2019_SI5_gap_junction
PQR__PVPR,PQR,PVPR,0,0,soma_compartment_0_v0,10.0,0.3998856719541645,0.0001,3.998856719541645e-05,True,Cook2019_SI5_gap_junction
PQR__PVNL,PQR,PVNL,0,0,soma_compartment_0_v0,3.0,0.2311857646208849,0.0001,2.311857646208849e-05,True,Cook2019_SI5_gap_junction
PQR__PVNR,PQR,PVNR,0,0,soma_compartment_0_v0,2.0,0.18321038381232518,0.0001,1.8321038381232518e-05,True,Cook2019_SI5_gap_junction
PQR__AVJL,PQR,AVJL,0,0,soma_compartment_0_v0,5.0,0.2988032661227676,0.0001,2.988032661227676e-05,True,Cook2019_SI5_gap_junction
PQR__AVJR,PQR,AVJR,0,0,soma_compartment_0_v0,2.0,0.18321038381232518,0.0001,1.8321038381232518e-05,True,Cook2019_SI5_gap_junction
PQR__AVDL,PQR,AVDL,0,0,soma_compartment_0_v0,2.0,0.18321038381232518,0.0001,1.8321038381232518e-05,True,Cook2019_SI5_gap_junction
PQR__AVDR,PQR,AVDR,0,0,soma_compartment_0_v0,3.0,0.2311857646208849,0.0001,2.311857646208849e-05,True,Cook2019_SI5_gap_junction
PQR__AVAR,PQR,AVAR,0,0,soma_compartment_0_v0,17.0,0.4820136499350927,0.0001,4.8201364993509275e-05,True,Cook2019_SI5_gap_junction
PQR__PVCL,PQR,PVCL,0,0,soma_compartment_0_v0,2.0,0.18321038381232518,0.0001,1.8321038381232518e-05,True,Cook2019_SI5_gap_junction
ALML__AVM,ALML,AVM,0,0,soma_compartment_0_v0,7.0,0.3467786469313273,0.0001,3.4677864693132736e-05,True,Cook2019_SI5_gap_junction
ALML__PVR,ALML,PVR,0,0,soma_compartment_0_v0,3.0,0.2311857646208849,0.0001,2.311857646208849e-05,True,Cook2019_SI5_gap_junction
ALML__RMGL,ALML,RMGL,0,0,soma_compartment_0_v0,3.0,0.2311857646208849,0.0001,2.311857646208849e-05,True,Cook2019_SI5_gap_junction
ALML__RMDDR,ALML,RMDDR,0,0,soma_compartment_0_v0,2.0,0.18321038381232518,0.0001,1.8321038381232518e-05,True,Cook2019_SI5_gap_junction
ALML__SMBDR,ALML,SMBDR,0,0,soma_compartment_0_v0,1.0,0.11559288231044244,0.0001,1.1559288231044245e-05,True,Cook2019_SI5_gap_junction
ALMR__AVM,ALMR,AVM,0,0,soma_compartment_0_v0,16.0,0.4724816111569572,0.0001,4.724816111569572e-05,True,Cook2019_SI5_gap_junction
ALMR__PVR,ALMR,PVR,0,0,soma_compartment_0_v0,3.0,0.2311857646208849,0.0001,2.311857646208849e-05,True,Cook2019_SI5_gap_junction
ALMR__AVDR,ALMR,AVDR,0,0,soma_compartment_0_v0,2.0,0.18321038381232518,0.0001,1.8321038381232518e-05,True,Cook2019_SI5_gap_junction
AVM__PVR,AVM,PVR,0,0,soma_compartment_0_v0,4.0,0.2683983610056247,0.0001,2.683983610056247e-05,True,Cook2019_SI5_gap_junction
AVM__AVDL,AVM,AVDL,0,0,soma_compartment_0_v0,8.0,0.36642076762465037,0.0001,3.6642076762465036e-05,True,Cook2019_SI5_gap_junction
PVM__DVA,PVM,DVA,0,0,soma_compartment_0_v0,1.0,0.11559288231044244,0.0001,1.1559288231044245e-05,True,Cook2019_SI5_gap_junction
PVM__ADER,PVM,ADER,0,0,soma_compartment_0_v0,1.0,0.11559288231044244,0.0001,1.1559288231044245e-05,True,Cook2019_SI5_gap_junction
PVM__PDEL,PVM,PDEL,0,0,soma_compartment_0_v0,11.0,0.41439614843321004,0.0001,4.1439614843321005e-05,True,Cook2019_SI5_gap_junction
PVM__PDER,PVM,PDER,0,0,soma_compartment_0_v0,8.0,0.36642076762465037,0.0001,3.6642076762465036e-05,True,Cook2019_SI5_gap_junction
PVM__PVR,PVM,PVR,0,0,soma_compartment_0_v0,1.0,0.11559288231044244,0.0001,1.1559288231044245e-05,True,Cook2019_SI5_gap_junction
PVM__AVKL,PVM,AVKL,0,0,soma_compartment_0_v0,1.0,0.11559288231044244,0.0001,1.1559288231044245e-05,True,Cook2019_SI5_gap_junction
PVM__DB03,PVM,DB03,0,0,soma_compartment_0_v0,2.0,0.18321038381232518,0.0001,1.8321038381232518e-05,True,Cook2019_SI5_gap_junction
PVM__VD09,PVM,VD09,0,0,soma_compartment_0_v0,1.0,0.11559288231044244,0.0001,1.1559288231044245e-05,True,Cook2019_SI5_gap_junction
PLML__PDEL,PLML,PDEL,0,0,soma_compartment_0_v0,2.0,0.18321038381232518,0.0001,1.8321038381232518e-05,True,Cook2019_SI5_gap_junction
PLML__PDER,PLML,PDER,0,0,soma_compartment_0_v0,3.0,0.2311857646208849,0.0001,2.311857646208849e-05,True,Cook2019_SI5_gap_junction
PLML__BDUL,PLML,BDUL,0,0,soma_compartment_0_v0,23.0,0.5299890307436526,0.0001,5.299890307436526e-05,True,Cook2019_SI5_gap_junction
PLML__PVR,PLML,PVR,0,0,soma_compartment_0_v0,15.0,0.4623715292417698,0.0001,4.623715292417698e-05,True,Cook2019_SI5_gap_junction
PLML__LUAL,PLML,LUAL,0,0,soma_compartment_0_v0,8.0,0.36642076762465037,0.0001,3.6642076762465036e-05,True,Cook2019_SI5_gap_junction
PLML__AVDL,PLML,AVDL,0,0,soma_compartment_0_v0,3.0,0.2311857646208849,0.0001,2.311857646208849e-05,True,Cook2019_SI5_gap_junction
PLML__AVDR,PLML,AVDR,0,0,soma_compartment_0_v0,2.0,0.18321038381232518,0.0001,1.8321038381232518e-05,True,Cook2019_SI5_gap_junction
PLML__AVAL,PLML,AVAL,0,0,soma_compartment_0_v0,2.0,0.18321038381232518,0.0001,1.8321038381232518e-05,True,Cook2019_SI5_gap_junction
PLML__AVAR,PLML,AVAR,0,0,soma_compartment_0_v0,3.0,0.2311857646208849,0.0001,2.311857646208849e-05,True,Cook2019_SI5_gap_junction
PLML__PVCL,PLML,PVCL,0,0,soma_compartment_0_v0,4.0,0.2683983610056247,0.0001,2.683983610056247e-05,True,Cook2019_SI5_gap_junction
PLMR__PDEL,PLMR,PDEL,0,0,soma_compartment_0_v0,4.0,0.2683983610056247,0.0001,2.683983610056247e-05,True,Cook2019_SI5_gap_junction
PLMR__PDER,PLMR,PDER,0,0,soma_compartment_0_v0,2.0,0.18321038381232518,0.0001,1.8321038381232518e-05,True,Cook2019_SI5_gap_junction
PLMR__BDUR,PLMR,BDUR,0,0,soma_compartment_0_v0,23.0,0.5299890307436526,0.0001,5.299890307436526e-05,True,Cook2019_SI5_gap_junction
PLMR__PVR,PLMR,PVR,0,0,soma_compartment_0_v0,3.0,0.2311857646208849,0.0001,2.311857646208849e-05,True,Cook2019_SI5_gap_junction
PLMR__LUAR,PLMR,LUAR,0,0,soma_compartment_0_v0,9.0,0.3839912433160672,0.0001,3.839912433160672e-05,True,Cook2019_SI5_gap_junction
PLMR__AVAL,PLMR,AVAL,0,0,soma_compartment_0_v0,1.0,0.11559288231044244,0.0001,1.1559288231044245e-05,True,Cook2019_SI5_gap_junction
PLMR__PVCR,PLMR,PVCR,0,0,soma_compartment_0_v0,8.0,0.36642076762465037,0.0001,3.6642076762465036e-05,True,Cook2019_SI5_gap_junction
FLPL__FLPR,FLPL,FLPR,0,0,soma_compartment_0_v0,6.0,0.32451024710904597,0.0001,3.24510247109046e-05,True,Cook2019_SI5_gap_junction
FLPL__RIH,FLPL,RIH,0,0,soma_compartment_0_v0,1.0,0.11559288231044244,0.0001,1.1559288231044245e-05,True,Cook2019_SI5_gap_junction
FLPL__AIBL,FLPL,AIBL,0,0,soma_compartment_0_v0,1.0,0.11559288231044244,0.0001,1.1559288231044245e-05,True,Cook2019_SI5_gap_junction
FLPL__AVDL,FLPL,AVDL,0,0,soma_compartment_0_v0,5.0,0.2988032661227676,0.0001,2.988032661227676e-05,True,Cook2019_SI5_gap_junction
FLPL__SIADR,FLPL,SIADR,0,0,soma_compartment_0_v0,1.0,0.11559288231044244,0.0001,1.1559288231044245e-05,True,Cook2019_SI5_gap_junction
FLPL__DD01,FLPL,DD01,0,0,soma_compartment_0_v0,1.0,0.11559288231044244,0.0001,1.1559288231044245e-05,True,Cook2019_SI5_gap_junction
FLPR__ADER,FLPR,ADER,0,0,soma_compartment_0_v0,4.0,0.2683983610056247,0.0001,2.683983610056247e-05,True,Cook2019_SI5_gap_junction
FLPR__AVDL,FLPR,AVDL,0,0,soma_compartment_0_v0,9.0,0.3839912433160672,0.0001,3.839912433160672e-05,True,Cook2019_SI5_gap_junction
FLPR__AVDR,FLPR,AVDR,0,0,soma_compartment_0_v0,2.0,0.18321038381232518,0.0001,1.8321038381232518e-05,True,Cook2019_SI5_gap_junction
FLPR__DA01,FLPR,DA01,0,0,soma_compartment_0_v0,5.0,0.2988032661227676,0.0001,2.988032661227676e-05,True,Cook2019_SI5_gap_junction
FLPR__DA02,FLPR,DA02,0,0,soma_compartment_0_v0,6.0,0.32451024710904597,0.0001,3.24510247109046e-05,True,Cook2019_SI5_gap_junction
FLPR__DA03,FLPR,DA03,0,0,soma_compartment_0_v0,16.0,0.4724816111569572,0.0001,4.724816111569572e-05,True,Cook2019_SI5_gap_junction
FLPR__AS01,FLPR,AS01,0,0,soma_compartment_0_v0,1.0,0.11559288231044244,0.0001,1.1559288231044245e-05,True,Cook2019_SI5_gap_junction
DVA__PDEL,DVA,PDEL,0,0,soma_compartment_0_v0,3.0,0.2311857646208849,0.0001,2.311857646208849e-05,True,Cook2019_SI5_gap_junction
DVA__PDER,DVA,PDER,0,0,soma_compartment_0_v0,6.0,0.32451024710904597,0.0001,3.24510247109046e-05,True,Cook2019_SI5_gap_junction
DVA__PVR,DVA,PVR,0,0,soma_compartment_0_v0,15.0,0.4623715292417698,0.0001,4.623715292417698e-05,True,Cook2019_SI5_gap_junction
DVA__PVPL,DVA,PVPL,0,0,soma_compartment_0_v0,1.0,0.11559288231044244,0.0001,1.1559288231044245e-05,True,Cook2019_SI5_gap_junction
DVA__SAAVR,DVA,SAAVR,0,0,soma_compartment_0_v0,1.0,0.11559288231044244,0.0001,1.1559288231044245e-05,True,Cook2019_SI5_gap_junction
DVA__AVKL,DVA,AVKL,0,0,soma_compartment_0_v0,18.0,0.49103018512477475,0.0001,4.910301851247748e-05,True,Cook2019_SI5_gap_junction
DVA__DVC,DVA,DVC,0,0,soma_compartment_0_v0,1.0,0.11559288231044244,0.0001,1.1559288231044245e-05,True,Cook2019_SI5_gap_junction
DVA__PVT,DVA,PVT,0,0,soma_compartment_0_v0,8.0,0.36642076762465037,0.0001,3.6642076762465036e-05,True,Cook2019_SI5_gap_junction
DVA__AVBL,DVA,AVBL,0,0,soma_compartment_0_v0,11.0,0.41439614843321004,0.0001,4.1439614843321005e-05,True,Cook2019_SI5_gap_junction
DVA__AVBR,DVA,AVBR,0,0,soma_compartment_0_v0,3.0,0.2311857646208849,0.0001,2.311857646208849e-05,True,Cook2019_SI5_gap_junction
DVA__PVCL,DVA,PVCL,0,0,soma_compartment_0_v0,3.0,0.2311857646208849,0.0001,2.311857646208849e-05,True,Cook2019_SI5_gap_junction
DVA__PVCR,DVA,PVCR,0,0,soma_compartment_0_v0,1.0,0.11559288231044244,0.0001,1.1559288231044245e-05,True,Cook2019_SI5_gap_junction
DVA__SIADR,DVA,SIADR,0,0,soma_compartment_0_v0,1.0,0.11559288231044244,0.0001,1.1559288231044245e-05,True,Cook2019_SI5_gap_junction
DVA__SIAVR,DVA,SIAVR,0,0,soma_compartment_0_v0,1.0,0.11559288231044244,0.0001,1.1559288231044245e-05,True,Cook2019_SI5_gap_junction
DVA__DA09,DVA,DA09,0,0,soma_compartment_0_v0,3.0,0.2311857646208849,0.0001,2.311857646208849e-05,True,Cook2019_SI5_gap_junction
DVA__PDA,DVA,PDA,0,0,soma_compartment_0_v0,1.0,0.11559288231044244,0.0001,1.1559288231044245e-05,True,Cook2019_SI5_gap_junction
DVA__DB01,DVA,DB01,0,0,soma_compartment_0_v0,3.0,0.2311857646208849,0.0001,2.311857646208849e-05,True,Cook2019_SI5_gap_junction
DVA__DB07,DVA,DB07,0,0,soma_compartment_0_v0,3.0,0.2311857646208849,0.0001,2.311857646208849e-05,True,Cook2019_SI5_gap_junction
DVA__AS11,DVA,AS11,0,0,soma_compartment_0_v0,1.0,0.11559288231044244,0.0001,1.1559288231044245e-05,True,Cook2019_SI5_gap_junction
DVA__VA11,DVA,VA11,0,0,soma_compartment_0_v0,1.0,0.11559288231044244,0.0001,1.1559288231044245e-05,True,Cook2019_SI5_gap_junction
PVDL__PVDR,PVDL,PVDR,0,0,soma_compartment_0_v0,3.0,0.2311857646208849,0.0001,2.311857646208849e-05,True,Cook2019_SI5_gap_junction
PVDL__ALA,PVDL,ALA,0,0,soma_compartment_0_v0,250.0,0.9214536958643976,0.0001,9.214536958643977e-05,True,Cook2019_SI5_gap_junction
PVDL__AVG,PVDL,AVG,0,0,soma_compartment_0_v0,1.0,0.11559288231044244,0.0001,1.1559288231044245e-05,True,Cook2019_SI5_gap_junction
PVDL__AVAR,PVDL,AVAR,0,0,soma_compartment_0_v0,4.0,0.2683983610056247,0.0001,2.683983610056247e-05,True,Cook2019_SI5_gap_junction
PVDL__PVCR,PVDL,PVCR,0,0,soma_compartment_0_v0,1.0,0.11559288231044244,0.0001,1.1559288231044245e-05,True,Cook2019_SI5_gap_junction
PVDL__DA03,PVDL,DA03,0,0,soma_compartment_0_v0,1.0,0.11559288231044244,0.0001,1.1559288231044245e-05,True,Cook2019_SI5_gap_junction
PVDL__DA05,PVDL,DA05,0,0,soma_compartment_0_v0,1.0,0.11559288231044244,0.0001,1.1559288231044245e-05,True,Cook2019_SI5_gap_junction
PVDL__DB01,PVDL,DB01,0,0,soma_compartment_0_v0,1.0,0.11559288231044244,0.0001,1.1559288231044245e-05,True,Cook2019_SI5_gap_junction
PVDL__VA10,PVDL,VA10,0,0,soma_compartment_0_v0,1.0,0.11559288231044244,0.0001,1.1559288231044245e-05,True,Cook2019_SI5_gap_junction
PVDL__CANL,PVDL,CANL,0,0,soma_compartment_0_v0,100.0,0.7696418563237647,0.0001,7.696418563237647e-05,True,Cook2019_SI5_gap_junction
PVDR__PDER,PVDR,PDER,0,0,soma_compartment_0_v0,1.0,0.11559288231044244,0.0001,1.1559288231044245e-05,True,Cook2019_SI5_gap_junction
PVDR__ALA,PVDR,ALA,0,0,soma_compartment_0_v0,250.0,0.9214536958643976,0.0001,9.214536958643977e-05,True,Cook2019_SI5_gap_junction
PVDR__DVC,PVDR,DVC,0,0,soma_compartment_0_v0,1.0,0.11559288231044244,0.0001,1.1559288231044245e-05,True,Cook2019_SI5_gap_junction
PVDR__AVAL,PVDR,AVAL,0,0,soma_compartment_0_v0,6.0,0.32451024710904597,0.0001,3.24510247109046e-05,True,Cook2019_SI5_gap_junction
PVDR__PVCR,PVDR,PVCR,0,0,soma_compartment_0_v0,2.0,0.18321038381232518,0.0001,1.8321038381232518e-05,True,Cook2019_SI5_gap_junction
PVDR__AS03,PVDR,AS03,0,0,soma_compartment_0_v0,1.0,0.11559288231044244,0.0001,1.1559288231044245e-05,True,Cook2019_SI5_gap_junction
PVDR__VD09,PVDR,VD09,0,0,soma_compartment_0_v0,1.0,0.11559288231044244,0.0001,1.1559288231044245e-05,True,Cook2019_SI5_gap_junction
PVDR__CANR,PVDR,CANR,0,0,soma_compartment_0_v0,100.0,0.7696418563237647,0.0001,7.696418563237647e-05,True,Cook2019_SI5_gap_junction
ADEL__IL2L,ADEL,IL2L,0,0,soma_compartment_0_v0,2.0,0.18321038381232518,0.0001,1.8321038381232518e-05,True,Cook2019_SI5_gap_junction
ADEL__AINL,ADEL,AINL,0,0,soma_compartment_0_v0,2.0,0.18321038381232518,0.0001,1.8321038381232518e-05,True,Cook2019_SI5_gap_junction
ADEL__RIGR,ADEL,RIGR,0,0,soma_compartment_0_v0,1.0,0.11559288231044244,0.0001,1.1559288231044245e-05,True,Cook2019_SI5_gap_junction
ADEL__RMER,ADEL,RMER,0,0,soma_compartment_0_v0,1.0,0.11559288231044244,0.0001,1.1559288231044245e-05,True,Cook2019_SI5_gap_junction
ADEL__RMDDR,ADEL,RMDDR,0,0,soma_compartment_0_v0,1.0,0.11559288231044244,0.0001,1.1559288231044245e-05,True,Cook2019_SI5_gap_junction
ADEL__SIBDL,ADEL,SIBDL,0,0,soma_compartment_0_v0,1.0,0.11559288231044244,0.0001,1.1559288231044245e-05,True,Cook2019_SI5_gap_junction
ADEL__SIBVL,ADEL,SIBVL,0,0,soma_compartment_0_v0,1.0,0.11559288231044244,0.0001,1.1559288231044245e-05,True,Cook2019_SI5_gap_junction
ADER__AINR,ADER,AINR,0,0,soma_compartment_0_v0,4.0,0.2683983610056247,0.0001,2.683983610056247e-05,True,Cook2019_SI5_gap_junction
ADER__PVQR,ADER,PVQR,0,0,soma_compartment_0_v0,2.0,0.18321038381232518,0.0001,1.8321038381232518e-05,True,Cook2019_SI5_gap_junction
ADER__AVKL,ADER,AVKL,0,0,soma_compartment_0_v0,4.0,0.2683983610056247,0.0001,2.683983610056247e-05,True,Cook2019_SI5_gap_junction
ADER__AVJR,ADER,AVJR,0,0,soma_compartment_0_v0,1.0,0.11559288231044244,0.0001,1.1559288231044245e-05,True,Cook2019_SI5_gap_junction
PDEL__PDER,PDEL,PDER,0,0,soma_compartment_0_v0,25.0,0.5433373751464126,0.0001,5.433373751464126e-05,True,Cook2019_SI5_gap_junction
PDEL__PVR,PDEL,PVR,0,0,soma_compartment_0_v0,8.0,0.36642076762465037,0.0001,3.6642076762465036e-05,True,Cook2019_SI5_gap_junction
PDEL__AVKR,PDEL,AVKR,0,0,soma_compartment_0_v0,1.0,0.11559288231044244,0.0001,1.1559288231044245e-05,True,Cook2019_SI5_gap_junction
PDEL__PVCL,PDEL,PVCL,0,0,soma_compartment_0_v0,2.0,0.18321038381232518,0.0001,1.8321038381232518e-05,True,Cook2019_SI5_gap_junction
PDEL__VB10,PDEL,VB10,0,0,soma_compartment_0_v0,1.0,0.11559288231044244,0.0001,1.1559288231044245e-05,True,Cook2019_SI5_gap_junction
PDEL__VD06,PDEL,VD06,0,0,soma_compartment_0_v0,2.0,0.18321038381232518,0.0001,1.8321038381232518e-05,True,Cook2019_SI5_gap_junction
PDER__PVR,PDER,PVR,0,0,soma_compartment_0_v0,9.0,0.3839912433160672,0.0001,3.839912433160672e-05,True,Cook2019_SI5_gap_junction
PDER__AVKL,PDER,AVKL,0,0,soma_compartment_0_v0,1.0,0.11559288231044244,0.0001,1.1559288231044245e-05,True,Cook2019_SI5_gap_junction
PDER__PVCL,PDER,PVCL,0,0,soma_compartment_0_v0,1.0,0.11559288231044244,0.0001,1.1559288231044245e-05,True,Cook2019_SI5_gap_junction
PDER__PVCR,PDER,PVCR,0,0,soma_compartment_0_v0,2.0,0.18321038381232518,0.0001,1.8321038381232518e-05,True,Cook2019_SI5_gap_junction
PDER__VB09,PDER,VB09,0,0,soma_compartment_0_v0,7.0,0.3467786469313273,0.0001,3.4677864693132736e-05,True,Cook2019_SI5_gap_junction
PDER__VB10,PDER,VB10,0,0,soma_compartment_0_v0,4.0,0.2683983610056247,0.0001,2.683983610056247e-05,True,Cook2019_SI5_gap_junction
PDER__VD09,PDER,VD09,0,0,soma_compartment_0_v0,5.0,0.2988032661227676,0.0001,2.988032661227676e-05,True,Cook2019_SI5_gap_junction
PHAL__PHAR,PHAL,PHAR,0,0,soma_compartment_0_v0,7.0,0.3467786469313273,0.0001,3.4677864693132736e-05,True,Cook2019_SI5_gap_junction
PHAL__PHCL,PHAL,PHCL,0,0,soma_compartment_0_v0,1.0,0.11559288231044244,0.0001,1.1559288231044245e-05,True,Cook2019_SI5_gap_junction
PHAL__AVHL,PHAL,AVHL,0,0,soma_compartment_0_v0,1.0,0.11559288231044244,0.0001,1.1559288231044245e-05,True,Cook2019_SI5_gap_junction
PHAL__PVPR,PHAL,PVPR,0,0,soma_compartment_0_v0,7.0,0.3467786469313273,0.0001,3.4677864693132736e-05,True,Cook2019_SI5_gap_junction
PHAL__AVG,PHAL,AVG,0,0,soma_compartment_0_v0,3.0,0.2311857646208849,0.0001,2.311857646208849e-05,True,Cook2019_SI5_gap_junction
PHAR__PHCR,PHAR,PHCR,0,0,soma_compartment_0_v0,1.0,0.11559288231044244,0.0001,1.1559288231044245e-05,True,Cook2019_SI5_gap_junction
PHAR__PVR,PHAR,PVR,0,0,soma_compartment_0_v0,2.0,0.18321038381232518,0.0001,1.8321038381232518e-05,True,Cook2019_SI5_gap_junction
PHAR__AVHR,PHAR,AVHR,0,0,soma_compartment_0_v0,2.0,0.18321038381232518,0.0001,1.8321038381232518e-05,True,Cook2019_SI5_gap_junction
PHAR__PVPL,PHAR,PVPL,0,0,soma_compartment_0_v0,15.0,0.4623715292417698,0.0001,4.623715292417698e-05,True,Cook2019_SI5_gap_junction
PHAR__AVG,PHAR,AVG,0,0,soma_compartment_0_v0,2.0,0.18321038381232518,0.0001,1.8321038381232518e-05,True,Cook2019_SI5_gap_junction
PHAR__PDA,PHAR,PDA,0,0,soma_compartment_0_v0,1.0,0.11559288231044244,0.0001,1.1559288231044245e-05,True,Cook2019_SI5_gap_junction
PHBL__PHBR,PHBL,PHBR,0,0,soma_compartment_0_v0,17.0,0.4820136499350927,0.0001,4.8201364993509275e-05,True,Cook2019_SI5_gap_junction
PHBL__PVQL,PHBL,PVQL,0,0,soma_compartment_0_v0,3.0,0.2311857646208849,0.0001,2.311857646208849e-05,True,Cook2019_SI5_gap_junction
PHBL__AVHL,PHBL,AVHL,0,0,soma_compartment_0_v0,1.0,0.11559288231044244,0.0001,1.1559288231044245e-05,True,Cook2019_SI5_gap_junction
PHBL__AVHR,PHBL,AVHR,0,0,soma_compartment_0_v0,2.0,0.18321038381232518,0.0001,1.8321038381232518e-05,True,Cook2019_SI5_gap_junction
PHBL__AVJR,PHBL,AVJR,0,0,soma_compartment_0_v0,1.0,0.11559288231044244,0.0001,1.1559288231044245e-05,True,Cook2019_SI5_gap_junction
PHBL__AVAR,PHBL,AVAR,0,0,soma_compartment_0_v0,1.0,0.11559288231044244,0.0001,1.1559288231044245e-05,True,Cook2019_SI5_gap_junction
PHBL__PVCL,PHBL,PVCL,0,0,soma_compartment_0_v0,3.0,0.2311857646208849,0.0001,2.311857646208849e-05,True,Cook2019_SI5_gap_junction
PHBR__PHCR,PHBR,PHCR,0,0,soma_compartment_0_v0,1.0,0.11559288231044244,0.0001,1.1559288231044245e-05,True,Cook2019_SI5_gap_junction
PHBR__AVHL,PHBR,AVHL,0,0,soma_compartment_0_v0,10.0,0.3998856719541645,0.0001,3.998856719541645e-05,True,Cook2019_SI5_gap_junction
PHBR__AVHR,PHBR,AVHR,0,0,soma_compartment_0_v0,2.0,0.18321038381232518,0.0001,1.8321038381232518e-05,True,Cook2019_SI5_gap_junction
PHBR__PVPL,PHBR,PVPL,0,0,soma_compartment_0_v0,1.0,0.11559288231044244,0.0001,1.1559288231044245e-05,True,Cook2019_SI5_gap_junction
PHBR__PVT,PHBR,PVT,0,0,soma_compartment_0_v0,1.0,0.11559288231044244,0.0001,1.1559288231044245e-05,True,Cook2019_SI5_gap_junction
PHCL__PHCR,PHCL,PHCR,0,0,soma_compartment_0_v0,2.0,0.18321038381232518,0.0001,1.8321038381232518e-05,True,Cook2019_SI5_gap_junction
PHCL__AVAL,PHCL,AVAL,0,0,soma_compartment_0_v0,1.0,0.11559288231044244,0.0001,1.1559288231044245e-05,True,Cook2019_SI5_gap_junction
PHCL__VA12,PHCL,VA12,0,0,soma_compartment_0_v0,1.0,0.11559288231044244,0.0001,1.1559288231044245e-05,True,Cook2019_SI5_gap_junction
PHCR__AVG,PHCR,AVG,0,0,soma_compartment_0_v0,1.0,0.11559288231044244,0.0001,1.1559288231044245e-05,True,Cook2019_SI5_gap_junction
PHCR__AVJR,PHCR,AVJR,0,0,soma_compartment_0_v0,1.0,0.11559288231044244,0.0001,1.1559288231044245e-05,True,Cook2019_SI5_gap_junction
PHCR__AVAL,PHCR,AVAL,0,0,soma_compartment_0_v0,3.0,0.2311857646208849,0.0001,2.311857646208849e-05,True,Cook2019_SI5_gap_junction
PHCR__AVAR,PHCR,AVAR,0,0,soma_compartment_0_v0,1.0,0.11559288231044244,0.0001,1.1559288231044245e-05,True,Cook2019_SI5_gap_junction
PHCR__PVCR,PHCR,PVCR,0,0,soma_compartment_0_v0,5.0,0.2988032661227676,0.0001,2.988032661227676e-05,True,Cook2019_SI5_gap_junction
PHCR__DA09,PHCR,DA09,0,0,soma_compartment_0_v0,7.0,0.3467786469313273,0.0001,3.4677864693132736e-05,True,Cook2019_SI5_gap_junction
IL2DL__URADL,IL2DL,URADL,0,0,soma_compartment_0_v0,1.0,0.11559288231044244,0.0001,1.1559288231044245e-05,True,Cook2019_SI5_gap_junction
IL2DR__URADR,IL2DR,URADR,0,0,soma_compartment_0_v0,1.0,0.11559288231044244,0.0001,1.1559288231044245e-05,True,Cook2019_SI5_gap_junction
IL2DR__RMED,IL2DR,RMED,0,0,soma_compartment_0_v0,1.0,0.11559288231044244,0.0001,1.1559288231044245e-05,True,Cook2019_SI5_gap_junction
IL2L__OLLL,IL2L,OLLL,0,0,soma_compartment_0_v0,2.0,0.18321038381232518,0.0001,1.8321038381232518e-05,True,Cook2019_SI5_gap_junction
IL2L__URBL,IL2L,URBL,0,0,soma_compartment_0_v0,4.0,0.2683983610056247,0.0001,2.683983610056247e-05,True,Cook2019_SI5_gap_junction
IL2L__RMGL,IL2L,RMGL,0,0,soma_compartment_0_v0,5.0,0.2988032661227676,0.0001,2.988032661227676e-05,True,Cook2019_SI5_gap_junction
IL2L__URAVL,IL2L,URAVL,0,0,soma_compartment_0_v0,1.0,0.11559288231044244,0.0001,1.1559288231044245e-05,True,Cook2019_SI5_gap_junction
IL2L__RMER,IL2L,RMER,0,0,soma_compartment_0_v0,2.0,0.18321038381232518,0.0001,1.8321038381232518e-05,True,Cook2019_SI5_gap_junction
IL2L__RMDL,IL2L,RMDL,0,0,soma_compartment_0_v0,2.0,0.18321038381232518,0.0001,1.8321038381232518e-05,True,Cook2019_SI5_gap_junction
IL2R__URBR,IL2R,URBR,0,0,soma_compartment_0_v0,4.0,0.2683983610056247,0.0001,2.683983610056247e-05,True,Cook2019_SI5_gap_junction
IL2R__RMGR,IL2R,RMGR,0,0,soma_compartment_0_v0,1.0,0.11559288231044244,0.0001,1.1559288231044245e-05,True,Cook2019_SI5_gap_junction
IL2VL__URAVL,IL2VL,URAVL,0,0,soma_compartment_0_v0,3.0,0.2311857646208849,0.0001,2.311857646208849e-05,True,Cook2019_SI5_gap_junction
IL2VR__CEPVR,IL2VR,CEPVR,0,0,soma_compartment_0_v0,1.0,0.11559288231044244,0.0001,1.1559288231044245e-05,True,Cook2019_SI5_gap_junction
IL2VR__IL1VR,IL2VR,IL1VR,0,0,soma_compartment_0_v0,1.0,0.11559288231044244,0.0001,1.1559288231044245e-05,True,Cook2019_SI5_gap_junction
CEPDL__OLQDL,CEPDL,OLQDL,0,0,soma_compartment_0_v0,2.0,0.18321038381232518,0.0001,1.8321038381232518e-05,True,Cook2019_SI5_gap_junction
CEPDR__OLQDR,CEPDR,OLQDR,0,0,soma_compartment_0_v0,8.0,0.36642076762465037,0.0001,3.6642076762465036e-05,True,Cook2019_SI5_gap_junction
CEPVL__OLQVL,CEPVL,OLQVL,0,0,soma_compartment_0_v0,4.0,0.2683983610056247,0.0001,2.683983610056247e-05,True,Cook2019_SI5_gap_junction
CEPVL__RIH,CEPVL,RIH,0,0,soma_compartment_0_v0,1.0,0.11559288231044244,0.0001,1.1559288231044245e-05,True,Cook2019_SI5_gap_junction
CEPVL__URAVL,CEPVL,URAVL,0,0,soma_compartment_0_v0,3.0,0.2311857646208849,0.0001,2.311857646208849e-05,True,Cook2019_SI5_gap_junction
CEPVR__OLQVR,CEPVR,OLQVR,0,0,soma_compartment_0_v0,1.0,0.11559288231044244,0.0001,1.1559288231044245e-05,True,Cook2019_SI5_gap_junction
CEPVR__AIMR,CEPVR,AIMR,0,0,soma_compartment_0_v0,1.0,0.11559288231044244,0.0001,1.1559288231044245e-05,True,Cook2019_SI5_gap_junction
URYDL__RIGL,URYDL,RIGL,0,0,soma_compartment_0_v0,4.0,0.2683983610056247,0.0001,2.683983610056247e-05,True,Cook2019_SI5_gap_junction
URYDL__AVAL,URYDL,AVAL,0,0,soma_compartment_0_v0,2.0,0.18321038381232518,0.0001,1.8321038381232518e-05,True,Cook2019_SI5_gap_junction
URYDR__RIGR,URYDR,RIGR,0,0,soma_compartment_0_v0,3.0,0.2311857646208849,0.0001,2.311857646208849e-05,True,Cook2019_SI5_gap_junction
URYDR__AVAR,URYDR,AVAR,0,0,soma_compartment_0_v0,5.0,0.2988032661227676,0.0001,2.988032661227676e-05,True,Cook2019_SI5_gap_junction
URYDR__URADR,URYDR,URADR,0,0,soma_compartment_0_v0,1.0,0.11559288231044244,0.0001,1.1559288231044245e-05,True,Cook2019_SI5_gap_junction
URYVL__RIGL,URYVL,RIGL,0,0,soma_compartment_0_v0,3.0,0.2311857646208849,0.0001,2.311857646208849e-05,True,Cook2019_SI5_gap_junction
URYVL__AVAR,URYVL,AVAR,0,0,soma_compartment_0_v0,1.0,0.11559288231044244,0.0001,1.1559288231044245e-05,True,Cook2019_SI5_gap_junction
URYVR__AVAL,URYVR,AVAL,0,0,soma_compartment_0_v0,2.0,0.18321038381232518,0.0001,1.8321038381232518e-05,True,Cook2019_SI5_gap_junction
OLLL__OLLR,OLLL,OLLR,0,0,soma_compartment_0_v0,11.0,0.41439614843321004,0.0001,4.1439614843321005e-05,True,Cook2019_SI5_gap_junction
OLLL__RIGL,OLLL,RIGL,0,0,soma_compartment_0_v0,3.0,0.2311857646208849,0.0001,2.311857646208849e-05,True,Cook2019_SI5_gap_junction
OLLR__RIGR,OLLR,RIGR,0,0,soma_compartment_0_v0,5.0,0.2988032661227676,0.0001,2.988032661227676e-05,True,Cook2019_SI5_gap_junction
OLQDL__URBL,OLQDL,URBL,0,0,soma_compartment_0_v0,3.0,0.2311857646208849,0.0001,2.311857646208849e-05,True,Cook2019_SI5_gap_junction
OLQDL__RIBL,OLQDL,RIBL,0,0,soma_compartment_0_v0,5.0,0.2988032661227676,0.0001,2.988032661227676e-05,True,Cook2019_SI5_gap_junction
OLQDL__RIGL,OLQDL,RIGL,0,0,soma_compartment_0_v0,3.0,0.2311857646208849,0.0001,2.311857646208849e-05,True,Cook2019_SI5_gap_junction
OLQDL__RMDVL,OLQDL,RMDVL,0,0,soma_compartment_0_v0,1.0,0.11559288231044244,0.0001,1.1559288231044245e-05,True,Cook2019_SI5_gap_junction
OLQDR__RIH,OLQDR,RIH,0,0,soma_compartment_0_v0,2.0,0.18321038381232518,0.0001,1.8321038381232518e-05,True,Cook2019_SI5_gap_junction
OLQDR__URBR,OLQDR,URBR,0,0,soma_compartment_0_v0,7.0,0.3467786469313273,0.0001,3.4677864693132736e-05,True,Cook2019_SI5_gap_junction
OLQDR__RIBR,OLQDR,RIBR,0,0,soma_compartment_0_v0,5.0,0.2988032661227676,0.0001,2.988032661227676e-05,True,Cook2019_SI5_gap_junction
OLQDR__RIGR,OLQDR,RIGR,0,0,soma_compartment_0_v0,4.0,0.2683983610056247,0.0001,2.683983610056247e-05,True,Cook2019_SI5_gap_junction
OLQDR__RMDVR,OLQDR,RMDVR,0,0,soma_compartment_0_v0,1.0,0.11559288231044244,0.0001,1.1559288231044245e-05,True,Cook2019_SI5_gap_junction
OLQVL__ADAL,OLQVL,ADAL,0,0,soma_compartment_0_v0,4.0,0.2683983610056247,0.0001,2.683983610056247e-05,True,Cook2019_SI5_gap_junction
OLQVL__RIBL,OLQVL,RIBL,0,0,soma_compartment_0_v0,2.0,0.18321038381232518,0.0001,1.8321038381232518e-05,True,Cook2019_SI5_gap_junction
OLQVL__RIGL,OLQVL,RIGL,0,0,soma_compartment_0_v0,2.0,0.18321038381232518,0.0001,1.8321038381232518e-05,True,Cook2019_SI5_gap_junction
OLQVL__RMDDL,OLQVL,RMDDL,0,0,soma_compartment_0_v0,3.0,0.2311857646208849,0.0001,2.311857646208849e-05,True,Cook2019_SI5_gap_junction
OLQVR__URBR,OLQVR,URBR,0,0,soma_compartment_0_v0,5.0,0.2988032661227676,0.0001,2.988032661227676e-05,True,Cook2019_SI5_gap_junction
OLQVR__RIBR,OLQVR,RIBR,0,0,soma_compartment_0_v0,6.0,0.32451024710904597,0.0001,3.24510247109046e-05,True,Cook2019_SI5_gap_junction
OLQVR__RIGR,OLQVR,RIGR,0,0,soma_compartment_0_v0,6.0,0.32451024710904597,0.0001,3.24510247109046e-05,True,Cook2019_SI5_gap_junction
OLQVR__RMDDR,OLQVR,RMDDR,0,0,soma_compartment_0_v0,1.0,0.11559288231044244,0.0001,1.1559288231044245e-05,True,Cook2019_SI5_gap_junction
OLQVR__RMDVL,OLQVR,RMDVL,0,0,soma_compartment_0_v0,2.0,0.18321038381232518,0.0001,1.8321038381232518e-05,True,Cook2019_SI5_gap_junction
OLQVR__RMHR,OLQVR,RMHR,0,0,soma_compartment_0_v0,1.0,0.11559288231044244,0.0001,1.1559288231044245e-05,True,Cook2019_SI5_gap_junction
IL1DL__IL1DR,IL1DL,IL1DR,0,0,soma_compartment_0_v0,3.0,0.2311857646208849,0.0001,2.311857646208849e-05,True,Cook2019_SI5_gap_junction
IL1DL__IL1L,IL1DL,IL1L,0,0,soma_compartment_0_v0,2.0,0.18321038381232518,0.0001,1.8321038381232518e-05,True,Cook2019_SI5_gap_junction
IL1DL__RMEV,IL1DL,RMEV,0,0,soma_compartment_0_v0,1.0,0.11559288231044244,0.0001,1.1559288231044245e-05,True,Cook2019_SI5_gap_junction
IL1DR__IL1R,IL1DR,IL1R,0,0,soma_compartment_0_v0,8.0,0.36642076762465037,0.0001,3.6642076762465036e-05,True,Cook2019_SI5_gap_junction
IL1DR__RMEV,IL1DR,RMEV,0,0,soma_compartment_0_v0,4.0,0.2683983610056247,0.0001,2.683983610056247e-05,True,Cook2019_SI5_gap_junction
IL1DR__RMDVR,IL1DR,RMDVR,0,0,soma_compartment_0_v0,1.0,0.11559288231044244,0.0001,1.1559288231044245e-05,True,Cook2019_SI5_gap_junction
IL1L__IL1VL,IL1L,IL1VL,0,0,soma_compartment_0_v0,8.0,0.36642076762465037,0.0001,3.6642076762465036e-05,True,Cook2019_SI5_gap_junction
IL1L__URBL,IL1L,URBL,0,0,soma_compartment_0_v0,2.0,0.18321038381232518,0.0001,1.8321038381232518e-05,True,Cook2019_SI5_gap_junction
IL1L__RIPL,IL1L,RIPL,0,0,soma_compartment_0_v0,1.0,0.11559288231044244,0.0001,1.1559288231044245e-05,True,Cook2019_SI5_gap_junction
IL1L__RMER,IL1L,RMER,0,0,soma_compartment_0_v0,1.0,0.11559288231044244,0.0001,1.1559288231044245e-05,True,Cook2019_SI5_gap_junction
IL1R__IL1VR,IL1R,IL1VR,0,0,soma_compartment_0_v0,8.0,0.36642076762465037,0.0001,3.6642076762465036e-05,True,Cook2019_SI5_gap_junction
IL1VL__IL1VR,IL1VL,IL1VR,0,0,soma_compartment_0_v0,11.0,0.41439614843321004,0.0001,4.1439614843321005e-05,True,Cook2019_SI5_gap_junction
IL1VL__RMED,IL1VL,RMED,0,0,soma_compartment_0_v0,3.0,0.2311857646208849,0.0001,2.311857646208849e-05,True,Cook2019_SI5_gap_junction
IL1VL__RMDDL,IL1VL,RMDDL,0,0,soma_compartment_0_v0,1.0,0.11559288231044244,0.0001,1.1559288231044245e-05,True,Cook2019_SI5_gap_junction
IL1VR__URAVR,IL1VR,URAVR,0,0,soma_compartment_0_v0,4.0,0.2683983610056247,0.0001,2.683983610056247e-05,True,Cook2019_SI5_gap_junction
AINL__AINR,AINL,AINR,0,0,soma_compartment_0_v0,1.0,0.11559288231044244,0.0001,1.1559288231044245e-05,True,Cook2019_SI5_gap_junction
AINL__AUAR,AINL,AUAR,0,0,soma_compartment_0_v0,1.0,0.11559288231044244,0.0001,1.1559288231044245e-05,True,Cook2019_SI5_gap_junction
AINR__AUAL,AINR,AUAL,0,0,soma_compartment_0_v0,3.0,0.2311857646208849,0.0001,2.311857646208849e-05,True,Cook2019_SI5_gap_junction
AINR__RIAL,AINR,RIAL,0,0,soma_compartment_0_v0,2.0,0.18321038381232518,0.0001,1.8321038381232518e-05,True,Cook2019_SI5_gap_junction
AIML__SIBDR,AIML,SIBDR,0,0,soma_compartment_0_v0,2.0,0.18321038381232518,0.0001,1.8321038381232518e-05,True,Cook2019_SI5_gap_junction
AIMR__AVKR,AIMR,AVKR,0,0,soma_compartment_0_v0,3.0,0.2311857646208849,0.0001,2.311857646208849e-05,True,Cook2019_SI5_gap_junction
AIMR__SMBVR,AIMR,SMBVR,0,0,soma_compartment_0_v0,1.0,0.11559288231044244,0.0001,1.1559288231044245e-05,True,Cook2019_SI5_gap_junction
RIH__AIZL,RIH,AIZL,0,0,soma_compartment_0_v0,1.0,0.11559288231044244,0.0001,1.1559288231044245e-05,True,Cook2019_SI5_gap_junction
URBR__SMBVR,URBR,SMBVR,0,0,soma_compartment_0_v0,1.0,0.11559288231044244,0.0001,1.1559288231044245e-05,True,Cook2019_SI5_gap_junction
AIYL__AIYR,AIYL,AIYR,0,0,soma_compartment_0_v0,4.0,0.2683983610056247,0.0001,2.683983610056247e-05,True,Cook2019_SI5_gap_junction
AIYL__AVKL,AIYL,AVKL,0,0,soma_compartment_0_v0,1.0,0.11559288231044244,0.0001,1.1559288231044245e-05,True,Cook2019_SI5_gap_junction
AIYL__RIML,AIYL,RIML,0,0,soma_compartment_0_v0,5.0,0.2988032661227676,0.0001,2.988032661227676e-05,True,Cook2019_SI5_gap_junction
AIYR__AUAR,AIYR,AUAR,0,0,soma_compartment_0_v0,1.0,0.11559288231044244,0.0001,1.1559288231044245e-05,True,Cook2019_SI5_gap_junction
AIYR__RIMR,AIYR,RIMR,0,0,soma_compartment_0_v0,3.0,0.2311857646208849,0.0001,2.311857646208849e-05,True,Cook2019_SI5_gap_junction
AIAL__AIAR,AIAL,AIAR,0,0,soma_compartment_0_v0,7.0,0.3467786469313273,0.0001,3.4677864693132736e-05,True,Cook2019_SI5_gap_junction
AIAL__AIBL,AIAL,AIBL,0,0,soma_compartment_0_v0,5.0,0.2988032661227676,0.0001,2.988032661227676e-05,True,Cook2019_SI5_gap_junction
AUAL__AUAR,AUAL,AUAR,0,0,soma_compartment_0_v0,2.0,0.18321038381232518,0.0001,1.8321038381232518e-05,True,Cook2019_SI5_gap_junction
AUAL__RMDVL,AUAL,RMDVL,0,0,soma_compartment_0_v0,2.0,0.18321038381232518,0.0001,1.8321038381232518e-05,True,Cook2019_SI5_gap_junction
AIZL__AIZR,AIZL,AIZR,0,0,soma_compartment_0_v0,18.0,0.49103018512477475,0.0001,4.910301851247748e-05,True,Cook2019_SI5_gap_junction
AIZL__RIGL,AIZL,RIGL,0,0,soma_compartment_0_v0,1.0,0.11559288231044244,0.0001,1.1559288231044245e-05,True,Cook2019_SI5_gap_junction
AIZL__AIBR,AIZL,AIBR,0,0,soma_compartment_0_v0,3.0,0.2311857646208849,0.0001,2.311857646208849e-05,True,Cook2019_SI5_gap_junction
AIZR__AIBL,AIZR,AIBL,0,0,soma_compartment_0_v0,4.0,0.2683983610056247,0.0001,2.683983610056247e-05,True,Cook2019_SI5_gap_junction
RIS__AIBL,RIS,AIBL,0,0,soma_compartment_0_v0,1.0,0.11559288231044244,0.0001,1.1559288231044245e-05,True,Cook2019_SI5_gap_junction
RIS__AIBR,RIS,AIBR,0,0,soma_compartment_0_v0,3.0,0.2311857646208849,0.0001,2.311857646208849e-05,True,Cook2019_SI5_gap_junction
RIS__AVJL,RIS,AVJL,0,0,soma_compartment_0_v0,15.0,0.4623715292417698,0.0001,4.623715292417698e-05,True,Cook2019_SI5_gap_junction
RIS__RIML,RIS,RIML,0,0,soma_compartment_0_v0,2.0,0.18321038381232518,0.0001,1.8321038381232518e-05,True,Cook2019_SI5_gap_junction
RIS__RIMR,RIS,RIMR,0,0,soma_compartment_0_v0,2.0,0.18321038381232518,0.0001,1.8321038381232518e-05,True,Cook2019_SI5_gap_junction
RIS__AVEL,RIS,AVEL,0,0,soma_compartment_0_v0,3.0,0.2311857646208849,0.0001,2.311857646208849e-05,True,Cook2019_SI5_gap_junction
RIS__RMEV,RIS,RMEV,0,0,soma_compartment_0_v0,1.0,0.11559288231044244,0.0001,1.1559288231044245e-05,True,Cook2019_SI5_gap_junction
RIS__RMDR,RIS,RMDR,0,0,soma_compartment_0_v0,1.0,0.11559288231044244,0.0001,1.1559288231044245e-05,True,Cook2019_SI5_gap_junction
RIS__SMDDL,RIS,SMDDL,0,0,soma_compartment_0_v0,2.0,0.18321038381232518,0.0001,1.8321038381232518e-05,True,Cook2019_SI5_gap_junction
RIS__SMDDR,RIS,SMDDR,0,0,soma_compartment_0_v0,5.0,0.2988032661227676,0.0001,2.988032661227676e-05,True,Cook2019_SI5_gap_junction
RIS__SMDVL,RIS,SMDVL,0,0,soma_compartment_0_v0,2.0,0.18321038381232518,0.0001,1.8321038381232518e-05,True,Cook2019_SI5_gap_junction
ALA__AVER,ALA,AVER,0,0,soma_compartment_0_v0,3.0,0.2311857646208849,0.0001,2.311857646208849e-05,True,Cook2019_SI5_gap_junction
ALA__RID,ALA,RID,0,0,soma_compartment_0_v0,4.0,0.2683983610056247,0.0001,2.683983610056247e-05,True,Cook2019_SI5_gap_junction
ALA__CANL,ALA,CANL,0,0,soma_compartment_0_v0,401.0,1.0,0.0001,0.0001,True,Cook2019_SI5_gap_junction
ALA__CANR,ALA,CANR,0,0,soma_compartment_0_v0,401.0,1.0,0.0001,0.0001,True,Cook2019_SI5_gap_junction
ALA__HSNL,ALA,HSNL,0,0,soma_compartment_0_v0,1.0,0.11559288231044244,0.0001,1.1559288231044245e-05,True,Cook2019_SI5_gap_junction
ALA__HSNR,ALA,HSNR,0,0,soma_compartment_0_v0,1.0,0.11559288231044244,0.0001,1.1559288231044245e-05,True,Cook2019_SI5_gap_junction
PVQL__PVQR,PVQL,PVQR,0,0,soma_compartment_0_v0,46.0,0.6420709354148688,0.0001,6.420709354148688e-05,True,Cook2019_SI5_gap_junction
PVQL__ADAL,PVQL,ADAL,0,0,soma_compartment_0_v0,4.0,0.2683983610056247,0.0001,2.683983610056247e-05,True,Cook2019_SI5_gap_junction
PVQL__AVFR,PVQL,AVFR,0,0,soma_compartment_0_v0,2.0,0.18321038381232518,0.0001,1.8321038381232518e-05,True,Cook2019_SI5_gap_junction
PVQL__AVHR,PVQL,AVHR,0,0,soma_compartment_0_v0,3.0,0.2311857646208849,0.0001,2.311857646208849e-05,True,Cook2019_SI5_gap_junction
PVQL__PVPL,PVQL,PVPL,0,0,soma_compartment_0_v0,8.0,0.36642076762465037,0.0001,3.6642076762465036e-05,True,Cook2019_SI5_gap_junction
PVQL__AVKR,PVQL,AVKR,0,0,soma_compartment_0_v0,2.0,0.18321038381232518,0.0001,1.8321038381232518e-05,True,Cook2019_SI5_gap_junction
PVQL__DA08,PVQL,DA08,0,0,soma_compartment_0_v0,1.0,0.11559288231044244,0.0001,1.1559288231044245e-05,True,Cook2019_SI5_gap_junction
PVQR__ADAR,PVQR,ADAR,0,0,soma_compartment_0_v0,2.0,0.18321038381232518,0.0001,1.8321038381232518e-05,True,Cook2019_SI5_gap_junction
PVQR__AVFL,PVQR,AVFL,0,0,soma_compartment_0_v0,5.0,0.2988032661227676,0.0001,2.988032661227676e-05,True,Cook2019_SI5_gap_junction
PVQR__AVHR,PVQR,AVHR,0,0,soma_compartment_0_v0,2.0,0.18321038381232518,0.0001,1.8321038381232518e-05,True,Cook2019_SI5_gap_junction
PVQR__DVB,PVQR,DVB,0,0,soma_compartment_0_v0,1.0,0.11559288231044244,0.0001,1.1559288231044245e-05,True,Cook2019_SI5_gap_junction
PVQR__DVC,PVQR,DVC,0,0,soma_compartment_0_v0,7.0,0.3467786469313273,0.0001,3.4677864693132736e-05,True,Cook2019_SI5_gap_junction
PVQR__PVT,PVQR,PVT,0,0,soma_compartment_0_v0,1.0,0.11559288231044244,0.0001,1.1559288231044245e-05,True,Cook2019_SI5_gap_junction
PVQR__PVWR,PVQR,PVWR,0,0,soma_compartment_0_v0,1.0,0.11559288231044244,0.0001,1.1559288231044245e-05,True,Cook2019_SI5_gap_junction
PVQR__PDA,PVQR,PDA,0,0,soma_compartment_0_v0,1.0,0.11559288231044244,0.0001,1.1559288231044245e-05,True,Cook2019_SI5_gap_junction
ADAL__ADAR,ADAL,ADAR,0,0,soma_compartment_0_v0,3.0,0.2311857646208849,0.0001,2.311857646208849e-05,True,Cook2019_SI5_gap_junction
ADAL__AVDR,ADAL,AVDR,0,0,soma_compartment_0_v0,2.0,0.18321038381232518,0.0001,1.8321038381232518e-05,True,Cook2019_SI5_gap_junction
ADAR__AVDL,ADAR,AVDL,0,0,soma_compartment_0_v0,3.0,0.2311857646208849,0.0001,2.311857646208849e-05,True,Cook2019_SI5_gap_junction
RIFL__AVDL,RIFL,AVDL,0,0,soma_compartment_0_v0,1.0,0.11559288231044244,0.0001,1.1559288231044245e-05,True,Cook2019_SI5_gap_junction
RIFL__AVER,RIFL,AVER,0,0,soma_compartment_0_v0,1.0,0.11559288231044244,0.0001,1.1559288231044245e-05,True,Cook2019_SI5_gap_junction
RIFL__VD01,RIFL,VD01,0,0,soma_compartment_0_v0,1.0,0.11559288231044244,0.0001,1.1559288231044245e-05,True,Cook2019_SI5_gap_junction
RIFL__HSNL,RIFL,HSNL,0,0,soma_compartment_0_v0,1.0,0.11559288231044244,0.0001,1.1559288231044245e-05,True,Cook2019_SI5_gap_junction
RIFR__AVG,RIFR,AVG,0,0,soma_compartment_0_v0,3.0,0.2311857646208849,0.0001,2.311857646208849e-05,True,Cook2019_SI5_gap_junction
RIFR__RMGR,RIFR,RMGR,0,0,soma_compartment_0_v0,1.0,0.11559288231044244,0.0001,1.1559288231044245e-05,True,Cook2019_SI5_gap_junction
RIFR__AVJL,RIFR,AVJL,0,0,soma_compartment_0_v0,1.0,0.11559288231044244,0.0001,1.1559288231044245e-05,True,Cook2019_SI5_gap_junction
RIFR__DD01,RIFR,DD01,0,0,soma_compartment_0_v0,2.0,0.18321038381232518,0.0001,1.8321038381232518e-05,True,Cook2019_SI5_gap_junction
BDUL__PVNL,BDUL,PVNL,0,0,soma_compartment_0_v0,1.0,0.11559288231044244,0.0001,1.1559288231044245e-05,True,Cook2019_SI5_gap_junction
BDUR__PVR,BDUR,PVR,0,0,soma_compartment_0_v0,3.0,0.2311857646208849,0.0001,2.311857646208849e-05,True,Cook2019_SI5_gap_junction
BDUR__HSNL,BDUR,HSNL,0,0,soma_compartment_0_v0,1.0,0.11559288231044244,0.0001,1.1559288231044245e-05,True,Cook2019_SI5_gap_junction
BDUR__HSNR,BDUR,HSNR,0,0,soma_compartment_0_v0,1.0,0.11559288231044244,0.0001,1.1559288231044245e-05,True,Cook2019_SI5_gap_junction
PVR__LUAL,PVR,LUAL,0,0,soma_compartment_0_v0,6.0,0.32451024710904597,0.0001,3.24510247109046e-05,True,Cook2019_SI5_gap_junction
PVR__LUAR,PVR,LUAR,0,0,soma_compartment_0_v0,9.0,0.3839912433160672,0.0001,3.839912433160672e-05,True,Cook2019_SI5_gap_junction
PVR__PVNR,PVR,PVNR,0,0,soma_compartment_0_v0,5.0,0.2988032661227676,0.0001,2.988032661227676e-05,True,Cook2019_SI5_gap_junction
PVR__PVWR,PVR,PVWR,0,0,soma_compartment_0_v0,2.0,0.18321038381232518,0.0001,1.8321038381232518e-05,True,Cook2019_SI5_gap_junction
PVR__PVCR,PVR,PVCR,0,0,soma_compartment_0_v0,19.0,0.4995841256265096,0.0001,4.9958412562650965e-05,True,Cook2019_SI5_gap_junction
PVR__DA09,PVR,DA09,0,0,soma_compartment_0_v0,15.0,0.4623715292417698,0.0001,4.623715292417698e-05,True,Cook2019_SI5_gap_junction
PVR__DB07,PVR,DB07,0,0,soma_compartment_0_v0,4.0,0.2683983610056247,0.0001,2.683983610056247e-05,True,Cook2019_SI5_gap_junction
PVR__PDB,PVR,PDB,0,0,soma_compartment_0_v0,13.0,0.44010312941948837,0.0001,4.401031294194884e-05,True,Cook2019_SI5_gap_junction
PVR__VD13,PVR,VD13,0,0,soma_compartment_0_v0,1.0,0.11559288231044244,0.0001,1.1559288231044245e-05,True,Cook2019_SI5_gap_junction
AVFL__AVFR,AVFL,AVFR,0,0,soma_compartment_0_v0,31.0,0.5779644115522122,0.0001,5.779644115522123e-05,True,Cook2019_SI5_gap_junction
AVFL__AVHL,AVFL,AVHL,0,0,soma_compartment_0_v0,4.0,0.2683983610056247,0.0001,2.683983610056247e-05,True,Cook2019_SI5_gap_junction
AVFL__AVHR,AVFL,AVHR,0,0,soma_compartment_0_v0,5.0,0.2988032661227676,0.0001,2.988032661227676e-05,True,Cook2019_SI5_gap_junction
AVFL__PVPL,AVFL,PVPL,0,0,soma_compartment_0_v0,2.0,0.18321038381232518,0.0001,1.8321038381232518e-05,True,Cook2019_SI5_gap_junction
AVFL__PVNR,AVFL,PVNR,0,0,soma_compartment_0_v0,1.0,0.11559288231044244,0.0001,1.1559288231044245e-05,True,Cook2019_SI5_gap_junction
AVFL__AVG,AVFL,AVG,0,0,soma_compartment_0_v0,1.0,0.11559288231044244,0.0001,1.1559288231044245e-05,True,Cook2019_SI5_gap_junction
AVFL__PVCL,AVFL,PVCL,0,0,soma_compartment_0_v0,1.0,0.11559288231044244,0.0001,1.1559288231044245e-05,True,Cook2019_SI5_gap_junction
AVFL__AS11,AVFL,AS11,0,0,soma_compartment_0_v0,2.0,0.18321038381232518,0.0001,1.8321038381232518e-05,True,Cook2019_SI5_gap_junction
AVFL__VD12,AVFL,VD12,0,0,soma_compartment_0_v0,3.0,0.2311857646208849,0.0001,2.311857646208849e-05,True,Cook2019_SI5_gap_junction
AVFL__VC04,AVFL,VC04,0,0,soma_compartment_0_v0,1.0,0.11559288231044244,0.0001,1.1559288231044245e-05,True,Cook2019_SI5_gap_junction
AVFL__VC05,AVFL,VC05,0,0,soma_compartment_0_v0,1.0,0.11559288231044244,0.0001,1.1559288231044245e-05,True,Cook2019_SI5_gap_junction
AVFR__AVHL,AVFR,AVHL,0,0,soma_compartment_0_v0,11.0,0.41439614843321004,0.0001,4.1439614843321005e-05,True,Cook2019_SI5_gap_junction
AVFR__AVHR,AVFR,AVHR,0,0,soma_compartment_0_v0,7.0,0.3467786469313273,0.0001,3.4677864693132736e-05,True,Cook2019_SI5_gap_junction
AVFR__PVPL,AVFR,PVPL,0,0,soma_compartment_0_v0,3.0,0.2311857646208849,0.0001,2.311857646208849e-05,True,Cook2019_SI5_gap_junction
AVFR__RMGL,AVFR,RMGL,0,0,soma_compartment_0_v0,1.0,0.11559288231044244,0.0001,1.1559288231044245e-05,True,Cook2019_SI5_gap_junction
AVFR__VB01,AVFR,VB01,0,0,soma_compartment_0_v0,1.0,0.11559288231044244,0.0001,1.1559288231044245e-05,True,Cook2019_SI5_gap_junction
AVFR__VC04,AVFR,VC04,0,0,soma_compartment_0_v0,1.0,0.11559288231044244,0.0001,1.1559288231044245e-05,True,Cook2019_SI5_gap_junction
AVFR__VC05,AVFR,VC05,0,0,soma_compartment_0_v0,1.0,0.11559288231044244,0.0001,1.1559288231044245e-05,True,Cook2019_SI5_gap_junction
AVHL__AVHR,AVHL,AVHR,0,0,soma_compartment_0_v0,15.0,0.4623715292417698,0.0001,4.623715292417698e-05,True,Cook2019_SI5_gap_junction
AVHL__PVPR,AVHL,PVPR,0,0,soma_compartment_0_v0,6.0,0.32451024710904597,0.0001,3.24510247109046e-05,True,Cook2019_SI5_gap_junction
AVHL__LUAL,AVHL,LUAL,0,0,soma_compartment_0_v0,1.0,0.11559288231044244,0.0001,1.1559288231044245e-05,True,Cook2019_SI5_gap_junction
AVHL__PVNL,AVHL,PVNL,0,0,soma_compartment_0_v0,1.0,0.11559288231044244,0.0001,1.1559288231044245e-05,True,Cook2019_SI5_gap_junction
AVHL__AVJR,AVHL,AVJR,0,0,soma_compartment_0_v0,6.0,0.32451024710904597,0.0001,3.24510247109046e-05,True,Cook2019_SI5_gap_junction
AVHL__AVDL,AVHL,AVDL,0,0,soma_compartment_0_v0,2.0,0.18321038381232518,0.0001,1.8321038381232518e-05,True,Cook2019_SI5_gap_junction
AVHL__DB07,AVHL,DB07,0,0,soma_compartment_0_v0,3.0,0.2311857646208849,0.0001,2.311857646208849e-05,True,Cook2019_SI5_gap_junction
AVHL__AS10,AVHL,AS10,0,0,soma_compartment_0_v0,1.0,0.11559288231044244,0.0001,1.1559288231044245e-05,True,Cook2019_SI5_gap_junction
AVHL__AS11,AVHL,AS11,0,0,soma_compartment_0_v0,3.0,0.2311857646208849,0.0001,2.311857646208849e-05,True,Cook2019_SI5_gap_junction
AVHL__VD12,AVHL,VD12,0,0,soma_compartment_0_v0,8.0,0.36642076762465037,0.0001,3.6642076762465036e-05,True,Cook2019_SI5_gap_junction
AVHR__PVPL,AVHR,PVPL,0,0,soma_compartment_0_v0,4.0,0.2683983610056247,0.0001,2.683983610056247e-05,True,Cook2019_SI5_gap_junction
AVHR__PVPR,AVHR,PVPR,0,0,soma_compartment_0_v0,3.0,0.2311857646208849,0.0001,2.311857646208849e-05,True,Cook2019_SI5_gap_junction
AVHR__AVG,AVHR,AVG,0,0,soma_compartment_0_v0,4.0,0.2683983610056247,0.0001,2.683983610056247e-05,True,Cook2019_SI5_gap_junction
AVHR__DVC,AVHR,DVC,0,0,soma_compartment_0_v0,4.0,0.2683983610056247,0.0001,2.683983610056247e-05,True,Cook2019_SI5_gap_junction
AVHR__AVJL,AVHR,AVJL,0,0,soma_compartment_0_v0,3.0,0.2311857646208849,0.0001,2.311857646208849e-05,True,Cook2019_SI5_gap_junction
AVHR__AVJR,AVHR,AVJR,0,0,soma_compartment_0_v0,2.0,0.18321038381232518,0.0001,1.8321038381232518e-05,True,Cook2019_SI5_gap_junction
AVHR__SIAVL,AVHR,SIAVL,0,0,soma_compartment_0_v0,1.0,0.11559288231044244,0.0001,1.1559288231044245e-05,True,Cook2019_SI5_gap_junction
AVHR__DA08,AVHR,DA08,0,0,soma_compartment_0_v0,5.0,0.2988032661227676,0.0001,2.988032661227676e-05,True,Cook2019_SI5_gap_junction
AVHR__AS11,AVHR,AS11,0,0,soma_compartment_0_v0,17.0,0.4820136499350927,0.0001,4.8201364993509275e-05,True,Cook2019_SI5_gap_junction
AVHR__DD06,AVHR,DD06,0,0,soma_compartment_0_v0,1.0,0.11559288231044244,0.0001,1.1559288231044245e-05,True,Cook2019_SI5_gap_junction
AVHR__VD12,AVHR,VD12,0,0,soma_compartment_0_v0,13.0,0.44010312941948837,0.0001,4.401031294194884e-05,True,Cook2019_SI5_gap_junction
PVPL__PVPR,PVPL,PVPR,0,0,soma_compartment_0_v0,2.0,0.18321038381232518,0.0001,1.8321038381232518e-05,True,Cook2019_SI5_gap_junction
PVPL__PVNL,PVPL,PVNL,0,0,soma_compartment_0_v0,2.0,0.18321038381232518,0.0001,1.8321038381232518e-05,True,Cook2019_SI5_gap_junction
PVPL__AVG,PVPL,AVG,0,0,soma_compartment_0_v0,3.0,0.2311857646208849,0.0001,2.311857646208849e-05,True,Cook2019_SI5_gap_junction
PVPL__DVB,PVPL,DVB,0,0,soma_compartment_0_v0,4.0,0.2683983610056247,0.0001,2.683983610056247e-05,True,Cook2019_SI5_gap_junction
PVPL__RIGL,PVPL,RIGL,0,0,soma_compartment_0_v0,2.0,0.18321038381232518,0.0001,1.8321038381232518e-05,True,Cook2019_SI5_gap_junction
PVPL__AIBR,PVPL,AIBR,0,0,soma_compartment_0_v0,2.0,0.18321038381232518,0.0001,1.8321038381232518e-05,True,Cook2019_SI5_gap_junction
PVPL__AVKL,PVPL,AVKL,0,0,soma_compartment_0_v0,3.0,0.2311857646208849,0.0001,2.311857646208849e-05,True,Cook2019_SI5_gap_junction
PVPL__AVKR,PVPL,AVKR,0,0,soma_compartment_0_v0,22.0,0.5228915648104931,0.0001,5.228915648104932e-05,True,Cook2019_SI5_gap_junction
PVPL__DVC,PVPL,DVC,0,0,soma_compartment_0_v0,20.0,0.5077206309213711,0.0001,5.0772063092137113e-05,True,Cook2019_SI5_gap_junction
PVPL__PVT,PVPL,PVT,0,0,soma_compartment_0_v0,14.0,0.4516087448179499,0.0001,4.516087448179499e-05,True,Cook2019_SI5_gap_junction
PVPL__AVL,PVPL,AVL,0,0,soma_compartment_0_v0,1.0,0.11559288231044244,0.0001,1.1559288231044245e-05,True,Cook2019_SI5_gap_junction
PVPL__AVAL,PVPL,AVAL,0,0,soma_compartment_0_v0,1.0,0.11559288231044244,0.0001,1.1559288231044245e-05,True,Cook2019_SI5_gap_junction
PVPL__AS11,PVPL,AS11,0,0,soma_compartment_0_v0,6.0,0.32451024710904597,0.0001,3.24510247109046e-05,True,Cook2019_SI5_gap_junction
PVPL__PDB,PVPL,PDB,0,0,soma_compartment_0_v0,1.0,0.11559288231044244,0.0001,1.1559288231044245e-05,True,Cook2019_SI5_gap_junction
PVPL__DD06,PVPL,DD06,0,0,soma_compartment_0_v0,2.0,0.18321038381232518,0.0001,1.8321038381232518e-05,True,Cook2019_SI5_gap_junction
PVPL__VA12,PVPL,VA12,0,0,soma_compartment_0_v0,1.0,0.11559288231044244,0.0001,1.1559288231044245e-05,True,Cook2019_SI5_gap_junction
PVPL__VD13,PVPL,VD13,0,0,soma_compartment_0_v0,11.0,0.41439614843321004,0.0001,4.1439614843321005e-05,True,Cook2019_SI5_gap_junction
PVPL__HSNL,PVPL,HSNL,0,0,soma_compartment_0_v0,1.0,0.11559288231044244,0.0001,1.1559288231044245e-05,True,Cook2019_SI5_gap_junction
PVPR__PVNR,PVPR,PVNR,0,0,soma_compartment_0_v0,2.0,0.18321038381232518,0.0001,1.8321038381232518e-05,True,Cook2019_SI5_gap_junction
PVPR__DVB,PVPR,DVB,0,0,soma_compartment_0_v0,4.0,0.2683983610056247,0.0001,2.683983610056247e-05,True,Cook2019_SI5_gap_junction
PVPR__RMGR,PVPR,RMGR,0,0,soma_compartment_0_v0,3.0,0.2311857646208849,0.0001,2.311857646208849e-05,True,Cook2019_SI5_gap_junction
PVPR__AVKL,PVPR,AVKL,0,0,soma_compartment_0_v0,6.0,0.32451024710904597,0.0001,3.24510247109046e-05,True,Cook2019_SI5_gap_junction
PVPR__DVC,PVPR,DVC,0,0,soma_compartment_0_v0,34.0,0.5929086081146706,0.0001,5.9290860811467066e-05,True,Cook2019_SI5_gap_junction
PVPR__AVJL,PVPR,AVJL,0,0,soma_compartment_0_v0,1.0,0.11559288231044244,0.0001,1.1559288231044245e-05,True,Cook2019_SI5_gap_junction
PVPR__PVT,PVPR,PVT,0,0,soma_compartment_0_v0,17.0,0.4820136499350927,0.0001,4.8201364993509275e-05,True,Cook2019_SI5_gap_junction
PVPR__AVL,PVPR,AVL,0,0,soma_compartment_0_v0,8.0,0.36642076762465037,0.0001,3.6642076762465036e-05,True,Cook2019_SI5_gap_junction
PVPR__PVWL,PVPR,PVWL,0,0,soma_compartment_0_v0,1.0,0.11559288231044244,0.0001,1.1559288231044245e-05,True,Cook2019_SI5_gap_junction
PVPR__AVEL,PVPR,AVEL,0,0,soma_compartment_0_v0,1.0,0.11559288231044244,0.0001,1.1559288231044245e-05,True,Cook2019_SI5_gap_junction
PVPR__AVAL,PVPR,AVAL,0,0,soma_compartment_0_v0,2.0,0.18321038381232518,0.0001,1.8321038381232518e-05,True,Cook2019_SI5_gap_junction
PVPR__DD06,PVPR,DD06,0,0,soma_compartment_0_v0,9.0,0.3839912433160672,0.0001,3.839912433160672e-05,True,Cook2019_SI5_gap_junction
PVPR__VD12,PVPR,VD12,0,0,soma_compartment_0_v0,35.0,0.5976065322455352,0.0001,5.976065322455352e-05,True,Cook2019_SI5_gap_junction
PVPR__HSNR,PVPR,HSNR,0,0,soma_compartment_0_v0,1.0,0.11559288231044244,0.0001,1.1559288231044245e-05,True,Cook2019_SI5_gap_junction
PVPR__VC01,PVPR,VC01,0,0,soma_compartment_0_v0,1.0,0.11559288231044244,0.0001,1.1559288231044245e-05,True,Cook2019_SI5_gap_junction
LUAL__PVNL,LUAL,PVNL,0,0,soma_compartment_0_v0,3.0,0.2311857646208849,0.0001,2.311857646208849e-05,True,Cook2019_SI5_gap_junction
LUAL__AVJL,LUAL,AVJL,0,0,soma_compartment_0_v0,5.0,0.2988032661227676,0.0001,2.988032661227676e-05,True,Cook2019_SI5_gap_junction
LUAL__AVAL,LUAL,AVAL,0,0,soma_compartment_0_v0,2.0,0.18321038381232518,0.0001,1.8321038381232518e-05,True,Cook2019_SI5_gap_junction
LUAL__PVCL,LUAL,PVCL,0,0,soma_compartment_0_v0,1.0,0.11559288231044244,0.0001,1.1559288231044245e-05,True,Cook2019_SI5_gap_junction
LUAR__PVNR,LUAR,PVNR,0,0,soma_compartment_0_v0,2.0,0.18321038381232518,0.0001,1.8321038381232518e-05,True,Cook2019_SI5_gap_junction
LUAR__AVJL,LUAR,AVJL,0,0,soma_compartment_0_v0,1.0,0.11559288231044244,0.0001,1.1559288231044245e-05,True,Cook2019_SI5_gap_junction
LUAR__AVJR,LUAR,AVJR,0,0,soma_compartment_0_v0,1.0,0.11559288231044244,0.0001,1.1559288231044245e-05,True,Cook2019_SI5_gap_junction
LUAR__PVT,LUAR,PVT,0,0,soma_compartment_0_v0,4.0,0.2683983610056247,0.0001,2.683983610056247e-05,True,Cook2019_SI5_gap_junction
LUAR__PVWL,LUAR,PVWL,0,0,soma_compartment_0_v0,3.0,0.2311857646208849,0.0001,2.311857646208849e-05,True,Cook2019_SI5_gap_junction
LUAR__PVWR,LUAR,PVWR,0,0,soma_compartment_0_v0,3.0,0.2311857646208849,0.0001,2.311857646208849e-05,True,Cook2019_SI5_gap_junction
LUAR__AVAL,LUAR,AVAL,0,0,soma_compartment_0_v0,2.0,0.18321038381232518,0.0001,1.8321038381232518e-05,True,Cook2019_SI5_gap_junction
LUAR__AVAR,LUAR,AVAR,0,0,soma_compartment_0_v0,4.0,0.2683983610056247,0.0001,2.683983610056247e-05,True,Cook2019_SI5_gap_junction
PVNL__PVNR,PVNL,PVNR,0,0,soma_compartment_0_v0,2.0,0.18321038381232518,0.0001,1.8321038381232518e-05,True,Cook2019_SI5_gap_junction
PVNL__AVJL,PVNL,AVJL,0,0,soma_compartment_0_v0,5.0,0.2988032661227676,0.0001,2.988032661227676e-05,True,Cook2019_SI5_gap_junction
PVNL__AVJR,PVNL,AVJR,0,0,soma_compartment_0_v0,1.0,0.11559288231044244,0.0001,1.1559288231044245e-05,True,Cook2019_SI5_gap_junction
PVNL__PVT,PVNL,PVT,0,0,soma_compartment_0_v0,2.0,0.18321038381232518,0.0001,1.8321038381232518e-05,True,Cook2019_SI5_gap_junction
PVNL__AVDR,PVNL,AVDR,0,0,soma_compartment_0_v0,1.0,0.11559288231044244,0.0001,1.1559288231044245e-05,True,Cook2019_SI5_gap_junction
PVNL__AVBR,PVNL,AVBR,0,0,soma_compartment_0_v0,7.0,0.3467786469313273,0.0001,3.4677864693132736e-05,True,Cook2019_SI5_gap_junction
PVNL__AVAL,PVNL,AVAL,0,0,soma_compartment_0_v0,1.0,0.11559288231044244,0.0001,1.1559288231044245e-05,True,Cook2019_SI5_gap_junction
PVNL__PVCL,PVNL,PVCL,0,0,soma_compartment_0_v0,2.0,0.18321038381232518,0.0001,1.8321038381232518e-05,True,Cook2019_SI5_gap_junction
PVNR__DVC,PVNR,DVC,0,0,soma_compartment_0_v0,1.0,0.11559288231044244,0.0001,1.1559288231044245e-05,True,Cook2019_SI5_gap_junction
PVNR__AVJR,PVNR,AVJR,0,0,soma_compartment_0_v0,5.0,0.2988032661227676,0.0001,2.988032661227676e-05,True,Cook2019_SI5_gap_junction
PVNR__PVT,PVNR,PVT,0,0,soma_compartment_0_v0,3.0,0.2311857646208849,0.0001,2.311857646208849e-05,True,Cook2019_SI5_gap_junction
PVNR__AVDL,PVNR,AVDL,0,0,soma_compartment_0_v0,1.0,0.11559288231044244,0.0001,1.1559288231044245e-05,True,Cook2019_SI5_gap_junction
PVNR__AVDR,PVNR,AVDR,0,0,soma_compartment_0_v0,1.0,0.11559288231044244,0.0001,1.1559288231044245e-05,True,Cook2019_SI5_gap_junction
PVNR__PVWR,PVNR,PVWR,0,0,soma_compartment_0_v0,6.0,0.32451024710904597,0.0001,3.24510247109046e-05,True,Cook2019_SI5_gap_junction
PVNR__AVBL,PVNR,AVBL,0,0,soma_compartment_0_v0,5.0,0.2988032661227676,0.0001,2.988032661227676e-05,True,Cook2019_SI5_gap_junction
PVNR__AVBR,PVNR,AVBR,0,0,soma_compartment_0_v0,2.0,0.18321038381232518,0.0001,1.8321038381232518e-05,True,Cook2019_SI5_gap_junction
PVNR__VD13,PVNR,VD13,0,0,soma_compartment_0_v0,1.0,0.11559288231044244,0.0001,1.1559288231044245e-05,True,Cook2019_SI5_gap_junction
PVNR__HSNL,PVNR,HSNL,0,0,soma_compartment_0_v0,2.0,0.18321038381232518,0.0001,1.8321038381232518e-05,True,Cook2019_SI5_gap_junction
PVNR__HSNR,PVNR,HSNR,0,0,soma_compartment_0_v0,2.0,0.18321038381232518,0.0001,1.8321038381232518e-05,True,Cook2019_SI5_gap_junction
AVG__DVC,AVG,DVC,0,0,soma_compartment_0_v0,12.0,0.4277444928359701,0.0001,4.2774449283597014e-05,True,Cook2019_SI5_gap_junction
AVG__AVJR,AVG,AVJR,0,0,soma_compartment_0_v0,1.0,0.11559288231044244,0.0001,1.1559288231044245e-05,True,Cook2019_SI5_gap_junction
AVG__PVT,AVG,PVT,0,0,soma_compartment_0_v0,4.0,0.2683983610056247,0.0001,2.683983610056247e-05,True,Cook2019_SI5_gap_junction
AVG__AS11,AVG,AS11,0,0,soma_compartment_0_v0,1.0,0.11559288231044244,0.0001,1.1559288231044245e-05,True,Cook2019_SI5_gap_junction
AVG__DD06,AVG,DD06,0,0,soma_compartment_0_v0,1.0,0.11559288231044244,0.0001,1.1559288231044245e-05,True,Cook2019_SI5_gap_junction
DVB__DVC,DVB,DVC,0,0,soma_compartment_0_v0,15.0,0.4623715292417698,0.0001,4.623715292417698e-05,True,Cook2019_SI5_gap_junction
DVB__PVT,DVB,PVT,0,0,soma_compartment_0_v0,3.0,0.2311857646208849,0.0001,2.311857646208849e-05,True,Cook2019_SI5_gap_junction
DVB__AVL,DVB,AVL,0,0,soma_compartment_0_v0,14.0,0.4516087448179499,0.0001,4.516087448179499e-05,True,Cook2019_SI5_gap_junction
DVB__DA08,DVB,DA08,0,0,soma_compartment_0_v0,5.0,0.2988032661227676,0.0001,2.988032661227676e-05,True,Cook2019_SI5_gap_junction
DVB__AS11,DVB,AS11,0,0,soma_compartment_0_v0,4.0,0.2683983610056247,0.0001,2.683983610056247e-05,True,Cook2019_SI5_gap_junction
DVB__DD06,DVB,DD06,0,0,soma_compartment_0_v0,3.0,0.2311857646208849,0.0001,2.311857646208849e-05,True,Cook2019_SI5_gap_junction
DVB__VD13,DVB,VD13,0,0,soma_compartment_0_v0,5.0,0.2988032661227676,0.0001,2.988032661227676e-05,True,Cook2019_SI5_gap_junction
RIBL__RIBR,RIBL,RIBR,0,0,soma_compartment_0_v0,15.0,0.4623715292417698,0.0001,4.623715292417698e-05,True,Cook2019_SI5_gap_junction
RIBL__RIGL,RIBL,RIGL,0,0,soma_compartment_0_v0,3.0,0.2311857646208849,0.0001,2.311857646208849e-05,True,Cook2019_SI5_gap_junction
RIBL__RIAL,RIBL,RIAL,0,0,soma_compartment_0_v0,1.0,0.11559288231044244,0.0001,1.1559288231044245e-05,True,Cook2019_SI5_gap_junction
RIBL__AVBL,RIBL,AVBL,0,0,soma_compartment_0_v0,6.0,0.32451024710904597,0.0001,3.24510247109046e-05,True,Cook2019_SI5_gap_junction
RIBL__AVBR,RIBL,AVBR,0,0,soma_compartment_0_v0,3.0,0.2311857646208849,0.0001,2.311857646208849e-05,True,Cook2019_SI5_gap_junction
RIBL__RMEV,RIBL,RMEV,0,0,soma_compartment_0_v0,2.0,0.18321038381232518,0.0001,1.8321038381232518e-05,True,Cook2019_SI5_gap_junction
RIBL__SMDDL,RIBL,SMDDL,0,0,soma_compartment_0_v0,3.0,0.2311857646208849,0.0001,2.311857646208849e-05,True,Cook2019_SI5_gap_junction
RIBL__SIBDL,RIBL,SIBDL,0,0,soma_compartment_0_v0,5.0,0.2988032661227676,0.0001,2.988032661227676e-05,True,Cook2019_SI5_gap_junction
RIBL__SIBVR,RIBL,SIBVR,0,0,soma_compartment_0_v0,2.0,0.18321038381232518,0.0001,1.8321038381232518e-05,True,Cook2019_SI5_gap_junction
RIBL__SIADL,RIBL,SIADL,0,0,soma_compartment_0_v0,2.0,0.18321038381232518,0.0001,1.8321038381232518e-05,True,Cook2019_SI5_gap_junction
RIBL__SIAVL,RIBL,SIAVL,0,0,soma_compartment_0_v0,1.0,0.11559288231044244,0.0001,1.1559288231044245e-05,True,Cook2019_SI5_gap_junction
RIBR__RIGR,RIBR,RIGR,0,0,soma_compartment_0_v0,2.0,0.18321038381232518,0.0001,1.8321038381232518e-05,True,Cook2019_SI5_gap_junction
RIBR__AVBL,RIBR,AVBL,0,0,soma_compartment_0_v0,2.0,0.18321038381232518,0.0001,1.8321038381232518e-05,True,Cook2019_SI5_gap_junction
RIBR__AVBR,RIBR,AVBR,0,0,soma_compartment_0_v0,3.0,0.2311857646208849,0.0001,2.311857646208849e-05,True,Cook2019_SI5_gap_junction
RIBR__SMDDL,RIBR,SMDDL,0,0,soma_compartment_0_v0,4.0,0.2683983610056247,0.0001,2.683983610056247e-05,True,Cook2019_SI5_gap_junction
RIBR__SMDDR,RIBR,SMDDR,0,0,soma_compartment_0_v0,2.0,0.18321038381232518,0.0001,1.8321038381232518e-05,True,Cook2019_SI5_gap_junction
RIBR__SMBDR,RIBR,SMBDR,0,0,soma_compartment_0_v0,2.0,0.18321038381232518,0.0001,1.8321038381232518e-05,True,Cook2019_SI5_gap_junction
RIBR__SIBDR,RIBR,SIBDR,0,0,soma_compartment_0_v0,2.0,0.18321038381232518,0.0001,1.8321038381232518e-05,True,Cook2019_SI5_gap_junction
RIBR__SIBVR,RIBR,SIBVR,0,0,soma_compartment_0_v0,6.0,0.32451024710904597,0.0001,3.24510247109046e-05,True,Cook2019_SI5_gap_junction
RIBR__SIADR,RIBR,SIADR,0,0,soma_compartment_0_v0,3.0,0.2311857646208849,0.0001,2.311857646208849e-05,True,Cook2019_SI5_gap_junction
RIBR__SIAVR,RIBR,SIAVR,0,0,soma_compartment_0_v0,2.0,0.18321038381232518,0.0001,1.8321038381232518e-05,True,Cook2019_SI5_gap_junction
RIGL__RIGR,RIGL,RIGR,0,0,soma_compartment_0_v0,81.0,0.7348877606523356,0.0001,7.348877606523357e-05,True,Cook2019_SI5_gap_junction
RIGL__AIBR,RIGL,AIBR,0,0,soma_compartment_0_v0,3.0,0.2311857646208849,0.0001,2.311857646208849e-05,True,Cook2019_SI5_gap_junction
RIGL__AVKL,RIGL,AVKL,0,0,soma_compartment_0_v0,2.0,0.18321038381232518,0.0001,1.8321038381232518e-05,True,Cook2019_SI5_gap_junction
RIGL__RMFL,RIGL,RMFL,0,0,soma_compartment_0_v0,1.0,0.11559288231044244,0.0001,1.1559288231044245e-05,True,Cook2019_SI5_gap_junction
RIGL__RMEL,RIGL,RMEL,0,0,soma_compartment_0_v0,2.0,0.18321038381232518,0.0001,1.8321038381232518e-05,True,Cook2019_SI5_gap_junction
RIGL__VD01,RIGL,VD01,0,0,soma_compartment_0_v0,3.0,0.2311857646208849,0.0001,2.311857646208849e-05,True,Cook2019_SI5_gap_junction
RIGR__AIBL,RIGR,AIBL,0,0,soma_compartment_0_v0,3.0,0.2311857646208849,0.0001,2.311857646208849e-05,True,Cook2019_SI5_gap_junction
RIGR__AVKL,RIGR,AVKL,0,0,soma_compartment_0_v0,1.0,0.11559288231044244,0.0001,1.1559288231044245e-05,True,Cook2019_SI5_gap_junction
RIGR__AVKR,RIGR,AVKR,0,0,soma_compartment_0_v0,2.0,0.18321038381232518,0.0001,1.8321038381232518e-05,True,Cook2019_SI5_gap_junction
RIGR__RMFL,RIGR,RMFL,0,0,soma_compartment_0_v0,1.0,0.11559288231044244,0.0001,1.1559288231044245e-05,True,Cook2019_SI5_gap_junction
RIGR__VD01,RIGR,VD01,0,0,soma_compartment_0_v0,2.0,0.18321038381232518,0.0001,1.8321038381232518e-05,True,Cook2019_SI5_gap_junction
RMGL__AVEL,RMGL,AVEL,0,0,soma_compartment_0_v0,2.0,0.18321038381232518,0.0001,1.8321038381232518e-05,True,Cook2019_SI5_gap_junction
RMGL__RMDDR,RMGL,RMDDR,0,0,soma_compartment_0_v0,1.0,0.11559288231044244,0.0001,1.1559288231044245e-05,True,Cook2019_SI5_gap_junction
RMGL__RMHL,RMGL,RMHL,0,0,soma_compartment_0_v0,6.0,0.32451024710904597,0.0001,3.24510247109046e-05,True,Cook2019_SI5_gap_junction
RMGR__RMHL,RMGR,RMHL,0,0,soma_compartment_0_v0,1.0,0.11559288231044244,0.0001,1.1559288231044245e-05,True,Cook2019_SI5_gap_junction
RMGR__RMHR,RMGR,RMHR,0,0,soma_compartment_0_v0,4.0,0.2683983610056247,0.0001,2.683983610056247e-05,True,Cook2019_SI5_gap_junction
RMGR__SMBVR,RMGR,SMBVR,0,0,soma_compartment_0_v0,3.0,0.2311857646208849,0.0001,2.311857646208849e-05,True,Cook2019_SI5_gap_junction
AIBL__DVC,AIBL,DVC,0,0,soma_compartment_0_v0,2.0,0.18321038381232518,0.0001,1.8321038381232518e-05,True,Cook2019_SI5_gap_junction
AIBL__RIMR,AIBL,RIMR,0,0,soma_compartment_0_v0,1.0,0.11559288231044244,0.0001,1.1559288231044245e-05,True,Cook2019_SI5_gap_junction
AIBL__RMED,AIBL,RMED,0,0,soma_compartment_0_v0,2.0,0.18321038381232518,0.0001,1.8321038381232518e-05,True,Cook2019_SI5_gap_junction
AIBL__RIVL,AIBL,RIVL,0,0,soma_compartment_0_v0,1.0,0.11559288231044244,0.0001,1.1559288231044245e-05,True,Cook2019_SI5_gap_junction
AIBL__SMDDR,AIBL,SMDDR,0,0,soma_compartment_0_v0,1.0,0.11559288231044244,0.0001,1.1559288231044245e-05,True,Cook2019_SI5_gap_junction
AIBL__SIADR,AIBL,SIADR,0,0,soma_compartment_0_v0,1.0,0.11559288231044244,0.0001,1.1559288231044245e-05,True,Cook2019_SI5_gap_junction
AIBR__RICR,AIBR,RICR,0,0,soma_compartment_0_v0,1.0,0.11559288231044244,0.0001,1.1559288231044245e-05,True,Cook2019_SI5_gap_junction
AIBR__DVC,AIBR,DVC,0,0,soma_compartment_0_v0,9.0,0.3839912433160672,0.0001,3.839912433160672e-05,True,Cook2019_SI5_gap_junction
AIBR__PVT,AIBR,PVT,0,0,soma_compartment_0_v0,1.0,0.11559288231044244,0.0001,1.1559288231044245e-05,True,Cook2019_SI5_gap_junction
AIBR__RIML,AIBR,RIML,0,0,soma_compartment_0_v0,2.0,0.18321038381232518,0.0001,1.8321038381232518e-05,True,Cook2019_SI5_gap_junction
AIBR__RIVR,AIBR,RIVR,0,0,soma_compartment_0_v0,3.0,0.2311857646208849,0.0001,2.311857646208849e-05,True,Cook2019_SI5_gap_junction
AIBR__SMDDL,AIBR,SMDDL,0,0,soma_compartment_0_v0,2.0,0.18321038381232518,0.0001,1.8321038381232518e-05,True,Cook2019_SI5_gap_junction
AIBR__SIAVL,AIBR,SIAVL,0,0,soma_compartment_0_v0,1.0,0.11559288231044244,0.0001,1.1559288231044245e-05,True,Cook2019_SI5_gap_junction
RICL__AVKR,RICL,AVKR,0,0,soma_compartment_0_v0,4.0,0.2683983610056247,0.0001,2.683983610056247e-05,True,Cook2019_SI5_gap_junction
RICR__AVKL,RICR,AVKL,0,0,soma_compartment_0_v0,2.0,0.18321038381232518,0.0001,1.8321038381232518e-05,True,Cook2019_SI5_gap_junction
RICR__RMHR,RICR,RMHR,0,0,soma_compartment_0_v0,1.0,0.11559288231044244,0.0001,1.1559288231044245e-05,True,Cook2019_SI5_gap_junction
SAADL__RMDVR,SAADL,RMDVR,0,0,soma_compartment_0_v0,1.0,0.11559288231044244,0.0001,1.1559288231044245e-05,True,Cook2019_SI5_gap_junction
SAADL__RIVR,SAADL,RIVR,0,0,soma_compartment_0_v0,1.0,0.11559288231044244,0.0001,1.1559288231044245e-05,True,Cook2019_SI5_gap_junction
SAADL__SMBDL,SAADL,SMBDL,0,0,soma_compartment_0_v0,3.0,0.2311857646208849,0.0001,2.311857646208849e-05,True,Cook2019_SI5_gap_junction
SAADR__RMFL,SAADR,RMFL,0,0,soma_compartment_0_v0,1.0,0.11559288231044244,0.0001,1.1559288231044245e-05,True,Cook2019_SI5_gap_junction
SAADR__RMDDR,SAADR,RMDDR,0,0,soma_compartment_0_v0,1.0,0.11559288231044244,0.0001,1.1559288231044245e-05,True,Cook2019_SI5_gap_junction
SAADR__RIVL,SAADR,RIVL,0,0,soma_compartment_0_v0,2.0,0.18321038381232518,0.0001,1.8321038381232518e-05,True,Cook2019_SI5_gap_junction
SAAVL__SAAVR,SAAVL,SAAVR,0,0,soma_compartment_0_v0,1.0,0.11559288231044244,0.0001,1.1559288231044245e-05,True,Cook2019_SI5_gap_junction
SAAVL__RMDVL,SAAVL,RMDVL,0,0,soma_compartment_0_v0,3.0,0.2311857646208849,0.0001,2.311857646208849e-05,True,Cook2019_SI5_gap_junction
SAAVL__SMDVL,SAAVL,SMDVL,0,0,soma_compartment_0_v0,8.0,0.36642076762465037,0.0001,3.6642076762465036e-05,True,Cook2019_SI5_gap_junction
SAAVL__SMBDR,SAAVL,SMBDR,0,0,soma_compartment_0_v0,2.0,0.18321038381232518,0.0001,1.8321038381232518e-05,True,Cook2019_SI5_gap_junction
SAAVL__SMBVR,SAAVL,SMBVR,0,0,soma_compartment_0_v0,17.0,0.4820136499350927,0.0001,4.8201364993509275e-05,True,Cook2019_SI5_gap_junction
SAAVR__RIAR,SAAVR,RIAR,0,0,soma_compartment_0_v0,1.0,0.11559288231044244,0.0001,1.1559288231044245e-05,True,Cook2019_SI5_gap_junction
SAAVR__RMFL,SAAVR,RMFL,0,0,soma_compartment_0_v0,1.0,0.11559288231044244,0.0001,1.1559288231044245e-05,True,Cook2019_SI5_gap_junction
SAAVR__AVAR,SAAVR,AVAR,0,0,soma_compartment_0_v0,1.0,0.11559288231044244,0.0001,1.1559288231044245e-05,True,Cook2019_SI5_gap_junction
SAAVR__RMDVR,SAAVR,RMDVR,0,0,soma_compartment_0_v0,9.0,0.3839912433160672,0.0001,3.839912433160672e-05,True,Cook2019_SI5_gap_junction
SAAVR__SMDDL,SAAVR,SMDDL,0,0,soma_compartment_0_v0,4.0,0.2683983610056247,0.0001,2.683983610056247e-05,True,Cook2019_SI5_gap_junction
SAAVR__SMBDL,SAAVR,SMBDL,0,0,soma_compartment_0_v0,1.0,0.11559288231044244,0.0001,1.1559288231044245e-05,True,Cook2019_SI5_gap_junction
SAAVR__SMBVL,SAAVR,SMBVL,0,0,soma_compartment_0_v0,16.0,0.4724816111569572,0.0001,4.724816111569572e-05,True,Cook2019_SI5_gap_junction
SAAVR__VB01,SAAVR,VB01,0,0,soma_compartment_0_v0,1.0,0.11559288231044244,0.0001,1.1559288231044245e-05,True,Cook2019_SI5_gap_junction
AVKL__AVKR,AVKL,AVKR,0,0,soma_compartment_0_v0,9.0,0.3839912433160672,0.0001,3.839912433160672e-05,True,Cook2019_SI5_gap_junction
AVKL__PVT,AVKL,PVT,0,0,soma_compartment_0_v0,5.0,0.2988032661227676,0.0001,2.988032661227676e-05,True,Cook2019_SI5_gap_junction
AVKL__AVL,AVKL,AVL,0,0,soma_compartment_0_v0,3.0,0.2311857646208849,0.0001,2.311857646208849e-05,True,Cook2019_SI5_gap_junction
AVKL__SMBDL,AVKL,SMBDL,0,0,soma_compartment_0_v0,2.0,0.18321038381232518,0.0001,1.8321038381232518e-05,True,Cook2019_SI5_gap_junction
AVKL__SMBDR,AVKL,SMBDR,0,0,soma_compartment_0_v0,2.0,0.18321038381232518,0.0001,1.8321038381232518e-05,True,Cook2019_SI5_gap_junction
AVKL__SMBVL,AVKL,SMBVL,0,0,soma_compartment_0_v0,6.0,0.32451024710904597,0.0001,3.24510247109046e-05,True,Cook2019_SI5_gap_junction
AVKL__SMBVR,AVKL,SMBVR,0,0,soma_compartment_0_v0,2.0,0.18321038381232518,0.0001,1.8321038381232518e-05,True,Cook2019_SI5_gap_junction
AVKL__AS10,AVKL,AS10,0,0,soma_compartment_0_v0,1.0,0.11559288231044244,0.0001,1.1559288231044245e-05,True,Cook2019_SI5_gap_junction
AVKL__AS11,AVKL,AS11,0,0,soma_compartment_0_v0,1.0,0.11559288231044244,0.0001,1.1559288231044245e-05,True,Cook2019_SI5_gap_junction
AVKL__VB10,AVKL,VB10,0,0,soma_compartment_0_v0,1.0,0.11559288231044244,0.0001,1.1559288231044245e-05,True,Cook2019_SI5_gap_junction
AVKL__VB11,AVKL,VB11,0,0,soma_compartment_0_v0,1.0,0.11559288231044244,0.0001,1.1559288231044245e-05,True,Cook2019_SI5_gap_junction
AVKR__PVT,AVKR,PVT,0,0,soma_compartment_0_v0,1.0,0.11559288231044244,0.0001,1.1559288231044245e-05,True,Cook2019_SI5_gap_junction
AVKR__RIMR,AVKR,RIMR,0,0,soma_compartment_0_v0,1.0,0.11559288231044244,0.0001,1.1559288231044245e-05,True,Cook2019_SI5_gap_junction
AVKR__AVER,AVKR,AVER,0,0,soma_compartment_0_v0,1.0,0.11559288231044244,0.0001,1.1559288231044245e-05,True,Cook2019_SI5_gap_junction
AVKR__SMBDL,AVKR,SMBDL,0,0,soma_compartment_0_v0,1.0,0.11559288231044244,0.0001,1.1559288231044245e-05,True,Cook2019_SI5_gap_junction
AVKR__SMBDR,AVKR,SMBDR,0,0,soma_compartment_0_v0,9.0,0.3839912433160672,0.0001,3.839912433160672e-05,True,Cook2019_SI5_gap_junction
AVKR__SMBVR,AVKR,SMBVR,0,0,soma_compartment_0_v0,6.0,0.32451024710904597,0.0001,3.24510247109046e-05,True,Cook2019_SI5_gap_junction
DVC__PVT,DVC,PVT,0,0,soma_compartment_0_v0,11.0,0.41439614843321004,0.0001,4.1439614843321005e-05,True,Cook2019_SI5_gap_junction
DVC__AVL,DVC,AVL,0,0,soma_compartment_0_v0,22.0,0.5228915648104931,0.0001,5.228915648104932e-05,True,Cook2019_SI5_gap_junction
DVC__DD06,DVC,DD06,0,0,soma_compartment_0_v0,1.0,0.11559288231044244,0.0001,1.1559288231044245e-05,True,Cook2019_SI5_gap_junction
DVC__VD01,DVC,VD01,0,0,soma_compartment_0_v0,2.0,0.18321038381232518,0.0001,1.8321038381232518e-05,True,Cook2019_SI5_gap_junction
DVC__VD11,DVC,VD11,0,0,soma_compartment_0_v0,1.0,0.11559288231044244,0.0001,1.1559288231044245e-05,True,Cook2019_SI5_gap_junction
DVC__VD13,DVC,VD13,0,0,soma_compartment_0_v0,1.0,0.11559288231044244,0.0001,1.1559288231044245e-05,True,Cook2019_SI5_gap_junction
DVC__VC05,DVC,VC05,0,0,soma_compartment_0_v0,1.0,0.11559288231044244,0.0001,1.1559288231044245e-05,True,Cook2019_SI5_gap_junction
DVC__VC06,DVC,VC06,0,0,soma_compartment_0_v0,1.0,0.11559288231044244,0.0001,1.1559288231044245e-05,True,Cook2019_SI5_gap_junction
AVJL__AVJR,AVJL,AVJR,0,0,soma_compartment_0_v0,10.0,0.3998856719541645,0.0001,3.998856719541645e-05,True,Cook2019_SI5_gap_junction
AVJL__PVT,AVJL,PVT,0,0,soma_compartment_0_v0,1.0,0.11559288231044244,0.0001,1.1559288231044245e-05,True,Cook2019_SI5_gap_junction
AVJL__AVDR,AVJL,AVDR,0,0,soma_compartment_0_v0,6.0,0.32451024710904597,0.0001,3.24510247109046e-05,True,Cook2019_SI5_gap_junction
AVJL__PVWL,AVJL,PVWL,0,0,soma_compartment_0_v0,3.0,0.2311857646208849,0.0001,2.311857646208849e-05,True,Cook2019_SI5_gap_junction
AVJL__PVWR,AVJL,PVWR,0,0,soma_compartment_0_v0,5.0,0.2988032661227676,0.0001,2.988032661227676e-05,True,Cook2019_SI5_gap_junction
AVJL__AVAL,AVJL,AVAL,0,0,soma_compartment_0_v0,7.0,0.3467786469313273,0.0001,3.4677864693132736e-05,True,Cook2019_SI5_gap_junction
AVJL__PVCL,AVJL,PVCL,0,0,soma_compartment_0_v0,3.0,0.2311857646208849,0.0001,2.311857646208849e-05,True,Cook2019_SI5_gap_junction
AVJL__PVCR,AVJL,PVCR,0,0,soma_compartment_0_v0,19.0,0.4995841256265096,0.0001,4.9958412562650965e-05,True,Cook2019_SI5_gap_junction
AVJL__PDB,AVJL,PDB,0,0,soma_compartment_0_v0,2.0,0.18321038381232518,0.0001,1.8321038381232518e-05,True,Cook2019_SI5_gap_junction
AVJR__AVDL,AVJR,AVDL,0,0,soma_compartment_0_v0,1.0,0.11559288231044244,0.0001,1.1559288231044245e-05,True,Cook2019_SI5_gap_junction
AVJR__AVAL,AVJR,AVAL,0,0,soma_compartment_0_v0,4.0,0.2683983610056247,0.0001,2.683983610056247e-05,True,Cook2019_SI5_gap_junction
AVJR__AVAR,AVJR,AVAR,0,0,soma_compartment_0_v0,3.0,0.2311857646208849,0.0001,2.311857646208849e-05,True,Cook2019_SI5_gap_junction
AVJR__PVCL,AVJR,PVCL,0,0,soma_compartment_0_v0,3.0,0.2311857646208849,0.0001,2.311857646208849e-05,True,Cook2019_SI5_gap_junction
AVJR__PVCR,AVJR,PVCR,0,0,soma_compartment_0_v0,1.0,0.11559288231044244,0.0001,1.1559288231044245e-05,True,Cook2019_SI5_gap_junction
PVT__AVDL,PVT,AVDL,0,0,soma_compartment_0_v0,1.0,0.11559288231044244,0.0001,1.1559288231044245e-05,True,Cook2019_SI5_gap_junction
PVT__AVL,PVT,AVL,0,0,soma_compartment_0_v0,6.0,0.32451024710904597,0.0001,3.24510247109046e-05,True,Cook2019_SI5_gap_junction
PVT__PVWR,PVT,PVWR,0,0,soma_compartment_0_v0,2.0,0.18321038381232518,0.0001,1.8321038381232518e-05,True,Cook2019_SI5_gap_junction
PVT__AVAR,PVT,AVAR,0,0,soma_compartment_0_v0,2.0,0.18321038381232518,0.0001,1.8321038381232518e-05,True,Cook2019_SI5_gap_junction
PVT__PVCR,PVT,PVCR,0,0,soma_compartment_0_v0,4.0,0.2683983610056247,0.0001,2.683983610056247e-05,True,Cook2019_SI5_gap_junction
PVT__URAVL,PVT,URAVL,0,0,soma_compartment_0_v0,1.0,0.11559288231044244,0.0001,1.1559288231044245e-05,True,Cook2019_SI5_gap_junction
PVT__RMEV,PVT,RMEV,0,0,soma_compartment_0_v0,1.0,0.11559288231044244,0.0001,1.1559288231044245e-05,True,Cook2019_SI5_gap_junction
PVT__DD06,PVT,DD06,0,0,soma_compartment_0_v0,3.0,0.2311857646208849,0.0001,2.311857646208849e-05,True,Cook2019_SI5_gap_junction
PVT__VD11,PVT,VD11,0,0,soma_compartment_0_v0,3.0,0.2311857646208849,0.0001,2.311857646208849e-05,True,Cook2019_SI5_gap_junction
PVT__VD12,PVT,VD12,0,0,soma_compartment_0_v0,4.0,0.2683983610056247,0.0001,2.683983610056247e-05,True,Cook2019_SI5_gap_junction
PVT__VD13,PVT,VD13,0,0,soma_compartment_0_v0,17.0,0.4820136499350927,0.0001,4.8201364993509275e-05,True,Cook2019_SI5_gap_junction
PVT__VC02,PVT,VC02,0,0,soma_compartment_0_v0,1.0,0.11559288231044244,0.0001,1.1559288231044245e-05,True,Cook2019_SI5_gap_junction
PVT__VC03,PVT,VC03,0,0,soma_compartment_0_v0,1.0,0.11559288231044244,0.0001,1.1559288231044245e-05,True,Cook2019_SI5_gap_junction
PVT__VC05,PVT,VC05,0,0,soma_compartment_0_v0,2.0,0.18321038381232518,0.0001,1.8321038381232518e-05,True,Cook2019_SI5_gap_junction
PVT__VC06,PVT,VC06,0,0,soma_compartment_0_v0,2.0,0.18321038381232518,0.0001,1.8321038381232518e-05,True,Cook2019_SI5_gap_junction
AVDL__AVDR,AVDL,AVDR,0,0,soma_compartment_0_v0,6.0,0.32451024710904597,0.0001,3.24510247109046e-05,True,Cook2019_SI5_gap_junction
AVDL__AVAL,AVDL,AVAL,0,0,soma_compartment_0_v0,7.0,0.3467786469313273,0.0001,3.4677864693132736e-05,True,Cook2019_SI5_gap_junction
AVDL__AVAR,AVDL,AVAR,0,0,soma_compartment_0_v0,2.0,0.18321038381232518,0.0001,1.8321038381232518e-05,True,Cook2019_SI5_gap_junction
AVDL__VA10,AVDL,VA10,0,0,soma_compartment_0_v0,1.0,0.11559288231044244,0.0001,1.1559288231044245e-05,True,Cook2019_SI5_gap_junction
AVDR__PVWR,AVDR,PVWR,0,0,soma_compartment_0_v0,1.0,0.11559288231044244,0.0001,1.1559288231044245e-05,True,Cook2019_SI5_gap_junction
AVDR__AVAL,AVDR,AVAL,0,0,soma_compartment_0_v0,9.0,0.3839912433160672,0.0001,3.839912433160672e-05,True,Cook2019_SI5_gap_junction
AVDR__AVAR,AVDR,AVAR,0,0,soma_compartment_0_v0,15.0,0.4623715292417698,0.0001,4.623715292417698e-05,True,Cook2019_SI5_gap_junction
AVDR__PVCR,AVDR,PVCR,0,0,soma_compartment_0_v0,2.0,0.18321038381232518,0.0001,1.8321038381232518e-05,True,Cook2019_SI5_gap_junction
AVDR__SIBDL,AVDR,SIBDL,0,0,soma_compartment_0_v0,1.0,0.11559288231044244,0.0001,1.1559288231044245e-05,True,Cook2019_SI5_gap_junction
AVDR__SIADL,AVDR,SIADL,0,0,soma_compartment_0_v0,1.0,0.11559288231044244,0.0001,1.1559288231044245e-05,True,Cook2019_SI5_gap_junction
AVL__PVWR,AVL,PVWR,0,0,soma_compartment_0_v0,3.0,0.2311857646208849,0.0001,2.311857646208849e-05,True,Cook2019_SI5_gap_junction
AVL__AVEL,AVL,AVEL,0,0,soma_compartment_0_v0,1.0,0.11559288231044244,0.0001,1.1559288231044245e-05,True,Cook2019_SI5_gap_junction
AVL__DA09,AVL,DA09,0,0,soma_compartment_0_v0,4.0,0.2683983610056247,0.0001,2.683983610056247e-05,True,Cook2019_SI5_gap_junction
AVL__PDA,AVL,PDA,0,0,soma_compartment_0_v0,3.0,0.2311857646208849,0.0001,2.311857646208849e-05,True,Cook2019_SI5_gap_junction
AVL__DD06,AVL,DD06,0,0,soma_compartment_0_v0,28.0,0.5615480254361476,0.0001,5.615480254361476e-05,True,Cook2019_SI5_gap_junction
AVL__VD11,AVL,VD11,0,0,soma_compartment_0_v0,1.0,0.11559288231044244,0.0001,1.1559288231044245e-05,True,Cook2019_SI5_gap_junction
AVL__VD12,AVL,VD12,0,0,soma_compartment_0_v0,2.0,0.18321038381232518,0.0001,1.8321038381232518e-05,True,Cook2019_SI5_gap_junction
AVL__VD13,AVL,VD13,0,0,soma_compartment_0_v0,5.0,0.2988032661227676,0.0001,2.988032661227676e-05,True,Cook2019_SI5_gap_junction
PVWL__PVWR,PVWL,PVWR,0,0,soma_compartment_0_v0,2.0,0.18321038381232518,0.0001,1.8321038381232518e-05,True,Cook2019_SI5_gap_junction
PVWL__PVCL,PVWL,PVCL,0,0,soma_compartment_0_v0,4.0,0.2683983610056247,0.0001,2.683983610056247e-05,True,Cook2019_SI5_gap_junction
PVWL__PVCR,PVWL,PVCR,0,0,soma_compartment_0_v0,10.0,0.3998856719541645,0.0001,3.998856719541645e-05,True,Cook2019_SI5_gap_junction
PVWL__VD13,PVWL,VD13,0,0,soma_compartment_0_v0,1.0,0.11559288231044244,0.0001,1.1559288231044245e-05,True,Cook2019_SI5_gap_junction
PVWR__AVAR,PVWR,AVAR,0,0,soma_compartment_0_v0,2.0,0.18321038381232518,0.0001,1.8321038381232518e-05,True,Cook2019_SI5_gap_junction
PVWR__PVCR,PVWR,PVCR,0,0,soma_compartment_0_v0,10.0,0.3998856719541645,0.0001,3.998856719541645e-05,True,Cook2019_SI5_gap_junction
PVWR__VD13,PVWR,VD13,0,0,soma_compartment_0_v0,2.0,0.18321038381232518,0.0001,1.8321038381232518e-05,True,Cook2019_SI5_gap_junction
RIAL__SMDVL,RIAL,SMDVL,0,0,soma_compartment_0_v0,4.0,0.2683983610056247,0.0001,2.683983610056247e-05,True,Cook2019_SI5_gap_junction
RIAR__RMDDL,RIAR,RMDDL,0,0,soma_compartment_0_v0,1.0,0.11559288231044244,0.0001,1.1559288231044245e-05,True,Cook2019_SI5_gap_junction
RIAR__RMDDR,RIAR,RMDDR,0,0,soma_compartment_0_v0,1.0,0.11559288231044244,0.0001,1.1559288231044245e-05,True,Cook2019_SI5_gap_junction
RIAR__SMDDL,RIAR,SMDDL,0,0,soma_compartment_0_v0,1.0,0.11559288231044244,0.0001,1.1559288231044245e-05,True,Cook2019_SI5_gap_junction
RIAR__SMDVR,RIAR,SMDVR,0,0,soma_compartment_0_v0,1.0,0.11559288231044244,0.0001,1.1559288231044245e-05,True,Cook2019_SI5_gap_junction
RIAR__SIAVL,RIAR,SIAVL,0,0,soma_compartment_0_v0,1.0,0.11559288231044244,0.0001,1.1559288231044245e-05,True,Cook2019_SI5_gap_junction
RIAR__SIAVR,RIAR,SIAVR,0,0,soma_compartment_0_v0,1.0,0.11559288231044244,0.0001,1.1559288231044245e-05,True,Cook2019_SI5_gap_junction
RIML__AVEL,RIML,AVEL,0,0,soma_compartment_0_v0,10.0,0.3998856719541645,0.0001,3.998856719541645e-05,True,Cook2019_SI5_gap_junction
RIML__AVER,RIML,AVER,0,0,soma_compartment_0_v0,9.0,0.3839912433160672,0.0001,3.839912433160672e-05,True,Cook2019_SI5_gap_junction
RIML__RMFL,RIML,RMFL,0,0,soma_compartment_0_v0,3.0,0.2311857646208849,0.0001,2.311857646208849e-05,True,Cook2019_SI5_gap_junction
RIML__AVAR,RIML,AVAR,0,0,soma_compartment_0_v0,8.0,0.36642076762465037,0.0001,3.6642076762465036e-05,True,Cook2019_SI5_gap_junction
RIML__RMDL,RIML,RMDL,0,0,soma_compartment_0_v0,1.0,0.11559288231044244,0.0001,1.1559288231044245e-05,True,Cook2019_SI5_gap_junction
RIML__SIADL,RIML,SIADL,0,0,soma_compartment_0_v0,1.0,0.11559288231044244,0.0001,1.1559288231044245e-05,True,Cook2019_SI5_gap_junction
RIMR__AVEL,RIMR,AVEL,0,0,soma_compartment_0_v0,7.0,0.3467786469313273,0.0001,3.4677864693132736e-05,True,Cook2019_SI5_gap_junction
RIMR__AVER,RIMR,AVER,0,0,soma_compartment_0_v0,11.0,0.41439614843321004,0.0001,4.1439614843321005e-05,True,Cook2019_SI5_gap_junction
RIMR__AVAL,RIMR,AVAL,0,0,soma_compartment_0_v0,11.0,0.41439614843321004,0.0001,4.1439614843321005e-05,True,Cook2019_SI5_gap_junction
RIMR__AVAR,RIMR,AVAR,0,0,soma_compartment_0_v0,2.0,0.18321038381232518,0.0001,1.8321038381232518e-05,True,Cook2019_SI5_gap_junction
RIMR__SIADR,RIMR,SIADR,0,0,soma_compartment_0_v0,1.0,0.11559288231044244,0.0001,1.1559288231044245e-05,True,Cook2019_SI5_gap_junction
AVEL__AVER,AVEL,AVER,0,0,soma_compartment_0_v0,5.0,0.2988032661227676,0.0001,2.988032661227676e-05,True,Cook2019_SI5_gap_junction
AVEL__AVAL,AVEL,AVAL,0,0,soma_compartment_0_v0,2.0,0.18321038381232518,0.0001,1.8321038381232518e-05,True,Cook2019_SI5_gap_junction
AVEL__RMEV,AVEL,RMEV,0,0,soma_compartment_0_v0,1.0,0.11559288231044244,0.0001,1.1559288231044245e-05,True,Cook2019_SI5_gap_junction
AVEL__RMDVR,AVEL,RMDVR,0,0,soma_compartment_0_v0,2.0,0.18321038381232518,0.0001,1.8321038381232518e-05,True,Cook2019_SI5_gap_junction
AVEL__SMDVR,AVEL,SMDVR,0,0,soma_compartment_0_v0,1.0,0.11559288231044244,0.0001,1.1559288231044245e-05,True,Cook2019_SI5_gap_junction
AVEL__AS01,AVEL,AS01,0,0,soma_compartment_0_v0,2.0,0.18321038381232518,0.0001,1.8321038381232518e-05,True,Cook2019_SI5_gap_junction
AVER__AVAR,AVER,AVAR,0,0,soma_compartment_0_v0,2.0,0.18321038381232518,0.0001,1.8321038381232518e-05,True,Cook2019_SI5_gap_junction
AVER__RMEV,AVER,RMEV,0,0,soma_compartment_0_v0,1.0,0.11559288231044244,0.0001,1.1559288231044245e-05,True,Cook2019_SI5_gap_junction
AVER__RMDDL,AVER,RMDDL,0,0,soma_compartment_0_v0,2.0,0.18321038381232518,0.0001,1.8321038381232518e-05,True,Cook2019_SI5_gap_junction
AVER__RMDR,AVER,RMDR,0,0,soma_compartment_0_v0,5.0,0.2988032661227676,0.0001,2.988032661227676e-05,True,Cook2019_SI5_gap_junction
AVER__RMDVL,AVER,RMDVL,0,0,soma_compartment_0_v0,1.0,0.11559288231044244,0.0001,1.1559288231044245e-05,True,Cook2019_SI5_gap_junction
AVER__RMDVR,AVER,RMDVR,0,0,soma_compartment_0_v0,7.0,0.3467786469313273,0.0001,3.4677864693132736e-05,True,Cook2019_SI5_gap_junction
AVER__SMDDR,AVER,SMDDR,0,0,soma_compartment_0_v0,1.0,0.11559288231044244,0.0001,1.1559288231044245e-05,True,Cook2019_SI5_gap_junction
AVER__DA01,AVER,DA01,0,0,soma_compartment_0_v0,1.0,0.11559288231044244,0.0001,1.1559288231044245e-05,True,Cook2019_SI5_gap_junction
AVER__AS01,AVER,AS01,0,0,soma_compartment_0_v0,1.0,0.11559288231044244,0.0001,1.1559288231044245e-05,True,Cook2019_SI5_gap_junction
RID__AVBL,RID,AVBL,0,0,soma_compartment_0_v0,2.0,0.18321038381232518,0.0001,1.8321038381232518e-05,True,Cook2019_SI5_gap_junction
RID__AVBR,RID,AVBR,0,0,soma_compartment_0_v0,7.0,0.3467786469313273,0.0001,3.4677864693132736e-05,True,Cook2019_SI5_gap_junction
RID__DA09,RID,DA09,0,0,soma_compartment_0_v0,1.0,0.11559288231044244,0.0001,1.1559288231044245e-05,True,Cook2019_SI5_gap_junction
RID__DB01,RID,DB01,0,0,soma_compartment_0_v0,2.0,0.18321038381232518,0.0001,1.8321038381232518e-05,True,Cook2019_SI5_gap_junction
RID__DB03,RID,DB03,0,0,soma_compartment_0_v0,1.0,0.11559288231044244,0.0001,1.1559288231044245e-05,True,Cook2019_SI5_gap_junction
RID__AS11,RID,AS11,0,0,soma_compartment_0_v0,1.0,0.11559288231044244,0.0001,1.1559288231044245e-05,True,Cook2019_SI5_gap_junction
RID__PDB,RID,PDB,0,0,soma_compartment_0_v0,2.0,0.18321038381232518,0.0001,1.8321038381232518e-05,True,Cook2019_SI5_gap_junction
AVBL__AVBR,AVBL,AVBR,0,0,soma_compartment_0_v0,18.0,0.49103018512477475,0.0001,4.910301851247748e-05,True,Cook2019_SI5_gap_junction
AVBL__AVAR,AVBL,AVAR,0,0,soma_compartment_0_v0,3.0,0.2311857646208849,0.0001,2.311857646208849e-05,True,Cook2019_SI5_gap_junction
AVBL__SIBVL,AVBL,SIBVL,0,0,soma_compartment_0_v0,2.0,0.18321038381232518,0.0001,1.8321038381232518e-05,True,Cook2019_SI5_gap_junction
AVBL__DB03,AVBL,DB03,0,0,soma_compartment_0_v0,9.0,0.3839912433160672,0.0001,3.839912433160672e-05,True,Cook2019_SI5_gap_junction
AVBL__DB04,AVBL,DB04,0,0,soma_compartment_0_v0,4.0,0.2683983610056247,0.0001,2.683983610056247e-05,True,Cook2019_SI5_gap_junction
AVBL__DB05,AVBL,DB05,0,0,soma_compartment_0_v0,3.0,0.2311857646208849,0.0001,2.311857646208849e-05,True,Cook2019_SI5_gap_junction
AVBL__DB06,AVBL,DB06,0,0,soma_compartment_0_v0,4.0,0.2683983610056247,0.0001,2.683983610056247e-05,True,Cook2019_SI5_gap_junction
AVBL__DB07,AVBL,DB07,0,0,soma_compartment_0_v0,13.0,0.44010312941948837,0.0001,4.401031294194884e-05,True,Cook2019_SI5_gap_junction
AVBL__AS06,AVBL,AS06,0,0,soma_compartment_0_v0,1.0,0.11559288231044244,0.0001,1.1559288231044245e-05,True,Cook2019_SI5_gap_junction
AVBL__VB01,AVBL,VB01,0,0,soma_compartment_0_v0,1.0,0.11559288231044244,0.0001,1.1559288231044245e-05,True,Cook2019_SI5_gap_junction
AVBL__VB02,AVBL,VB02,0,0,soma_compartment_0_v0,14.0,0.4516087448179499,0.0001,4.516087448179499e-05,True,Cook2019_SI5_gap_junction
AVBL__VB04,AVBL,VB04,0,0,soma_compartment_0_v0,3.0,0.2311857646208849,0.0001,2.311857646208849e-05,True,Cook2019_SI5_gap_junction
AVBL__VB05,AVBL,VB05,0,0,soma_compartment_0_v0,3.0,0.2311857646208849,0.0001,2.311857646208849e-05,True,Cook2019_SI5_gap_junction
AVBL__VB06,AVBL,VB06,0,0,soma_compartment_0_v0,3.0,0.2311857646208849,0.0001,2.311857646208849e-05,True,Cook2019_SI5_gap_junction
AVBL__VB07,AVBL,VB07,0,0,soma_compartment_0_v0,4.0,0.2683983610056247,0.0001,2.683983610056247e-05,True,Cook2019_SI5_gap_junction
AVBL__VB08,AVBL,VB08,0,0,soma_compartment_0_v0,4.0,0.2683983610056247,0.0001,2.683983610056247e-05,True,Cook2019_SI5_gap_junction
AVBL__VB09,AVBL,VB09,0,0,soma_compartment_0_v0,4.0,0.2683983610056247,0.0001,2.683983610056247e-05,True,Cook2019_SI5_gap_junction
AVBL__VB10,AVBL,VB10,0,0,soma_compartment_0_v0,4.0,0.2683983610056247,0.0001,2.683983610056247e-05,True,Cook2019_SI5_gap_junction
AVBL__VB11,AVBL,VB11,0,0,soma_compartment_0_v0,5.0,0.2988032661227676,0.0001,2.988032661227676e-05,True,Cook2019_SI5_gap_junction
AVBR__SIBVL,AVBR,SIBVL,0,0,soma_compartment_0_v0,4.0,0.2683983610056247,0.0001,2.683983610056247e-05,True,Cook2019_SI5_gap_junction
AVBR__SIBVR,AVBR,SIBVR,0,0,soma_compartment_0_v0,1.0,0.11559288231044244,0.0001,1.1559288231044245e-05,True,Cook2019_SI5_gap_junction
AVBR__DB01,AVBR,DB01,0,0,soma_compartment_0_v0,15.0,0.4623715292417698,0.0001,4.623715292417698e-05,True,Cook2019_SI5_gap_junction
AVBR__DB02,AVBR,DB02,0,0,soma_compartment_0_v0,3.0,0.2311857646208849,0.0001,2.311857646208849e-05,True,Cook2019_SI5_gap_junction
AVBR__DB03,AVBR,DB03,0,0,soma_compartment_0_v0,2.0,0.18321038381232518,0.0001,1.8321038381232518e-05,True,Cook2019_SI5_gap_junction
AVBR__DB04,AVBR,DB04,0,0,soma_compartment_0_v0,5.0,0.2988032661227676,0.0001,2.988032661227676e-05,True,Cook2019_SI5_gap_junction
AVBR__DB05,AVBR,DB05,0,0,soma_compartment_0_v0,4.0,0.2683983610056247,0.0001,2.683983610056247e-05,True,Cook2019_SI5_gap_junction
AVBR__DB06,AVBR,DB06,0,0,soma_compartment_0_v0,4.0,0.2683983610056247,0.0001,2.683983610056247e-05,True,Cook2019_SI5_gap_junction
AVBR__DB07,AVBR,DB07,0,0,soma_compartment_0_v0,3.0,0.2311857646208849,0.0001,2.311857646208849e-05,True,Cook2019_SI5_gap_junction
AVBR__AS05,AVBR,AS05,0,0,soma_compartment_0_v0,2.0,0.18321038381232518,0.0001,1.8321038381232518e-05,True,Cook2019_SI5_gap_junction
AVBR__AS06,AVBR,AS06,0,0,soma_compartment_0_v0,1.0,0.11559288231044244,0.0001,1.1559288231044245e-05,True,Cook2019_SI5_gap_junction
AVBR__VB02,AVBR,VB02,0,0,soma_compartment_0_v0,6.0,0.32451024710904597,0.0001,3.24510247109046e-05,True,Cook2019_SI5_gap_junction
AVBR__VB03,AVBR,VB03,0,0,soma_compartment_0_v0,7.0,0.3467786469313273,0.0001,3.4677864693132736e-05,True,Cook2019_SI5_gap_junction
AVBR__VB04,AVBR,VB04,0,0,soma_compartment_0_v0,5.0,0.2988032661227676,0.0001,2.988032661227676e-05,True,Cook2019_SI5_gap_junction
AVBR__VB05,AVBR,VB05,0,0,soma_compartment_0_v0,3.0,0.2311857646208849,0.0001,2.311857646208849e-05,True,Cook2019_SI5_gap_junction
AVBR__VB06,AVBR,VB06,0,0,soma_compartment_0_v0,4.0,0.2683983610056247,0.0001,2.683983610056247e-05,True,Cook2019_SI5_gap_junction
AVBR__VB07,AVBR,VB07,0,0,soma_compartment_0_v0,3.0,0.2311857646208849,0.0001,2.311857646208849e-05,True,Cook2019_SI5_gap_junction
AVBR__VB08,AVBR,VB08,0,0,soma_compartment_0_v0,4.0,0.2683983610056247,0.0001,2.683983610056247e-05,True,Cook2019_SI5_gap_junction
AVBR__VB09,AVBR,VB09,0,0,soma_compartment_0_v0,4.0,0.2683983610056247,0.0001,2.683983610056247e-05,True,Cook2019_SI5_gap_junction
AVBR__VB11,AVBR,VB11,0,0,soma_compartment_0_v0,6.0,0.32451024710904597,0.0001,3.24510247109046e-05,True,Cook2019_SI5_gap_junction
AVAL__AVAR,AVAL,AVAR,0,0,soma_compartment_0_v0,18.0,0.49103018512477475,0.0001,4.910301851247748e-05,True,Cook2019_SI5_gap_junction
AVAL__PVCL,AVAL,PVCL,0,0,soma_compartment_0_v0,5.0,0.2988032661227676,0.0001,2.988032661227676e-05,True,Cook2019_SI5_gap_junction
AVAL__PVCR,AVAL,PVCR,0,0,soma_compartment_0_v0,15.0,0.4623715292417698,0.0001,4.623715292417698e-05,True,Cook2019_SI5_gap_junction
AVAL__SABD,AVAL,SABD,0,0,soma_compartment_0_v0,7.0,0.3467786469313273,0.0001,3.4677864693132736e-05,True,Cook2019_SI5_gap_junction
AVAL__SABVR,AVAL,SABVR,0,0,soma_compartment_0_v0,8.0,0.36642076762465037,0.0001,3.6642076762465036e-05,True,Cook2019_SI5_gap_junction
AVAL__DA01,AVAL,DA01,0,0,soma_compartment_0_v0,2.0,0.18321038381232518,0.0001,1.8321038381232518e-05,True,Cook2019_SI5_gap_junction
AVAL__DA02,AVAL,DA02,0,0,soma_compartment_0_v0,7.0,0.3467786469313273,0.0001,3.4677864693132736e-05,True,Cook2019_SI5_gap_junction
AVAL__DA03,AVAL,DA03,0,0,soma_compartment_0_v0,6.0,0.32451024710904597,0.0001,3.24510247109046e-05,True,Cook2019_SI5_gap_junction
AVAL__DA04,AVAL,DA04,0,0,soma_compartment_0_v0,2.0,0.18321038381232518,0.0001,1.8321038381232518e-05,True,Cook2019_SI5_gap_junction
AVAL__DA05,AVAL,DA05,0,0,soma_compartment_0_v0,2.0,0.18321038381232518,0.0001,1.8321038381232518e-05,True,Cook2019_SI5_gap_junction
AVAL__DA06,AVAL,DA06,0,0,soma_compartment_0_v0,4.0,0.2683983610056247,0.0001,2.683983610056247e-05,True,Cook2019_SI5_gap_junction
AVAL__DA07,AVAL,DA07,0,0,soma_compartment_0_v0,10.0,0.3998856719541645,0.0001,3.998856719541645e-05,True,Cook2019_SI5_gap_junction
AVAL__DA08,AVAL,DA08,0,0,soma_compartment_0_v0,8.0,0.36642076762465037,0.0001,3.6642076762465036e-05,True,Cook2019_SI5_gap_junction
AVAL__DA09,AVAL,DA09,0,0,soma_compartment_0_v0,1.0,0.11559288231044244,0.0001,1.1559288231044245e-05,True,Cook2019_SI5_gap_junction
AVAL__AS10,AVAL,AS10,0,0,soma_compartment_0_v0,5.0,0.2988032661227676,0.0001,2.988032661227676e-05,True,Cook2019_SI5_gap_junction
AVAL__VA01,AVAL,VA01,0,0,soma_compartment_0_v0,5.0,0.2988032661227676,0.0001,2.988032661227676e-05,True,Cook2019_SI5_gap_junction
AVAL__VA02,AVAL,VA02,0,0,soma_compartment_0_v0,13.0,0.44010312941948837,0.0001,4.401031294194884e-05,True,Cook2019_SI5_gap_junction
AVAL__VA03,AVAL,VA03,0,0,soma_compartment_0_v0,6.0,0.32451024710904597,0.0001,3.24510247109046e-05,True,Cook2019_SI5_gap_junction
AVAL__VA04,AVAL,VA04,0,0,soma_compartment_0_v0,6.0,0.32451024710904597,0.0001,3.24510247109046e-05,True,Cook2019_SI5_gap_junction
AVAL__VA06,AVAL,VA06,0,0,soma_compartment_0_v0,13.0,0.44010312941948837,0.0001,4.401031294194884e-05,True,Cook2019_SI5_gap_junction
AVAL__VA07,AVAL,VA07,0,0,soma_compartment_0_v0,2.0,0.18321038381232518,0.0001,1.8321038381232518e-05,True,Cook2019_SI5_gap_junction
AVAL__VA08,AVAL,VA08,0,0,soma_compartment_0_v0,2.0,0.18321038381232518,0.0001,1.8321038381232518e-05,True,Cook2019_SI5_gap_junction
AVAL__VA09,AVAL,VA09,0,0,soma_compartment_0_v0,5.0,0.2988032661227676,0.0001,2.988032661227676e-05,True,Cook2019_SI5_gap_junction
AVAL__VA10,AVAL,VA10,0,0,soma_compartment_0_v0,6.0,0.32451024710904597,0.0001,3.24510247109046e-05,True,Cook2019_SI5_gap_junction
AVAL__VA11,AVAL,VA11,0,0,soma_compartment_0_v0,2.0,0.18321038381232518,0.0001,1.8321038381232518e-05,True,Cook2019_SI5_gap_junction
AVAL__VB11,AVAL,VB11,0,0,soma_compartment_0_v0,2.0,0.18321038381232518,0.0001,1.8321038381232518e-05,True,Cook2019_SI5_gap_junction
AVAR__PVCL,AVAR,PVCL,0,0,soma_compartment_0_v0,10.0,0.3998856719541645,0.0001,3.998856719541645e-05,True,Cook2019_SI5_gap_junction
AVAR__PVCR,AVAR,PVCR,0,0,soma_compartment_0_v0,22.0,0.5228915648104931,0.0001,5.228915648104932e-05,True,Cook2019_SI5_gap_junction
AVAR__RMDR,AVAR,RMDR,0,0,soma_compartment_0_v0,2.0,0.18321038381232518,0.0001,1.8321038381232518e-05,True,Cook2019_SI5_gap_junction
AVAR__RMDVR,AVAR,RMDVR,0,0,soma_compartment_0_v0,1.0,0.11559288231044244,0.0001,1.1559288231044245e-05,True,Cook2019_SI5_gap_junction
AVAR__SABVL,AVAR,SABVL,0,0,soma_compartment_0_v0,15.0,0.4623715292417698,0.0001,4.623715292417698e-05,True,Cook2019_SI5_gap_junction
AVAR__SABVR,AVAR,SABVR,0,0,soma_compartment_0_v0,2.0,0.18321038381232518,0.0001,1.8321038381232518e-05,True,Cook2019_SI5_gap_junction
AVAR__SIBDL,AVAR,SIBDL,0,0,soma_compartment_0_v0,1.0,0.11559288231044244,0.0001,1.1559288231044245e-05,True,Cook2019_SI5_gap_junction
AVAR__DA01,AVAR,DA01,0,0,soma_compartment_0_v0,9.0,0.3839912433160672,0.0001,3.839912433160672e-05,True,Cook2019_SI5_gap_junction
AVAR__DA02,AVAR,DA02,0,0,soma_compartment_0_v0,3.0,0.2311857646208849,0.0001,2.311857646208849e-05,True,Cook2019_SI5_gap_junction
AVAR__DA03,AVAR,DA03,0,0,soma_compartment_0_v0,7.0,0.3467786469313273,0.0001,3.4677864693132736e-05,True,Cook2019_SI5_gap_junction
AVAR__DA04,AVAR,DA04,0,0,soma_compartment_0_v0,2.0,0.18321038381232518,0.0001,1.8321038381232518e-05,True,Cook2019_SI5_gap_junction
AVAR__DA05,AVAR,DA05,0,0,soma_compartment_0_v0,5.0,0.2988032661227676,0.0001,2.988032661227676e-05,True,Cook2019_SI5_gap_junction
AVAR__DA06,AVAR,DA06,0,0,soma_compartment_0_v0,4.0,0.2683983610056247,0.0001,2.683983610056247e-05,True,Cook2019_SI5_gap_junction
AVAR__DA08,AVAR,DA08,0,0,soma_compartment_0_v0,5.0,0.2988032661227676,0.0001,2.988032661227676e-05,True,Cook2019_SI5_gap_junction
AVAR__DA09,AVAR,DA09,0,0,soma_compartment_0_v0,4.0,0.2683983610056247,0.0001,2.683983610056247e-05,True,Cook2019_SI5_gap_junction
AVAR__AS03,AVAR,AS03,0,0,soma_compartment_0_v0,1.0,0.11559288231044244,0.0001,1.1559288231044245e-05,True,Cook2019_SI5_gap_junction
AVAR__AS05,AVAR,AS05,0,0,soma_compartment_0_v0,3.0,0.2311857646208849,0.0001,2.311857646208849e-05,True,Cook2019_SI5_gap_junction
AVAR__AS06,AVAR,AS06,0,0,soma_compartment_0_v0,2.0,0.18321038381232518,0.0001,1.8321038381232518e-05,True,Cook2019_SI5_gap_junction
AVAR__AS10,AVAR,AS10,0,0,soma_compartment_0_v0,2.0,0.18321038381232518,0.0001,1.8321038381232518e-05,True,Cook2019_SI5_gap_junction
AVAR__VA01,AVAR,VA01,0,0,soma_compartment_0_v0,7.0,0.3467786469313273,0.0001,3.4677864693132736e-05,True,Cook2019_SI5_gap_junction
AVAR__VA03,AVAR,VA03,0,0,soma_compartment_0_v0,3.0,0.2311857646208849,0.0001,2.311857646208849e-05,True,Cook2019_SI5_gap_junction
AVAR__VA04,AVAR,VA04,0,0,soma_compartment_0_v0,3.0,0.2311857646208849,0.0001,2.311857646208849e-05,True,Cook2019_SI5_gap_junction
AVAR__VA05,AVAR,VA05,0,0,soma_compartment_0_v0,5.0,0.2988032661227676,0.0001,2.988032661227676e-05,True,Cook2019_SI5_gap_junction
AVAR__VA07,AVAR,VA07,0,0,soma_compartment_0_v0,5.0,0.2988032661227676,0.0001,2.988032661227676e-05,True,Cook2019_SI5_gap_junction
AVAR__VA08,AVAR,VA08,0,0,soma_compartment_0_v0,2.0,0.18321038381232518,0.0001,1.8321038381232518e-05,True,Cook2019_SI5_gap_junction
AVAR__VA09,AVAR,VA09,0,0,soma_compartment_0_v0,5.0,0.2988032661227676,0.0001,2.988032661227676e-05,True,Cook2019_SI5_gap_junction
AVAR__VA10,AVAR,VA10,0,0,soma_compartment_0_v0,4.0,0.2683983610056247,0.0001,2.683983610056247e-05,True,Cook2019_SI5_gap_junction
AVAR__VA11,AVAR,VA11,0,0,soma_compartment_0_v0,16.0,0.4724816111569572,0.0001,4.724816111569572e-05,True,Cook2019_SI5_gap_junction
AVAR__VA12,AVAR,VA12,0,0,soma_compartment_0_v0,3.0,0.2311857646208849,0.0001,2.311857646208849e-05,True,Cook2019_SI5_gap_junction
AVAR__VD11,AVAR,VD11,0,0,soma_compartment_0_v0,1.0,0.11559288231044244,0.0001,1.1559288231044245e-05,True,Cook2019_SI5_gap_junction
PVCL__PVCR,PVCL,PVCR,0,0,soma_compartment_0_v0,67.0,0.7036673757778421,0.0001,7.036673757778422e-05,True,Cook2019_SI5_gap_junction
PVCL__DA04,PVCL,DA04,0,0,soma_compartment_0_v0,1.0,0.11559288231044244,0.0001,1.1559288231044245e-05,True,Cook2019_SI5_gap_junction
PVCL__DA07,PVCL,DA07,0,0,soma_compartment_0_v0,1.0,0.11559288231044244,0.0001,1.1559288231044245e-05,True,Cook2019_SI5_gap_junction
PVCL__DA08,PVCL,DA08,0,0,soma_compartment_0_v0,17.0,0.4820136499350927,0.0001,4.8201364993509275e-05,True,Cook2019_SI5_gap_junction
PVCL__DB07,PVCL,DB07,0,0,soma_compartment_0_v0,8.0,0.36642076762465037,0.0001,3.6642076762465036e-05,True,Cook2019_SI5_gap_junction
PVCL__DD06,PVCL,DD06,0,0,soma_compartment_0_v0,1.0,0.11559288231044244,0.0001,1.1559288231044245e-05,True,Cook2019_SI5_gap_junction
PVCL__VA12,PVCL,VA12,0,0,soma_compartment_0_v0,18.0,0.49103018512477475,0.0001,4.910301851247748e-05,True,Cook2019_SI5_gap_junction
PVCL__VB10,PVCL,VB10,0,0,soma_compartment_0_v0,2.0,0.18321038381232518,0.0001,1.8321038381232518e-05,True,Cook2019_SI5_gap_junction
PVCL__VB11,PVCL,VB11,0,0,soma_compartment_0_v0,4.0,0.2683983610056247,0.0001,2.683983610056247e-05,True,Cook2019_SI5_gap_junction
PVCL__VD13,PVCL,VD13,0,0,soma_compartment_0_v0,1.0,0.11559288231044244,0.0001,1.1559288231044245e-05,True,Cook2019_SI5_gap_junction
PVCR__SIBDR,PVCR,SIBDR,0,0,soma_compartment_0_v0,1.0,0.11559288231044244,0.0001,1.1559288231044245e-05,True,Cook2019_SI5_gap_junction
PVCR__SIBVL,PVCR,SIBVL,0,0,soma_compartment_0_v0,1.0,0.11559288231044244,0.0001,1.1559288231044245e-05,True,Cook2019_SI5_gap_junction
PVCR__SIBVR,PVCR,SIBVR,0,0,soma_compartment_0_v0,1.0,0.11559288231044244,0.0001,1.1559288231044245e-05,True,Cook2019_SI5_gap_junction
PVCR__DA07,PVCR,DA07,0,0,soma_compartment_0_v0,3.0,0.2311857646208849,0.0001,2.311857646208849e-05,True,Cook2019_SI5_gap_junction
PVCR__DA09,PVCR,DA09,0,0,soma_compartment_0_v0,3.0,0.2311857646208849,0.0001,2.311857646208849e-05,True,Cook2019_SI5_gap_junction
PVCR__DB07,PVCR,DB07,0,0,soma_compartment_0_v0,2.0,0.18321038381232518,0.0001,1.8321038381232518e-05,True,Cook2019_SI5_gap_junction
PVCR__VA09,PVCR,VA09,0,0,soma_compartment_0_v0,3.0,0.2311857646208849,0.0001,2.311857646208849e-05,True,Cook2019_SI5_gap_junction
PVCR__VA11,PVCR,VA11,0,0,soma_compartment_0_v0,3.0,0.2311857646208849,0.0001,2.311857646208849e-05,True,Cook2019_SI5_gap_junction
PVCR__VA12,PVCR,VA12,0,0,soma_compartment_0_v0,8.0,0.36642076762465037,0.0001,3.6642076762465036e-05,True,Cook2019_SI5_gap_junction
PVCR__VB10,PVCR,VB10,0,0,soma_compartment_0_v0,1.0,0.11559288231044244,0.0001,1.1559288231044245e-05,True,Cook2019_SI5_gap_junction
PVCR__VB11,PVCR,VB11,0,0,soma_compartment_0_v0,2.0,0.18321038381232518,0.0001,1.8321038381232518e-05,True,Cook2019_SI5_gap_junction
RIPL__RIPR,RIPL,RIPR,0,0,soma_compartment_0_v0,2.0,0.18321038381232518,0.0001,1.8321038381232518e-05,True,Cook2019_SI5_gap_junction
RIPL__URAVL,RIPL,URAVL,0,0,soma_compartment_0_v0,1.0,0.11559288231044244,0.0001,1.1559288231044245e-05,True,Cook2019_SI5_gap_junction
RIPL__RMED,RIPL,RMED,0,0,soma_compartment_0_v0,2.0,0.18321038381232518,0.0001,1.8321038381232518e-05,True,Cook2019_SI5_gap_junction
RIPR__RMED,RIPR,RMED,0,0,soma_compartment_0_v0,4.0,0.2683983610056247,0.0001,2.683983610056247e-05,True,Cook2019_SI5_gap_junction
RMEL__RMEV,RMEL,RMEV,0,0,soma_compartment_0_v0,4.0,0.2683983610056247,0.0001,2.683983610056247e-05,True,Cook2019_SI5_gap_junction
RMER__RMEV,RMER,RMEV,0,0,soma_compartment_0_v0,1.0,0.11559288231044244,0.0001,1.1559288231044245e-05,True,Cook2019_SI5_gap_junction
RMER__RMDL,RMER,RMDL,0,0,soma_compartment_0_v0,1.0,0.11559288231044244,0.0001,1.1559288231044245e-05,True,Cook2019_SI5_gap_junction
RMED__RMEV,RMED,RMEV,0,0,soma_compartment_0_v0,6.0,0.32451024710904597,0.0001,3.24510247109046e-05,True,Cook2019_SI5_gap_junction
RMEV__SMDVL,RMEV,SMDVL,0,0,soma_compartment_0_v0,1.0,0.11559288231044244,0.0001,1.1559288231044245e-05,True,Cook2019_SI5_gap_junction
RMDDL__RMDL,RMDDL,RMDL,0,0,soma_compartment_0_v0,1.0,0.11559288231044244,0.0001,1.1559288231044245e-05,True,Cook2019_SI5_gap_junction
RMDDL__RMDVL,RMDDL,RMDVL,0,0,soma_compartment_0_v0,2.0,0.18321038381232518,0.0001,1.8321038381232518e-05,True,Cook2019_SI5_gap_junction
RMDDL__SMDDL,RMDDL,SMDDL,0,0,soma_compartment_0_v0,3.0,0.2311857646208849,0.0001,2.311857646208849e-05,True,Cook2019_SI5_gap_junction
RMDDL__SIBVR,RMDDL,SIBVR,0,0,soma_compartment_0_v0,2.0,0.18321038381232518,0.0001,1.8321038381232518e-05,True,Cook2019_SI5_gap_junction
RMDDR__RMDL,RMDDR,RMDL,0,0,soma_compartment_0_v0,1.0,0.11559288231044244,0.0001,1.1559288231044245e-05,True,Cook2019_SI5_gap_junction
RMDDR__RMDVR,RMDDR,RMDVR,0,0,soma_compartment_0_v0,5.0,0.2988032661227676,0.0001,2.988032661227676e-05,True,Cook2019_SI5_gap_junction
RMDDR__SMDDR,RMDDR,SMDDR,0,0,soma_compartment_0_v0,1.0,0.11559288231044244,0.0001,1.1559288231044245e-05,True,Cook2019_SI5_gap_junction
RMDDR__SIADL,RMDDR,SIADL,0,0,soma_compartment_0_v0,1.0,0.11559288231044244,0.0001,1.1559288231044245e-05,True,Cook2019_SI5_gap_junction
RMDL__RMDVL,RMDL,RMDVL,0,0,soma_compartment_0_v0,1.0,0.11559288231044244,0.0001,1.1559288231044245e-05,True,Cook2019_SI5_gap_junction
RMDL__SMDDL,RMDL,SMDDL,0,0,soma_compartment_0_v0,2.0,0.18321038381232518,0.0001,1.8321038381232518e-05,True,Cook2019_SI5_gap_junction
RMDL__SIBVL,RMDL,SIBVL,0,0,soma_compartment_0_v0,2.0,0.18321038381232518,0.0001,1.8321038381232518e-05,True,Cook2019_SI5_gap_junction
RMDL__SIAVR,RMDL,SIAVR,0,0,soma_compartment_0_v0,1.0,0.11559288231044244,0.0001,1.1559288231044245e-05,True,Cook2019_SI5_gap_junction
RMDR__RMDVR,RMDR,RMDVR,0,0,soma_compartment_0_v0,1.0,0.11559288231044244,0.0001,1.1559288231044245e-05,True,Cook2019_SI5_gap_junction
RMDVL__SMDVL,RMDVL,SMDVL,0,0,soma_compartment_0_v0,5.0,0.2988032661227676,0.0001,2.988032661227676e-05,True,Cook2019_SI5_gap_junction
RMDVL__SIBVR,RMDVL,SIBVR,0,0,soma_compartment_0_v0,1.0,0.11559288231044244,0.0001,1.1559288231044245e-05,True,Cook2019_SI5_gap_junction
RMDVL__SIAVR,RMDVL,SIAVR,0,0,soma_compartment_0_v0,1.0,0.11559288231044244,0.0001,1.1559288231044245e-05,True,Cook2019_SI5_gap_junction
RMDVR__SMDVR,RMDVR,SMDVR,0,0,soma_compartment_0_v0,8.0,0.36642076762465037,0.0001,3.6642076762465036e-05,True,Cook2019_SI5_gap_junction
RMDVR__SIAVL,RMDVR,SIAVL,0,0,soma_compartment_0_v0,1.0,0.11559288231044244,0.0001,1.1559288231044245e-05,True,Cook2019_SI5_gap_junction
RIVL__RIVR,RIVL,RIVR,0,0,soma_compartment_0_v0,28.0,0.5615480254361476,0.0001,5.615480254361476e-05,True,Cook2019_SI5_gap_junction
RIVL__SMDVL,RIVL,SMDVL,0,0,soma_compartment_0_v0,2.0,0.18321038381232518,0.0001,1.8321038381232518e-05,True,Cook2019_SI5_gap_junction
RIVL__SIBDR,RIVL,SIBDR,0,0,soma_compartment_0_v0,1.0,0.11559288231044244,0.0001,1.1559288231044245e-05,True,Cook2019_SI5_gap_junction
RIVR__SMDVR,RIVR,SMDVR,0,0,soma_compartment_0_v0,8.0,0.36642076762465037,0.0001,3.6642076762465036e-05,True,Cook2019_SI5_gap_junction
RMHL__SMDDL,RMHL,SMDDL,0,0,soma_compartment_0_v0,1.0,0.11559288231044244,0.0001,1.1559288231044245e-05,True,Cook2019_SI5_gap_junction
RMHL__SIBVR,RMHL,SIBVR,0,0,soma_compartment_0_v0,3.0,0.2311857646208849,0.0001,2.311857646208849e-05,True,Cook2019_SI5_gap_junction
SABD__VA02,SABD,VA02,0,0,soma_compartment_0_v0,12.0,0.4277444928359701,0.0001,4.2774449283597014e-05,True,Cook2019_SI5_gap_junction
SABD__VA03,SABD,VA03,0,0,soma_compartment_0_v0,2.0,0.18321038381232518,0.0001,1.8321038381232518e-05,True,Cook2019_SI5_gap_junction
SABD__VB01,SABD,VB01,0,0,soma_compartment_0_v0,3.0,0.2311857646208849,0.0001,2.311857646208849e-05,True,Cook2019_SI5_gap_junction
SABVR__DA01,SABVR,DA01,0,0,soma_compartment_0_v0,1.0,0.11559288231044244,0.0001,1.1559288231044245e-05,True,Cook2019_SI5_gap_junction
SABVR__DD01,SABVR,DD01,0,0,soma_compartment_0_v0,1.0,0.11559288231044244,0.0001,1.1559288231044245e-05,True,Cook2019_SI5_gap_junction
SMDDL__SIBDL,SMDDL,SIBDL,0,0,soma_compartment_0_v0,3.0,0.2311857646208849,0.0001,2.311857646208849e-05,True,Cook2019_SI5_gap_junction
SMDDR__SMDVL,SMDDR,SMDVL,0,0,soma_compartment_0_v0,1.0,0.11559288231044244,0.0001,1.1559288231044245e-05,True,Cook2019_SI5_gap_junction
SMDDR__SMBDR,SMDDR,SMBDR,0,0,soma_compartment_0_v0,1.0,0.11559288231044244,0.0001,1.1559288231044245e-05,True,Cook2019_SI5_gap_junction
SMDDR__SIADR,SMDDR,SIADR,0,0,soma_compartment_0_v0,1.0,0.11559288231044244,0.0001,1.1559288231044245e-05,True,Cook2019_SI5_gap_junction
SMDDR__VD01,SMDDR,VD01,0,0,soma_compartment_0_v0,5.0,0.2988032661227676,0.0001,2.988032661227676e-05,True,Cook2019_SI5_gap_junction
SMDVL__VB01,SMDVL,VB01,0,0,soma_compartment_0_v0,6.0,0.32451024710904597,0.0001,3.24510247109046e-05,True,Cook2019_SI5_gap_junction
SMBDL__SIBDL,SMBDL,SIBDL,0,0,soma_compartment_0_v0,1.0,0.11559288231044244,0.0001,1.1559288231044245e-05,True,Cook2019_SI5_gap_junction
SMBDL__SIBVR,SMBDL,SIBVR,0,0,soma_compartment_0_v0,1.0,0.11559288231044244,0.0001,1.1559288231044245e-05,True,Cook2019_SI5_gap_junction
SMBDL__SIADL,SMBDL,SIADL,0,0,soma_compartment_0_v0,2.0,0.18321038381232518,0.0001,1.8321038381232518e-05,True,Cook2019_SI5_gap_junction
SMBDR__SMBVR,SMBDR,SMBVR,0,0,soma_compartment_0_v0,2.0,0.18321038381232518,0.0001,1.8321038381232518e-05,True,Cook2019_SI5_gap_junction
SMBDR__SIADR,SMBDR,SIADR,0,0,soma_compartment_0_v0,3.0,0.2311857646208849,0.0001,2.311857646208849e-05,True,Cook2019_SI5_gap_junction
SMBVL__SIBDL,SMBVL,SIBDL,0,0,soma_compartment_0_v0,3.0,0.2311857646208849,0.0001,2.311857646208849e-05,True,Cook2019_SI5_gap_junction
SMBVL__SIBVL,SMBVL,SIBVL,0,0,soma_compartment_0_v0,2.0,0.18321038381232518,0.0001,1.8321038381232518e-05,True,Cook2019_SI5_gap_junction
SMBVR__SIBDR,SMBVR,SIBDR,0,0,soma_compartment_0_v0,1.0,0.11559288231044244,0.0001,1.1559288231044245e-05,True,Cook2019_SI5_gap_junction
SIBDL__SIBVL,SIBDL,SIBVL,0,0,soma_compartment_0_v0,8.0,0.36642076762465037,0.0001,3.6642076762465036e-05,True,Cook2019_SI5_gap_junction
SIBDL__SIAVL,SIBDL,SIAVL,0,0,soma_compartment_0_v0,2.0,0.18321038381232518,0.0001,1.8321038381232518e-05,True,Cook2019_SI5_gap_junction
SIBDR__SIBVR,SIBDR,SIBVR,0,0,soma_compartment_0_v0,10.0,0.3998856719541645,0.0001,3.998856719541645e-05,True,Cook2019_SI5_gap_junction
SIBVL__SIBVR,SIBVL,SIBVR,0,0,soma_compartment_0_v0,1.0,0.11559288231044244,0.0001,1.1559288231044245e-05,True,Cook2019_SI5_gap_junction
SIBVL__SIAVL,SIBVL,SIAVL,0,0,soma_compartment_0_v0,2.0,0.18321038381232518,0.0001,1.8321038381232518e-05,True,Cook2019_SI5_gap_junction
DA01__DA02,DA01,DA02,0,0,soma_compartment_0_v0,1.0,0.11559288231044244,0.0001,1.1559288231044245e-05,True,Cook2019_SI5_gap_junction
DA02__DA05,DA02,DA05,0,0,soma_compartment_0_v0,1.0,0.11559288231044244,0.0001,1.1559288231044245e-05,True,Cook2019_SI5_gap_junction
DA02__AS02,DA02,AS02,0,0,soma_compartment_0_v0,2.0,0.18321038381232518,0.0001,1.8321038381232518e-05,True,Cook2019_SI5_gap_junction
DA02__AS03,DA02,AS03,0,0,soma_compartment_0_v0,1.0,0.11559288231044244,0.0001,1.1559288231044245e-05,True,Cook2019_SI5_gap_junction
DA02__VA01,DA02,VA01,0,0,soma_compartment_0_v0,9.0,0.3839912433160672,0.0001,3.839912433160672e-05,True,Cook2019_SI5_gap_junction
DA02__VA05,DA02,VA05,0,0,soma_compartment_0_v0,3.0,0.2311857646208849,0.0001,2.311857646208849e-05,True,Cook2019_SI5_gap_junction
DA03__DA04,DA03,DA04,0,0,soma_compartment_0_v0,1.0,0.11559288231044244,0.0001,1.1559288231044245e-05,True,Cook2019_SI5_gap_junction
DA03__DA05,DA03,DA05,0,0,soma_compartment_0_v0,1.0,0.11559288231044244,0.0001,1.1559288231044245e-05,True,Cook2019_SI5_gap_junction
DA03__AS04,DA03,AS04,0,0,soma_compartment_0_v0,4.0,0.2683983610056247,0.0001,2.683983610056247e-05,True,Cook2019_SI5_gap_junction
DA03__VA02,DA03,VA02,0,0,soma_compartment_0_v0,1.0,0.11559288231044244,0.0001,1.1559288231044245e-05,True,Cook2019_SI5_gap_junction
DA03__VA06,DA03,VA06,0,0,soma_compartment_0_v0,1.0,0.11559288231044244,0.0001,1.1559288231044245e-05,True,Cook2019_SI5_gap_junction
DA04__VA03,DA04,VA03,0,0,soma_compartment_0_v0,1.0,0.11559288231044244,0.0001,1.1559288231044245e-05,True,Cook2019_SI5_gap_junction
DA05__AS06,DA05,AS06,0,0,soma_compartment_0_v0,5.0,0.2988032661227676,0.0001,2.988032661227676e-05,True,Cook2019_SI5_gap_junction
DA06__DB01,DA06,DB01,0,0,soma_compartment_0_v0,1.0,0.11559288231044244,0.0001,1.1559288231044245e-05,True,Cook2019_SI5_gap_junction
DA07__DA08,DA07,DA08,0,0,soma_compartment_0_v0,1.0,0.11559288231044244,0.0001,1.1559288231044245e-05,True,Cook2019_SI5_gap_junction
DA07__AS10,DA07,AS10,0,0,soma_compartment_0_v0,1.0,0.11559288231044244,0.0001,1.1559288231044245e-05,True,Cook2019_SI5_gap_junction
DA08__DA09,DA08,DA09,0,0,soma_compartment_0_v0,15.0,0.4623715292417698,0.0001,4.623715292417698e-05,True,Cook2019_SI5_gap_junction
DA08__PDA,DA08,PDA,0,0,soma_compartment_0_v0,1.0,0.11559288231044244,0.0001,1.1559288231044245e-05,True,Cook2019_SI5_gap_junction
DA08__AS11,DA08,AS11,0,0,soma_compartment_0_v0,1.0,0.11559288231044244,0.0001,1.1559288231044245e-05,True,Cook2019_SI5_gap_junction
DA08__DD06,DA08,DD06,0,0,soma_compartment_0_v0,2.0,0.18321038381232518,0.0001,1.8321038381232518e-05,True,Cook2019_SI5_gap_junction
DA08__VA10,DA08,VA10,0,0,soma_compartment_0_v0,2.0,0.18321038381232518,0.0001,1.8321038381232518e-05,True,Cook2019_SI5_gap_junction
DA08__VA12,DA08,VA12,0,0,soma_compartment_0_v0,6.0,0.32451024710904597,0.0001,3.24510247109046e-05,True,Cook2019_SI5_gap_junction
DA09__PDA,DA09,PDA,0,0,soma_compartment_0_v0,9.0,0.3839912433160672,0.0001,3.839912433160672e-05,True,Cook2019_SI5_gap_junction
DA09__VA11,DA09,VA11,0,0,soma_compartment_0_v0,3.0,0.2311857646208849,0.0001,2.311857646208849e-05,True,Cook2019_SI5_gap_junction
DA09__VA12,DA09,VA12,0,0,soma_compartment_0_v0,1.0,0.11559288231044244,0.0001,1.1559288231044245e-05,True,Cook2019_SI5_gap_junction
DA09__VB11,DA09,VB11,0,0,soma_compartment_0_v0,1.0,0.11559288231044244,0.0001,1.1559288231044245e-05,True,Cook2019_SI5_gap_junction
DA09__VD13,DA09,VD13,0,0,soma_compartment_0_v0,2.0,0.18321038381232518,0.0001,1.8321038381232518e-05,True,Cook2019_SI5_gap_junction
PDA__PDB,PDA,PDB,0,0,soma_compartment_0_v0,5.0,0.2988032661227676,0.0001,2.988032661227676e-05,True,Cook2019_SI5_gap_junction
PDA__DD06,PDA,DD06,0,0,soma_compartment_0_v0,1.0,0.11559288231044244,0.0001,1.1559288231044245e-05,True,Cook2019_SI5_gap_junction
DB01__DB02,DB01,DB02,0,0,soma_compartment_0_v0,5.0,0.2988032661227676,0.0001,2.988032661227676e-05,True,Cook2019_SI5_gap_junction
DB01__VB03,DB01,VB03,0,0,soma_compartment_0_v0,5.0,0.2988032661227676,0.0001,2.988032661227676e-05,True,Cook2019_SI5_gap_junction
DB02__DB03,DB02,DB03,0,0,soma_compartment_0_v0,14.0,0.4516087448179499,0.0001,4.516087448179499e-05,True,Cook2019_SI5_gap_junction
DB02__VB01,DB02,VB01,0,0,soma_compartment_0_v0,1.0,0.11559288231044244,0.0001,1.1559288231044245e-05,True,Cook2019_SI5_gap_junction
DB02__VB04,DB02,VB04,0,0,soma_compartment_0_v0,1.0,0.11559288231044244,0.0001,1.1559288231044245e-05,True,Cook2019_SI5_gap_junction
DB03__DB04,DB03,DB04,0,0,soma_compartment_0_v0,1.0,0.11559288231044244,0.0001,1.1559288231044245e-05,True,Cook2019_SI5_gap_junction
DB03__DD03,DB03,DD03,0,0,soma_compartment_0_v0,1.0,0.11559288231044244,0.0001,1.1559288231044245e-05,True,Cook2019_SI5_gap_junction
DB03__VB06,DB03,VB06,0,0,soma_compartment_0_v0,1.0,0.11559288231044244,0.0001,1.1559288231044245e-05,True,Cook2019_SI5_gap_junction
DB04__DB05,DB04,DB05,0,0,soma_compartment_0_v0,5.0,0.2988032661227676,0.0001,2.988032661227676e-05,True,Cook2019_SI5_gap_junction
DB04__DD03,DB04,DD03,0,0,soma_compartment_0_v0,1.0,0.11559288231044244,0.0001,1.1559288231044245e-05,True,Cook2019_SI5_gap_junction
DB04__VB07,DB04,VB07,0,0,soma_compartment_0_v0,1.0,0.11559288231044244,0.0001,1.1559288231044245e-05,True,Cook2019_SI5_gap_junction
DB05__DB06,DB05,DB06,0,0,soma_compartment_0_v0,5.0,0.2988032661227676,0.0001,2.988032661227676e-05,True,Cook2019_SI5_gap_junction
DB06__DB07,DB06,DB07,0,0,soma_compartment_0_v0,5.0,0.2988032661227676,0.0001,2.988032661227676e-05,True,Cook2019_SI5_gap_junction
DB07__AS10,DB07,AS10,0,0,soma_compartment_0_v0,1.0,0.11559288231044244,0.0001,1.1559288231044245e-05,True,Cook2019_SI5_gap_junction
DB07__PDB,DB07,PDB,0,0,soma_compartment_0_v0,2.0,0.18321038381232518,0.0001,1.8321038381232518e-05,True,Cook2019_SI5_gap_junction
DB07__VA10,DB07,VA10,0,0,soma_compartment_0_v0,1.0,0.11559288231044244,0.0001,1.1559288231044245e-05,True,Cook2019_SI5_gap_junction
AS01__VA03,AS01,VA03,0,0,soma_compartment_0_v0,3.0,0.2311857646208849,0.0001,2.311857646208849e-05,True,Cook2019_SI5_gap_junction
AS01__VA05,AS01,VA05,0,0,soma_compartment_0_v0,3.0,0.2311857646208849,0.0001,2.311857646208849e-05,True,Cook2019_SI5_gap_junction
AS02__VA03,AS02,VA03,0,0,soma_compartment_0_v0,2.0,0.18321038381232518,0.0001,1.8321038381232518e-05,True,Cook2019_SI5_gap_junction
AS02__VA04,AS02,VA04,0,0,soma_compartment_0_v0,9.0,0.3839912433160672,0.0001,3.839912433160672e-05,True,Cook2019_SI5_gap_junction
AS10__VA12,AS10,VA12,0,0,soma_compartment_0_v0,3.0,0.2311857646208849,0.0001,2.311857646208849e-05,True,Cook2019_SI5_gap_junction
AS11__PDB,AS11,PDB,0,0,soma_compartment_0_v0,4.0,0.2683983610056247,0.0001,2.683983610056247e-05,True,Cook2019_SI5_gap_junction
AS11__VB11,AS11,VB11,0,0,soma_compartment_0_v0,1.0,0.11559288231044244,0.0001,1.1559288231044245e-05,True,Cook2019_SI5_gap_junction
PDB__DD06,PDB,DD06,0,0,soma_compartment_0_v0,2.0,0.18321038381232518,0.0001,1.8321038381232518e-05,True,Cook2019_SI5_gap_junction
PDB__VD13,PDB,VD13,0,0,soma_compartment_0_v0,4.0,0.2683983610056247,0.0001,2.683983610056247e-05,True,Cook2019_SI5_gap_junction
DD01__DD02,DD01,DD02,0,0,soma_compartment_0_v0,6.0,0.32451024710904597,0.0001,3.24510247109046e-05,True,Cook2019_SI5_gap_junction
DD01__VD01,DD01,VD01,0,0,soma_compartment_0_v0,1.0,0.11559288231044244,0.0001,1.1559288231044245e-05,True,Cook2019_SI5_gap_junction
DD01__VD02,DD01,VD02,0,0,soma_compartment_0_v0,3.0,0.2311857646208849,0.0001,2.311857646208849e-05,True,Cook2019_SI5_gap_junction
DD01__VD03,DD01,VD03,0,0,soma_compartment_0_v0,4.0,0.2683983610056247,0.0001,2.683983610056247e-05,True,Cook2019_SI5_gap_junction
DD01__HSNR,DD01,HSNR,0,0,soma_compartment_0_v0,1.0,0.11559288231044244,0.0001,1.1559288231044245e-05,True,Cook2019_SI5_gap_junction
DD01__VC01,DD01,VC01,0,0,soma_compartment_0_v0,1.0,0.11559288231044244,0.0001,1.1559288231044245e-05,True,Cook2019_SI5_gap_junction
DD02__DD03,DD02,DD03,0,0,soma_compartment_0_v0,2.0,0.18321038381232518,0.0001,1.8321038381232518e-05,True,Cook2019_SI5_gap_junction
DD02__VD03,DD02,VD03,0,0,soma_compartment_0_v0,1.0,0.11559288231044244,0.0001,1.1559288231044245e-05,True,Cook2019_SI5_gap_junction
DD02__VD04,DD02,VD04,0,0,soma_compartment_0_v0,2.0,0.18321038381232518,0.0001,1.8321038381232518e-05,True,Cook2019_SI5_gap_junction
DD02__VD05,DD02,VD05,0,0,soma_compartment_0_v0,1.0,0.11559288231044244,0.0001,1.1559288231044245e-05,True,Cook2019_SI5_gap_junction
DD03__DD04,DD03,DD04,0,0,soma_compartment_0_v0,3.0,0.2311857646208849,0.0001,2.311857646208849e-05,True,Cook2019_SI5_gap_junction
DD03__VD05,DD03,VD05,0,0,soma_compartment_0_v0,1.0,0.11559288231044244,0.0001,1.1559288231044245e-05,True,Cook2019_SI5_gap_junction
DD03__VD06,DD03,VD06,0,0,soma_compartment_0_v0,2.0,0.18321038381232518,0.0001,1.8321038381232518e-05,True,Cook2019_SI5_gap_junction
DD03__VD07,DD03,VD07,0,0,soma_compartment_0_v0,1.0,0.11559288231044244,0.0001,1.1559288231044245e-05,True,Cook2019_SI5_gap_junction
DD04__DD05,DD04,DD05,0,0,soma_compartment_0_v0,3.0,0.2311857646208849,0.0001,2.311857646208849e-05,True,Cook2019_SI5_gap_junction
DD04__VD07,DD04,VD07,0,0,soma_compartment_0_v0,1.0,0.11559288231044244,0.0001,1.1559288231044245e-05,True,Cook2019_SI5_gap_junction
DD04__VD08,DD04,VD08,0,0,soma_compartment_0_v0,2.0,0.18321038381232518,0.0001,1.8321038381232518e-05,True,Cook2019_SI5_gap_junction
DD04__VD09,DD04,VD09,0,0,soma_compartment_0_v0,1.0,0.11559288231044244,0.0001,1.1559288231044245e-05,True,Cook2019_SI5_gap_junction
DD04__VC02,DD04,VC02,0,0,soma_compartment_0_v0,2.0,0.18321038381232518,0.0001,1.8321038381232518e-05,True,Cook2019_SI5_gap_junction
DD04__VC03,DD04,VC03,0,0,soma_compartment_0_v0,2.0,0.18321038381232518,0.0001,1.8321038381232518e-05,True,Cook2019_SI5_gap_junction
DD05__DD06,DD05,DD06,0,0,soma_compartment_0_v0,3.0,0.2311857646208849,0.0001,2.311857646208849e-05,True,Cook2019_SI5_gap_junction
DD05__VD09,DD05,VD09,0,0,soma_compartment_0_v0,1.0,0.11559288231044244,0.0001,1.1559288231044245e-05,True,Cook2019_SI5_gap_junction
DD05__VD10,DD05,VD10,0,0,soma_compartment_0_v0,2.0,0.18321038381232518,0.0001,1.8321038381232518e-05,True,Cook2019_SI5_gap_junction
DD05__VD11,DD05,VD11,0,0,soma_compartment_0_v0,1.0,0.11559288231044244,0.0001,1.1559288231044245e-05,True,Cook2019_SI5_gap_junction
DD06__VA12,DD06,VA12,0,0,soma_compartment_0_v0,7.0,0.3467786469313273,0.0001,3.4677864693132736e-05,True,Cook2019_SI5_gap_junction
DD06__VD11,DD06,VD11,0,0,soma_compartment_0_v0,3.0,0.2311857646208849,0.0001,2.311857646208849e-05,True,Cook2019_SI5_gap_junction
DD06__VD12,DD06,VD12,0,0,soma_compartment_0_v0,14.0,0.4516087448179499,0.0001,4.516087448179499e-05,True,Cook2019_SI5_gap_junction
DD06__VD13,DD06,VD13,0,0,soma_compartment_0_v0,2.0,0.18321038381232518,0.0001,1.8321038381232518e-05,True,Cook2019_SI5_gap_junction
VA02__VA06,VA02,VA06,0,0,soma_compartment_0_v0,1.0,0.11559288231044244,0.0001,1.1559288231044245e-05,True,Cook2019_SI5_gap_junction
VA02__VD02,VA02,VD02,0,0,soma_compartment_0_v0,1.0,0.11559288231044244,0.0001,1.1559288231044245e-05,True,Cook2019_SI5_gap_junction
VA03__VD03,VA03,VD03,0,0,soma_compartment_0_v0,1.0,0.11559288231044244,0.0001,1.1559288231044245e-05,True,Cook2019_SI5_gap_junction
VA04__VA07,VA04,VA07,0,0,soma_compartment_0_v0,1.0,0.11559288231044244,0.0001,1.1559288231044245e-05,True,Cook2019_SI5_gap_junction
VA04__VB03,VA04,VB03,0,0,soma_compartment_0_v0,1.0,0.11559288231044244,0.0001,1.1559288231044245e-05,True,Cook2019_SI5_gap_junction
VA09__VB08,VA09,VB08,0,0,soma_compartment_0_v0,3.0,0.2311857646208849,0.0001,2.311857646208849e-05,True,Cook2019_SI5_gap_junction
VA11__VA12,VA11,VA12,0,0,soma_compartment_0_v0,1.0,0.11559288231044244,0.0001,1.1559288231044245e-05,True,Cook2019_SI5_gap_junction
VA11__VB10,VA11,VB10,0,0,soma_compartment_0_v0,3.0,0.2311857646208849,0.0001,2.311857646208849e-05,True,Cook2019_SI5_gap_junction
VA12__VB11,VA12,VB11,0,0,soma_compartment_0_v0,7.0,0.3467786469313273,0.0001,3.4677864693132736e-05,True,Cook2019_SI5_gap_junction
VA12__VD12,VA12,VD12,0,0,soma_compartment_0_v0,8.0,0.36642076762465037,0.0001,3.6642076762465036e-05,True,Cook2019_SI5_gap_junction
VA12__VD13,VA12,VD13,0,0,soma_compartment_0_v0,6.0,0.32451024710904597,0.0001,3.24510247109046e-05,True,Cook2019_SI5_gap_junction
VB01__VB02,VB01,VB02,0,0,soma_compartment_0_v0,2.0,0.18321038381232518,0.0001,1.8321038381232518e-05,True,Cook2019_SI5_gap_junction
VB02__VB03,VB02,VB03,0,0,soma_compartment_0_v0,10.0,0.3998856719541645,0.0001,3.998856719541645e-05,True,Cook2019_SI5_gap_junction
VB02__VB04,VB02,VB04,0,0,soma_compartment_0_v0,1.0,0.11559288231044244,0.0001,1.1559288231044245e-05,True,Cook2019_SI5_gap_junction
VB02__VB07,VB02,VB07,0,0,soma_compartment_0_v0,1.0,0.11559288231044244,0.0001,1.1559288231044245e-05,True,Cook2019_SI5_gap_junction
VB03__VB04,VB03,VB04,0,0,soma_compartment_0_v0,1.0,0.11559288231044244,0.0001,1.1559288231044245e-05,True,Cook2019_SI5_gap_junction
VB04__VB05,VB04,VB05,0,0,soma_compartment_0_v0,1.0,0.11559288231044244,0.0001,1.1559288231044245e-05,True,Cook2019_SI5_gap_junction
VB05__VB06,VB05,VB06,0,0,soma_compartment_0_v0,5.0,0.2988032661227676,0.0001,2.988032661227676e-05,True,Cook2019_SI5_gap_junction
VB06__VB07,VB06,VB07,0,0,soma_compartment_0_v0,5.0,0.2988032661227676,0.0001,2.988032661227676e-05,True,Cook2019_SI5_gap_junction
VB07__VB08,VB07,VB08,0,0,soma_compartment_0_v0,5.0,0.2988032661227676,0.0001,2.988032661227676e-05,True,Cook2019_SI5_gap_junction
VB08__VB09,VB08,VB09,0,0,soma_compartment_0_v0,5.0,0.2988032661227676,0.0001,2.988032661227676e-05,True,Cook2019_SI5_gap_junction
VB09__VB10,VB09,VB10,0,0,soma_compartment_0_v0,5.0,0.2988032661227676,0.0001,2.988032661227676e-05,True,Cook2019_SI5_gap_junction
VB10__VD11,VB10,VD11,0,0,soma_compartment_0_v0,1.0,0.11559288231044244,0.0001,1.1559288231044245e-05,True,Cook2019_SI5_gap_junction
VB10__VD12,VB10,VD12,0,0,soma_compartment_0_v0,1.0,0.11559288231044244,0.0001,1.1559288231044245e-05,True,Cook2019_SI5_gap_junction
VB11__VD12,VB11,VD12,0,0,soma_compartment_0_v0,1.0,0.11559288231044244,0.0001,1.1559288231044245e-05,True,Cook2019_SI5_gap_junction
VD01__VD02,VD01,VD02,0,0,soma_compartment_0_v0,4.0,0.2683983610056247,0.0001,2.683983610056247e-05,True,Cook2019_SI5_gap_junction
VD01__VC01,VD01,VC01,0,0,soma_compartment_0_v0,1.0,0.11559288231044244,0.0001,1.1559288231044245e-05,True,Cook2019_SI5_gap_junction
VD01__VC02,VD01,VC02,0,0,soma_compartment_0_v0,1.0,0.11559288231044244,0.0001,1.1559288231044245e-05,True,Cook2019_SI5_gap_junction
VD02__VD03,VD02,VD03,0,0,soma_compartment_0_v0,7.0,0.3467786469313273,0.0001,3.4677864693132736e-05,True,Cook2019_SI5_gap_junction
VD03__VD04,VD03,VD04,0,0,soma_compartment_0_v0,6.0,0.32451024710904597,0.0001,3.24510247109046e-05,True,Cook2019_SI5_gap_junction
VD04__VD05,VD04,VD05,0,0,soma_compartment_0_v0,1.0,0.11559288231044244,0.0001,1.1559288231044245e-05,True,Cook2019_SI5_gap_junction
VD05__VD06,VD05,VD06,0,0,soma_compartment_0_v0,10.0,0.3998856719541645,0.0001,3.998856719541645e-05,True,Cook2019_SI5_gap_junction
VD06__VD07,VD06,VD07,0,0,soma_compartment_0_v0,15.0,0.4623715292417698,0.0001,4.623715292417698e-05,True,Cook2019_SI5_gap_junction
VD07__VD08,VD07,VD08,0,0,soma_compartment_0_v0,6.0,0.32451024710904597,0.0001,3.24510247109046e-05,True,Cook2019_SI5_gap_junction
VD08__VD09,VD08,VD09,0,0,soma_compartment_0_v0,6.0,0.32451024710904597,0.0001,3.24510247109046e-05,True,Cook2019_SI5_gap_junction
VD09__VD10,VD09,VD10,0,0,soma_compartment_0_v0,6.0,0.32451024710904597,0.0001,3.24510247109046e-05,True,Cook2019_SI5_gap_junction
VD10__VD11,VD10,VD11,0,0,soma_compartment_0_v0,6.0,0.32451024710904597,0.0001,3.24510247109046e-05,True,Cook2019_SI5_gap_junction
VD11__VD12,VD11,VD12,0,0,soma_compartment_0_v0,6.0,0.32451024710904597,0.0001,3.24510247109046e-05,True,Cook2019_SI5_gap_junction
VD12__VD13,VD12,VD13,0,0,soma_compartment_0_v0,6.0,0.32451024710904597,0.0001,3.24510247109046e-05,True,Cook2019_SI5_gap_junction
HSNL__HSNR,HSNL,HSNR,0,0,soma_compartment_0_v0,1.0,0.11559288231044244,0.0001,1.1559288231044245e-05,True,Cook2019_SI5_gap_junction
VC01__VC02,VC01,VC02,0,0,soma_compartment_0_v0,12.0,0.4277444928359701,0.0001,4.2774449283597014e-05,True,Cook2019_SI5_gap_junction
VC01__VC03,VC01,VC03,0,0,soma_compartment_0_v0,7.0,0.3467786469313273,0.0001,3.4677864693132736e-05,True,Cook2019_SI5_gap_junction
VC02__VC03,VC02,VC03,0,0,soma_compartment_0_v0,3.0,0.2311857646208849,0.0001,2.311857646208849e-05,True,Cook2019_SI5_gap_junction
VC03__VC04,VC03,VC04,0,0,soma_compartment_0_v0,4.0,0.2683983610056247,0.0001,2.683983610056247e-05,True,Cook2019_SI5_gap_junction
VC04__VC05,VC04,VC05,0,0,soma_compartment_0_v0,4.0,0.2683983610056247,0.0001,2.683983610056247e-05,True,Cook2019_SI5_gap_junction
VC05__VC06,VC05,VC06,0,0,soma_compartment_0_v0,4.0,0.2683983610056247,0.0001,2.683983610056247e-05,True,Cook2019_SI5_gap_junction
